# Blender 3.3.1
# www.blender.org
o Cylinder.011
v -0.000000 0.029688 0.070618
v -0.000001 2.029688 0.070618
v -0.027024 0.029688 0.065243
v -0.027025 2.029688 0.065243
v -0.049935 0.029688 0.049935
v -0.049935 2.029688 0.049935
v -0.065243 0.029688 0.027024
v -0.065243 2.029688 0.027024
v -0.070618 0.029688 -0.000000
v -0.070619 2.029688 -0.000000
v -0.065243 0.029688 -0.027024
v -0.065243 2.029688 -0.027024
v -0.049935 0.029688 -0.049935
v -0.049935 2.029688 -0.049935
v -0.027024 0.029688 -0.065243
v -0.027025 2.029688 -0.065243
v -0.000000 0.029688 -0.070618
v -0.000001 2.029688 -0.070618
v 0.027024 0.029688 -0.065243
v 0.027024 2.029688 -0.065243
v 0.049935 0.029688 -0.049935
v 0.049934 2.029688 -0.049935
v 0.065243 0.029688 -0.027024
v 0.065242 2.029688 -0.027024
v 0.070618 0.029688 -0.000000
v 0.070617 2.029688 -0.000000
v 0.065243 0.029688 0.027024
v 0.065242 2.029688 0.027024
v 0.049935 0.029688 0.049935
v 0.049934 2.029688 0.049935
v 0.027024 0.029688 0.065243
v 0.027024 2.029688 0.065243
v -0.077862 2.029688 0.187973
v -0.000001 2.029688 0.203461
v -0.143869 2.029688 0.143868
v -0.187974 2.029688 0.077861
v -0.203461 2.029688 0.000000
v -0.187974 2.029688 -0.077861
v -0.143869 2.029688 -0.143868
v -0.077862 2.029688 -0.187973
v -0.000001 2.029688 -0.203461
v 0.077860 2.029688 -0.187973
v 0.143868 2.029688 -0.143868
v 0.187973 2.029688 -0.077861
v 0.203460 2.029688 0.000000
v 0.187973 2.029688 0.077861
v 0.143868 2.029688 0.143868
v 0.077860 2.029688 0.187973
v -0.000001 2.674447 0.000000
v -0.000000 0.070618 0.029688
v -0.000000 0.070618 2.029688
v 0.027024 0.065243 0.029688
v 0.027024 0.065243 2.029688
v 0.049935 0.049935 0.029688
v 0.049935 0.049934 2.029688
v 0.065243 0.027024 0.029688
v 0.065243 0.027024 2.029688
v 0.070618 -0.000000 0.029688
v 0.070618 -0.000000 2.029688
v 0.065243 -0.027024 0.029688
v 0.065243 -0.027024 2.029688
v 0.049935 -0.049935 0.029688
v 0.049935 -0.049935 2.029688
v 0.027024 -0.065243 0.029688
v 0.027024 -0.065243 2.029688
v 0.000000 -0.070618 0.029688
v 0.000000 -0.070618 2.029688
v -0.027024 -0.065243 0.029688
v -0.027024 -0.065243 2.029688
v -0.049935 -0.049935 0.029688
v -0.049935 -0.049935 2.029688
v -0.065243 -0.027024 0.029688
v -0.065243 -0.027024 2.029688
v -0.070618 -0.000000 0.029688
v -0.070618 -0.000000 2.029688
v -0.065243 0.027024 0.029688
v -0.065243 0.027024 2.029688
v -0.049935 0.049935 0.029688
v -0.049935 0.049934 2.029688
v -0.027024 0.065243 0.029688
v -0.027024 0.065243 2.029688
v 0.077861 0.187973 2.029688
v 0.000000 0.203461 2.029688
v 0.143869 0.143868 2.029688
v 0.187973 0.077861 2.029688
v 0.203461 -0.000000 2.029688
v 0.187973 -0.077861 2.029688
v 0.143868 -0.143869 2.029688
v 0.077861 -0.187973 2.029688
v 0.000000 -0.203461 2.029688
v -0.077861 -0.187973 2.029688
v -0.143869 -0.143869 2.029688
v -0.187973 -0.077861 2.029688
v -0.203461 -0.000000 2.029688
v -0.187973 0.077861 2.029688
v -0.143869 0.143868 2.029688
v -0.077861 0.187973 2.029688
v -0.000000 -0.000000 2.674448
v 0.029688 -0.000000 0.070618
v 2.029688 0.000000 0.070618
v 0.029688 0.027024 0.065243
v 2.029688 0.027024 0.065243
v 0.029688 0.049935 0.049935
v 2.029688 0.049935 0.049934
v 0.029688 0.065243 0.027024
v 2.029688 0.065243 0.027024
v 0.029688 0.070618 0.000000
v 2.029688 0.070618 -0.000000
v 0.029688 0.065243 -0.027024
v 2.029688 0.065243 -0.027024
v 0.029688 0.049935 -0.049935
v 2.029688 0.049935 -0.049935
v 0.029688 0.027024 -0.065243
v 2.029688 0.027024 -0.065243
v 0.029688 0.000000 -0.070618
v 2.029688 0.000000 -0.070618
v 0.029688 -0.027024 -0.065243
v 2.029688 -0.027024 -0.065243
v 0.029688 -0.049935 -0.049935
v 2.029688 -0.049934 -0.049935
v 0.029688 -0.065243 -0.027024
v 2.029688 -0.065243 -0.027024
v 0.029688 -0.070618 -0.000000
v 2.029688 -0.070618 -0.000000
v 0.029688 -0.065243 0.027024
v 2.029688 -0.065243 0.027024
v 0.029688 -0.049935 0.049935
v 2.029688 -0.049934 0.049934
v 0.029688 -0.027024 0.065243
v 2.029688 -0.027024 0.065243
v 2.029688 0.077861 0.187973
v 2.029688 0.000000 0.203461
v 2.029688 0.143869 0.143868
v 2.029688 0.187973 0.077861
v 2.029688 0.203461 -0.000000
v 2.029688 0.187973 -0.077861
v 2.029688 0.143869 -0.143869
v 2.029688 0.077861 -0.187973
v 2.029688 0.000000 -0.203461
v 2.029688 -0.077861 -0.187973
v 2.029688 -0.143868 -0.143869
v 2.029688 -0.187973 -0.077861
v 2.029688 -0.203461 -0.000000
v 2.029688 -0.187973 0.077861
v 2.029688 -0.143868 0.143868
v 2.029688 -0.077861 0.187973
v 2.674448 0.000000 -0.000000
v -0.000000 0.088624 0.132635
v -0.000000 0.132635 0.088624
v 0.000000 0.156454 0.031121
v -0.000000 0.159519 0.000000
v 0.000000 0.156454 -0.031121
v -0.000000 0.132635 -0.088624
v 0.006071 0.030523 0.156454
v 0.011909 0.059872 0.147376
v 0.017290 0.086921 0.132635
v 0.022006 0.110630 0.112797
v 0.025876 0.130087 0.088624
v 0.028752 0.144545 0.061045
v 0.030523 0.153448 0.031121
v 0.031121 0.156454 0.000000
v 0.030523 0.153448 -0.031121
v 0.028752 0.144545 -0.061045
v 0.025876 0.130087 -0.088624
v 0.022006 0.110630 -0.112797
v 0.017290 0.086921 -0.132635
v 0.011909 0.059872 -0.147376
v 0.006071 0.030523 -0.156454
v 0.011909 0.028752 0.156454
v 0.023361 0.056399 0.147376
v 0.033915 0.081878 0.132635
v 0.043166 0.104211 0.112797
v 0.050757 0.122539 0.088624
v 0.056399 0.136158 0.061045
v 0.059872 0.144545 0.031121
v 0.061045 0.147376 0.000000
v 0.059872 0.144545 -0.031121
v 0.056399 0.136158 -0.061045
v 0.050757 0.122539 -0.088624
v 0.043166 0.104211 -0.112797
v 0.033915 0.081878 -0.132635
v 0.023361 0.056399 -0.147376
v 0.011909 0.028752 -0.156454
v 0.017290 0.025876 0.156454
v 0.033915 0.050757 0.147376
v 0.049237 0.073688 0.132635
v 0.062667 0.093787 0.112797
v 0.073688 0.110282 0.088624
v 0.081878 0.122539 0.061045
v 0.086921 0.130087 0.031121
v 0.088624 0.132635 0.000000
v 0.086921 0.130087 -0.031121
v 0.081878 0.122539 -0.061045
v 0.073688 0.110282 -0.088624
v 0.062667 0.093787 -0.112797
v 0.049237 0.073688 -0.132635
v 0.033915 0.050757 -0.147376
v 0.017290 0.025876 -0.156454
v 0.022006 0.022006 0.156454
v 0.043166 0.043166 0.147376
v 0.062667 0.062667 0.132635
v 0.079760 0.079760 0.112797
v 0.093787 0.093787 0.088624
v 0.104211 0.104211 0.061045
v 0.110630 0.110630 0.031121
v 0.112797 0.112797 0.000000
v 0.110630 0.110630 -0.031121
v 0.104211 0.104211 -0.061045
v 0.093787 0.093787 -0.088624
v 0.079760 0.079760 -0.112797
v 0.062667 0.062667 -0.132635
v 0.043166 0.043166 -0.147376
v 0.022006 0.022006 -0.156454
v 0.025876 0.017290 0.156454
v 0.050757 0.033915 0.147376
v 0.073688 0.049237 0.132635
v 0.093787 0.062667 0.112797
v 0.110282 0.073688 0.088624
v 0.122539 0.081878 0.061045
v 0.130087 0.086921 0.031121
v 0.132635 0.088624 0.000000
v 0.130087 0.086921 -0.031121
v 0.122539 0.081878 -0.061045
v 0.110282 0.073688 -0.088624
v 0.093787 0.062667 -0.112797
v 0.073688 0.049237 -0.132635
v 0.050757 0.033915 -0.147376
v 0.025876 0.017290 -0.156454
v 0.000000 -0.000000 0.159519
v 0.028752 0.011909 0.156454
v 0.056399 0.023361 0.147376
v 0.081878 0.033915 0.132635
v 0.104211 0.043166 0.112797
v 0.122539 0.050757 0.088624
v 0.136158 0.056399 0.061045
v 0.144545 0.059872 0.031121
v 0.147376 0.061045 0.000000
v 0.144545 0.059872 -0.031121
v 0.136158 0.056399 -0.061045
v 0.122539 0.050757 -0.088624
v 0.104211 0.043166 -0.112797
v 0.081878 0.033915 -0.132635
v 0.056399 0.023361 -0.147376
v 0.028752 0.011909 -0.156454
v 0.030523 0.006071 0.156454
v 0.059872 0.011909 0.147376
v 0.086921 0.017290 0.132635
v 0.110630 0.022006 0.112797
v 0.130087 0.025876 0.088624
v 0.144545 0.028752 0.061045
v 0.153448 0.030523 0.031121
v 0.156454 0.031121 0.000000
v 0.153448 0.030523 -0.031121
v 0.144545 0.028752 -0.061045
v 0.130087 0.025876 -0.088624
v 0.110630 0.022006 -0.112797
v 0.086921 0.017290 -0.132635
v 0.059872 0.011909 -0.147376
v 0.030523 0.006071 -0.156454
v 0.031121 -0.000000 0.156454
v 0.061045 -0.000000 0.147376
v 0.088624 -0.000000 0.132635
v 0.112797 -0.000000 0.112797
v 0.132635 -0.000000 0.088624
v 0.147376 0.000000 0.061045
v 0.156454 -0.000000 0.031121
v 0.159519 -0.000000 -0.000000
v 0.156454 -0.000000 -0.031121
v 0.147376 0.000000 -0.061045
v 0.132635 -0.000000 -0.088624
v 0.112797 0.000000 -0.112797
v 0.088624 -0.000000 -0.132635
v 0.061045 0.000000 -0.147376
v 0.031121 0.000000 -0.156454
v 0.030523 -0.006071 0.156454
v 0.059872 -0.011909 0.147376
v 0.086921 -0.017290 0.132635
v 0.110630 -0.022006 0.112797
v 0.130087 -0.025876 0.088624
v 0.144545 -0.028752 0.061045
v 0.153448 -0.030523 0.031121
v 0.156454 -0.031121 -0.000000
v 0.153448 -0.030523 -0.031121
v 0.144545 -0.028752 -0.061045
v 0.130087 -0.025876 -0.088624
v 0.110630 -0.022006 -0.112797
v 0.086921 -0.017290 -0.132635
v 0.059872 -0.011909 -0.147376
v 0.030523 -0.006071 -0.156454
v 0.028752 -0.011909 0.156454
v 0.056399 -0.023361 0.147376
v 0.081878 -0.033915 0.132635
v 0.104211 -0.043166 0.112797
v 0.122539 -0.050757 0.088624
v 0.136158 -0.056399 0.061045
v 0.144545 -0.059872 0.031121
v 0.147376 -0.061045 -0.000000
v 0.144545 -0.059872 -0.031121
v 0.136158 -0.056399 -0.061045
v 0.122539 -0.050757 -0.088624
v 0.104211 -0.043166 -0.112797
v 0.081878 -0.033915 -0.132635
v 0.056399 -0.023361 -0.147376
v 0.028752 -0.011909 -0.156454
v 0.025876 -0.017290 0.156454
v 0.050757 -0.033915 0.147376
v 0.073688 -0.049237 0.132635
v 0.093787 -0.062667 0.112797
v 0.110282 -0.073688 0.088624
v 0.122539 -0.081878 0.061045
v 0.130087 -0.086921 0.031121
v 0.132635 -0.088624 -0.000000
v 0.130087 -0.086921 -0.031121
v 0.122539 -0.081878 -0.061045
v 0.110282 -0.073688 -0.088624
v 0.093787 -0.062667 -0.112797
v 0.073688 -0.049237 -0.132635
v 0.050757 -0.033915 -0.147376
v 0.025876 -0.017290 -0.156454
v 0.022006 -0.022006 0.156454
v 0.043166 -0.043166 0.147376
v 0.062667 -0.062667 0.132635
v 0.079760 -0.079760 0.112797
v 0.093787 -0.093787 0.088624
v 0.104211 -0.104211 0.061045
v 0.110630 -0.110630 0.031121
v 0.112797 -0.112797 -0.000000
v 0.110630 -0.110630 -0.031121
v 0.104211 -0.104211 -0.061045
v 0.093787 -0.093787 -0.088624
v 0.079760 -0.079760 -0.112797
v 0.062667 -0.062667 -0.132635
v 0.043166 -0.043166 -0.147376
v 0.022006 -0.022006 -0.156454
v 0.017290 -0.025876 0.156454
v 0.033915 -0.050757 0.147376
v 0.049237 -0.073688 0.132635
v 0.062667 -0.093787 0.112797
v 0.073688 -0.110282 0.088624
v 0.081878 -0.122539 0.061045
v 0.086921 -0.130087 0.031121
v 0.088624 -0.132635 -0.000000
v 0.086921 -0.130087 -0.031121
v 0.081878 -0.122539 -0.061045
v 0.073688 -0.110282 -0.088624
v 0.062667 -0.093787 -0.112797
v 0.049237 -0.073688 -0.132635
v 0.033915 -0.050757 -0.147376
v 0.017290 -0.025876 -0.156454
v 0.011909 -0.028752 0.156454
v 0.023361 -0.056399 0.147376
v 0.033915 -0.081878 0.132635
v 0.043166 -0.104211 0.112797
v 0.050757 -0.122539 0.088624
v 0.056399 -0.136158 0.061045
v 0.059872 -0.144545 0.031121
v 0.061045 -0.147376 -0.000000
v 0.059872 -0.144545 -0.031121
v 0.056399 -0.136158 -0.061045
v 0.050757 -0.122539 -0.088624
v 0.043166 -0.104211 -0.112797
v 0.033915 -0.081878 -0.132635
v 0.023361 -0.056399 -0.147376
v 0.011909 -0.028752 -0.156454
v 0.006071 -0.030523 0.156454
v 0.011909 -0.059872 0.147376
v 0.017290 -0.086921 0.132635
v 0.022006 -0.110630 0.112797
v 0.025876 -0.130087 0.088624
v 0.028752 -0.144545 0.061045
v 0.030523 -0.153448 0.031121
v 0.031121 -0.156454 -0.000000
v 0.030523 -0.153448 -0.031121
v 0.028752 -0.144545 -0.061045
v 0.025876 -0.130087 -0.088624
v 0.022006 -0.110630 -0.112797
v 0.017290 -0.086921 -0.132635
v 0.011909 -0.059872 -0.147376
v 0.006071 -0.030523 -0.156454
v -0.000000 -0.031121 0.156454
v -0.000000 -0.061045 0.147376
v -0.000000 -0.088624 0.132635
v -0.000000 -0.112797 0.112797
v -0.000000 -0.132635 0.088624
v 0.000000 -0.147376 0.061045
v -0.000000 -0.156454 0.031121
v -0.000000 -0.159519 -0.000000
v -0.000000 -0.156454 -0.031121
v 0.000000 -0.147376 -0.061045
v -0.000000 -0.132635 -0.088624
v -0.000000 -0.112797 -0.112797
v -0.000000 -0.088624 -0.132635
v -0.000000 -0.061045 -0.147376
v -0.000000 -0.031121 -0.156454
v -0.006071 -0.030523 0.156454
v -0.011909 -0.059872 0.147376
v -0.017290 -0.086921 0.132635
v -0.022006 -0.110630 0.112797
v -0.025876 -0.130087 0.088624
v -0.028752 -0.144545 0.061045
v -0.030523 -0.153448 0.031121
v -0.031121 -0.156454 -0.000000
v -0.030523 -0.153448 -0.031121
v -0.028752 -0.144545 -0.061045
v -0.025876 -0.130087 -0.088624
v -0.022006 -0.110630 -0.112797
v -0.017290 -0.086921 -0.132635
v -0.011909 -0.059872 -0.147376
v -0.006071 -0.030523 -0.156454
v -0.011909 -0.028752 0.156454
v -0.023361 -0.056399 0.147376
v -0.033915 -0.081878 0.132635
v -0.043166 -0.104211 0.112797
v -0.050757 -0.122539 0.088624
v -0.056399 -0.136158 0.061045
v -0.059872 -0.144545 0.031121
v -0.061045 -0.147376 -0.000000
v -0.059872 -0.144545 -0.031121
v -0.056399 -0.136158 -0.061045
v -0.050757 -0.122539 -0.088624
v -0.043166 -0.104211 -0.112797
v -0.033915 -0.081878 -0.132635
v -0.023361 -0.056399 -0.147376
v -0.011909 -0.028752 -0.156454
v -0.017290 -0.025876 0.156454
v -0.033915 -0.050757 0.147376
v -0.049237 -0.073688 0.132635
v -0.062667 -0.093787 0.112797
v -0.073688 -0.110282 0.088624
v -0.081878 -0.122539 0.061045
v -0.086921 -0.130087 0.031121
v -0.088624 -0.132635 -0.000000
v -0.086921 -0.130087 -0.031121
v -0.081878 -0.122539 -0.061045
v -0.073688 -0.110282 -0.088624
v -0.062667 -0.093787 -0.112797
v -0.049237 -0.073688 -0.132635
v -0.033915 -0.050757 -0.147376
v -0.017290 -0.025876 -0.156454
v -0.022006 -0.022006 0.156454
v -0.043166 -0.043166 0.147376
v -0.062667 -0.062667 0.132635
v -0.079760 -0.079760 0.112797
v -0.093787 -0.093787 0.088624
v -0.104211 -0.104211 0.061045
v -0.110630 -0.110630 0.031121
v -0.112797 -0.112797 -0.000000
v -0.110630 -0.110630 -0.031121
v -0.104211 -0.104211 -0.061045
v -0.093787 -0.093787 -0.088624
v -0.079760 -0.079760 -0.112797
v -0.062667 -0.062667 -0.132635
v -0.043166 -0.043166 -0.147376
v -0.022006 -0.022006 -0.156454
v -0.000000 0.000000 -0.159519
v -0.025876 -0.017290 0.156454
v -0.050757 -0.033915 0.147376
v -0.073688 -0.049237 0.132635
v -0.093787 -0.062667 0.112797
v -0.110282 -0.073688 0.088624
v -0.122539 -0.081878 0.061045
v -0.130087 -0.086921 0.031121
v -0.132635 -0.088624 -0.000000
v -0.130087 -0.086921 -0.031121
v -0.122539 -0.081878 -0.061045
v -0.110282 -0.073688 -0.088624
v -0.093787 -0.062667 -0.112797
v -0.073688 -0.049237 -0.132635
v -0.050757 -0.033915 -0.147376
v -0.025876 -0.017290 -0.156454
v -0.028752 -0.011909 0.156454
v -0.056399 -0.023361 0.147376
v -0.081878 -0.033915 0.132635
v -0.104211 -0.043166 0.112797
v -0.122539 -0.050757 0.088624
v -0.136158 -0.056399 0.061045
v -0.144545 -0.059872 0.031121
v -0.147376 -0.061045 -0.000000
v -0.144545 -0.059872 -0.031121
v -0.136158 -0.056399 -0.061045
v -0.122539 -0.050757 -0.088624
v -0.104211 -0.043166 -0.112797
v -0.081878 -0.033915 -0.132635
v -0.056399 -0.023361 -0.147376
v -0.028752 -0.011909 -0.156454
v -0.030523 -0.006071 0.156454
v -0.059872 -0.011909 0.147376
v -0.086921 -0.017290 0.132635
v -0.110630 -0.022006 0.112797
v -0.130087 -0.025876 0.088624
v -0.144545 -0.028752 0.061045
v -0.153448 -0.030523 0.031121
v -0.156454 -0.031121 -0.000000
v -0.153448 -0.030523 -0.031121
v -0.144545 -0.028752 -0.061045
v -0.130087 -0.025876 -0.088624
v -0.110630 -0.022006 -0.112797
v -0.086921 -0.017290 -0.132635
v -0.059872 -0.011909 -0.147376
v -0.030523 -0.006071 -0.156454
v -0.031121 -0.000000 0.156454
v -0.061045 0.000000 0.147376
v -0.088624 0.000000 0.132635
v -0.112797 -0.000000 0.112797
v -0.132635 0.000000 0.088624
v -0.147376 -0.000000 0.061045
v -0.156454 0.000000 0.031121
v -0.159519 0.000000 0.000000
v -0.156454 0.000000 -0.031121
v -0.147376 0.000000 -0.061045
v -0.132635 0.000000 -0.088624
v -0.112797 0.000000 -0.112797
v -0.088624 0.000000 -0.132635
v -0.061045 0.000000 -0.147376
v -0.031121 0.000000 -0.156454
v -0.030523 0.006071 0.156454
v -0.059872 0.011909 0.147376
v -0.086921 0.017290 0.132635
v -0.110630 0.022006 0.112797
v -0.130087 0.025876 0.088624
v -0.144545 0.028752 0.061045
v -0.153448 0.030523 0.031121
v -0.156454 0.031121 0.000000
v -0.153448 0.030523 -0.031121
v -0.144545 0.028752 -0.061045
v -0.130087 0.025876 -0.088624
v -0.110630 0.022006 -0.112797
v -0.086921 0.017290 -0.132635
v -0.059872 0.011909 -0.147376
v -0.030523 0.006071 -0.156454
v -0.028752 0.011909 0.156454
v -0.056399 0.023361 0.147376
v -0.081878 0.033915 0.132635
v -0.104211 0.043166 0.112797
v -0.122539 0.050757 0.088624
v -0.136158 0.056399 0.061045
v -0.144545 0.059872 0.031121
v -0.147376 0.061045 0.000000
v -0.144545 0.059872 -0.031121
v -0.136158 0.056399 -0.061045
v -0.122539 0.050757 -0.088624
v -0.104211 0.043166 -0.112797
v -0.081878 0.033915 -0.132635
v -0.056399 0.023361 -0.147376
v -0.028752 0.011909 -0.156454
v -0.025876 0.017290 0.156454
v -0.050757 0.033915 0.147376
v -0.073688 0.049237 0.132635
v -0.093787 0.062667 0.112797
v -0.110282 0.073688 0.088624
v -0.122539 0.081878 0.061045
v -0.130087 0.086921 0.031121
v -0.132635 0.088624 0.000000
v -0.130087 0.086921 -0.031121
v -0.122539 0.081878 -0.061045
v -0.110282 0.073688 -0.088624
v -0.093787 0.062667 -0.112797
v -0.073688 0.049237 -0.132635
v -0.050757 0.033915 -0.147376
v -0.025876 0.017290 -0.156454
v -0.022006 0.022006 0.156454
v -0.043166 0.043166 0.147376
v -0.062667 0.062667 0.132635
v -0.079760 0.079760 0.112797
v -0.093787 0.093787 0.088624
v -0.104211 0.104211 0.061045
v -0.110630 0.110630 0.031121
v -0.112797 0.112797 0.000000
v -0.110630 0.110630 -0.031121
v -0.104211 0.104211 -0.061045
v -0.093787 0.093787 -0.088624
v -0.079760 0.079760 -0.112797
v -0.062667 0.062667 -0.132635
v -0.043166 0.043166 -0.147376
v -0.022006 0.022006 -0.156454
v -0.017290 0.025876 0.156454
v -0.033915 0.050757 0.147376
v -0.049237 0.073688 0.132635
v -0.062667 0.093787 0.112797
v -0.073688 0.110282 0.088624
v -0.081878 0.122539 0.061045
v -0.086921 0.130087 0.031121
v -0.088624 0.132635 0.000000
v -0.086921 0.130087 -0.031121
v -0.081878 0.122539 -0.061045
v -0.073688 0.110282 -0.088624
v -0.062667 0.093787 -0.112797
v -0.049237 0.073688 -0.132635
v -0.033915 0.050757 -0.147376
v -0.017290 0.025876 -0.156454
v -0.011909 0.028752 0.156454
v -0.023361 0.056398 0.147376
v -0.033915 0.081878 0.132635
v -0.043166 0.104211 0.112797
v -0.050757 0.122539 0.088624
v -0.056398 0.136158 0.061045
v -0.059872 0.144545 0.031121
v -0.061045 0.147376 0.000000
v -0.059872 0.144545 -0.031121
v -0.056398 0.136158 -0.061045
v -0.050757 0.122539 -0.088624
v -0.043166 0.104211 -0.112797
v -0.033915 0.081878 -0.132635
v -0.023361 0.056399 -0.147376
v -0.011909 0.028752 -0.156454
v -0.006071 0.030523 0.156454
v -0.011909 0.059872 0.147376
v -0.017290 0.086921 0.132635
v -0.022006 0.110630 0.112797
v -0.025876 0.130087 0.088624
v -0.028752 0.144545 0.061045
v -0.030523 0.153448 0.031121
v -0.031121 0.156454 0.000000
v -0.030523 0.153448 -0.031121
v -0.028752 0.144545 -0.061045
v -0.025876 0.130087 -0.088624
v -0.022006 0.110630 -0.112797
v -0.017290 0.086921 -0.132635
v -0.011909 0.059872 -0.147376
v -0.006071 0.030523 -0.156454
v 0.000000 0.031121 0.156454
v 0.000000 0.061045 0.147376
v 0.000000 0.112797 0.112797
v 0.000000 0.147376 0.061045
v 0.000000 0.147376 -0.061045
v 0.000000 0.112797 -0.112797
v 0.000000 0.088624 -0.132635
v 0.000000 0.061045 -0.147376
v 0.000000 0.031121 -0.156454
v 1.907317 -0.017854 0.515159
v 1.849060 -0.017854 0.515159
v 1.743902 -0.017854 0.386798
v 1.638251 -0.017854 0.515159
v 1.579501 -0.017854 0.515159
v 1.714281 -0.017854 0.352733
v 1.569133 -0.017853 0.178457
v 1.627883 -0.017853 0.178457
v 1.743902 -0.017854 0.317680
v 1.858441 -0.017853 0.178457
v 1.916697 -0.017853 0.178457
v 1.773031 -0.017854 0.352733
v 1.579501 0.017018 0.515159
v 1.714281 0.017018 0.352733
v 1.638251 0.017018 0.515159
v 1.743902 0.017018 0.386798
v 1.849060 0.017018 0.515159
v 1.907317 0.017018 0.515159
v 1.773031 0.017018 0.352733
v 1.569133 0.017018 0.178457
v 1.743902 0.017018 0.317680
v 1.916697 0.017018 0.178457
v 1.627883 0.017018 0.178457
v 1.858441 0.017018 0.178457
v -0.006844 1.786107 0.398365
v -0.006844 1.696373 0.513597
v -0.006844 1.638512 0.513597
v -0.006844 1.762571 0.356195
v -0.006844 1.762571 0.179179
v -0.006844 1.810625 0.179179
v -0.006844 1.810625 0.355705
v -0.006844 1.934683 0.513597
v -0.006844 1.876822 0.513597
v 0.018200 1.638512 0.513597
v 0.018200 1.762571 0.356195
v 0.018200 1.696373 0.513597
v 0.018200 1.786107 0.398365
v 0.018200 1.876822 0.513597
v 0.018200 1.934683 0.513597
v 0.018200 1.810625 0.355705
v 0.018200 1.762571 0.179179
v 0.018200 1.810625 0.179179
v 0.451271 0.016364 1.719987
v 0.160326 0.016364 1.932562
v 0.160326 0.016364 1.631332
v 0.203429 0.016364 1.631332
v 0.203429 0.016364 1.843908
v 0.494374 0.016364 1.631332
v 0.494374 0.016364 1.919338
v 0.451271 0.016364 1.919338
v 0.494374 -0.017161 1.919338
v 0.451271 -0.017161 1.919338
v 0.494374 -0.017161 1.631332
v 0.451271 -0.017161 1.719987
v 0.203429 -0.017161 1.843908
v 0.160326 -0.017161 1.932562
v 0.203429 -0.017161 1.631332
v 0.160326 -0.017161 1.631332
v -0.000000 0.029688 0.070618
v -0.027024 0.029688 0.065243
v -0.027025 2.029688 0.065243
v -0.000001 2.029688 0.070618
v -0.049935 0.029688 0.049935
v -0.049935 2.029688 0.049935
v -0.065243 0.029688 0.027024
v -0.065243 2.029688 0.027024
v -0.070618 0.029688 -0.000000
v -0.070619 2.029688 -0.000000
v -0.065243 0.029688 -0.027024
v -0.065243 2.029688 -0.027024
v -0.049935 0.029688 -0.049935
v -0.049935 2.029688 -0.049935
v -0.027024 0.029688 -0.065243
v -0.027025 2.029688 -0.065243
v -0.000000 0.029688 -0.070618
v -0.000001 2.029688 -0.070618
v 0.027024 0.029688 -0.065243
v 0.027024 2.029688 -0.065243
v 0.049935 0.029688 -0.049935
v 0.049934 2.029688 -0.049935
v 0.065243 0.029688 -0.027024
v 0.065242 2.029688 -0.027024
v 0.070618 0.029688 -0.000000
v 0.070617 2.029688 -0.000000
v 0.065243 0.029688 0.027024
v 0.065242 2.029688 0.027024
v 0.049935 0.029688 0.049935
v 0.049934 2.029688 0.049935
v 0.027024 0.029688 0.065243
v 0.027024 2.029688 0.065243
v -0.077862 2.029688 0.187973
v -0.000001 2.029688 0.203461
v -0.143869 2.029688 0.143868
v -0.187974 2.029688 0.077861
v -0.203461 2.029688 0.000000
v -0.187974 2.029688 -0.077861
v -0.143869 2.029688 -0.143868
v -0.077862 2.029688 -0.187973
v -0.000001 2.029688 -0.203461
v 0.077860 2.029688 -0.187973
v 0.143868 2.029688 -0.143868
v 0.187973 2.029688 -0.077861
v 0.203460 2.029688 0.000000
v 0.187973 2.029688 0.077861
v 0.143868 2.029688 0.143868
v 0.077860 2.029688 0.187973
v -0.000000 0.070618 0.029688
v 0.027024 0.065243 0.029688
v 0.027024 0.065243 2.029688
v -0.000000 0.070618 2.029688
v 0.049935 0.049935 0.029688
v 0.049935 0.049934 2.029688
v 0.065243 0.027024 0.029688
v 0.065243 0.027024 2.029688
v 0.070618 -0.000000 0.029688
v 0.070618 -0.000000 0.029688
v 0.070618 -0.000000 2.029688
v 0.070618 -0.000000 2.029688
v 0.065243 -0.027024 0.029688
v 0.065243 -0.027024 2.029688
v 0.049935 -0.049935 0.029688
v 0.049935 -0.049935 2.029688
v 0.027024 -0.065243 0.029688
v 0.027024 -0.065243 2.029688
v 0.000000 -0.070618 0.029688
v 0.000000 -0.070618 2.029688
v -0.027024 -0.065243 0.029688
v -0.027024 -0.065243 2.029688
v -0.049935 -0.049935 0.029688
v -0.049935 -0.049935 2.029688
v -0.065243 -0.027024 0.029688
v -0.065243 -0.027024 2.029688
v -0.070618 -0.000000 0.029688
v -0.070618 -0.000000 0.029688
v -0.070618 -0.000000 2.029688
v -0.070618 -0.000000 2.029688
v -0.065243 0.027024 0.029688
v -0.065243 0.027024 2.029688
v -0.049935 0.049935 0.029688
v -0.049935 0.049934 2.029688
v -0.027024 0.065243 0.029688
v -0.027024 0.065243 2.029688
v 0.077861 0.187973 2.029688
v 0.000000 0.203461 2.029688
v 0.143869 0.143868 2.029688
v 0.187973 0.077861 2.029688
v 0.203461 -0.000000 2.029688
v 0.203461 -0.000000 2.029688
v 0.187973 -0.077861 2.029688
v 0.143868 -0.143869 2.029688
v 0.077861 -0.187973 2.029688
v 0.000000 -0.203461 2.029688
v -0.077861 -0.187973 2.029688
v -0.143869 -0.143869 2.029688
v -0.187973 -0.077861 2.029688
v -0.203461 -0.000000 2.029688
v -0.203461 -0.000000 2.029688
v -0.187973 0.077861 2.029688
v -0.143869 0.143868 2.029688
v -0.077861 0.187973 2.029688
v -0.000000 -0.000000 2.674448
v 0.029688 -0.000000 0.070618
v 0.029688 -0.000000 0.070618
v 0.029688 0.027024 0.065243
v 2.029688 0.027024 0.065243
v 2.029688 0.000000 0.070618
v 2.029688 0.000000 0.070618
v 0.029688 0.049935 0.049935
v 2.029688 0.049935 0.049934
v 0.029688 0.065243 0.027024
v 2.029688 0.065243 0.027024
v 0.029688 0.070618 0.000000
v 2.029688 0.070618 -0.000000
v 0.029688 0.065243 -0.027024
v 2.029688 0.065243 -0.027024
v 0.029688 0.049935 -0.049935
v 2.029688 0.049935 -0.049935
v 0.029688 0.027024 -0.065243
v 2.029688 0.027024 -0.065243
v 0.029688 0.000000 -0.070618
v 0.029688 0.000000 -0.070618
v 2.029688 0.000000 -0.070618
v 2.029688 0.000000 -0.070618
v 0.029688 -0.027024 -0.065243
v 2.029688 -0.027024 -0.065243
v 0.029688 -0.049935 -0.049935
v 2.029688 -0.049934 -0.049935
v 0.029688 -0.065243 -0.027024
v 2.029688 -0.065243 -0.027024
v 0.029688 -0.070618 0.000000
v 2.029688 -0.070618 -0.000000
v 0.029688 -0.065243 0.027024
v 2.029688 -0.065243 0.027024
v 0.029688 -0.049935 0.049935
v 2.029688 -0.049934 0.049934
v 0.029688 -0.027024 0.065243
v 2.029688 -0.027024 0.065243
v 2.029688 0.077861 0.187973
v 2.029688 0.000000 0.203461
v 2.029688 0.000000 0.203461
v 2.029688 0.143869 0.143868
v 2.029688 0.187973 0.077861
v 2.029688 0.203461 -0.000000
v 2.029688 0.187973 -0.077861
v 2.029688 0.143869 -0.143869
v 2.029688 0.077861 -0.187973
v 2.029688 0.000000 -0.203461
v 2.029688 0.000000 -0.203461
v 2.029688 -0.077861 -0.187973
v 2.029688 -0.143868 -0.143869
v 2.029688 -0.187973 -0.077861
v 2.029688 -0.203461 -0.000000
v 2.029688 -0.187973 0.077861
v 2.029688 -0.143868 0.143868
v 2.029688 -0.077861 0.187973
v 2.674448 0.000000 -0.000000
v 0.025876 0.017290 -0.156454
v 0.025876 0.017290 0.156454
v 0.061045 -0.000000 0.147376
v 0.088624 -0.000000 0.132635
v 0.112797 -0.000000 0.112797
v 0.132635 -0.000000 0.088624
v 0.147376 0.000000 0.061045
v 0.156454 -0.000000 0.031121
v 0.159519 -0.000000 -0.000000
v 0.156454 -0.000000 -0.031121
v 0.147376 0.000000 -0.061045
v 0.132635 -0.000000 -0.088624
v 0.112797 0.000000 -0.112797
v 0.088624 -0.000000 -0.132635
v 0.061045 0.000000 -0.147376
v 0.025876 -0.017290 -0.156454
v 0.025876 -0.017290 0.156454
v -0.025876 -0.017290 -0.156454
v -0.025876 -0.017290 0.156454
v -0.061045 0.000000 0.147376
v -0.088624 0.000000 0.132635
v -0.112797 -0.000000 0.112797
v -0.132635 0.000000 0.088624
v -0.147376 -0.000000 0.061045
v -0.156454 0.000000 0.031121
v -0.159519 0.000000 0.000000
v -0.156454 0.000000 -0.031121
v -0.147376 0.000000 -0.061045
v -0.132635 0.000000 -0.088624
v -0.112797 0.000000 -0.112797
v -0.088624 0.000000 -0.132635
v -0.061045 0.000000 -0.147376
v -0.025876 0.017290 -0.156454
v -0.025876 0.017290 0.156454
v 1.579501 -0.017854 0.515159
v 1.579501 -0.017854 0.515159
v 1.714281 -0.017854 0.352733
v 1.714281 -0.017854 0.352733
v 1.638251 -0.017854 0.515159
v 1.638251 -0.017854 0.515159
v 1.743902 -0.017854 0.386798
v 1.743902 -0.017854 0.386798
v 1.849060 -0.017854 0.515159
v 1.849060 -0.017854 0.515159
v 1.907317 -0.017854 0.515159
v 1.907317 -0.017854 0.515159
v 1.773031 -0.017854 0.352733
v 1.773031 -0.017854 0.352733
v 1.569133 -0.017853 0.178457
v 1.569133 -0.017853 0.178457
v 1.916697 -0.017853 0.178457
v 1.916697 -0.017853 0.178457
v 1.627883 -0.017853 0.178457
v 1.627883 -0.017853 0.178457
v 1.743902 -0.017854 0.317680
v 1.743902 -0.017854 0.317680
v 1.858441 -0.017853 0.178457
v 1.858441 -0.017853 0.178457
v 1.579501 0.017018 0.515159
v 1.579501 0.017018 0.515159
v 1.714281 0.017018 0.352733
v 1.714281 0.017018 0.352733
v 1.638251 0.017018 0.515159
v 1.638251 0.017018 0.515159
v 1.743902 0.017018 0.386798
v 1.743902 0.017018 0.386798
v 1.849060 0.017018 0.515159
v 1.849060 0.017018 0.515159
v 1.907317 0.017018 0.515159
v 1.907317 0.017018 0.515159
v 1.773031 0.017018 0.352733
v 1.773031 0.017018 0.352733
v 1.569133 0.017018 0.178457
v 1.569133 0.017018 0.178457
v 1.916697 0.017018 0.178457
v 1.916697 0.017018 0.178457
v 1.627883 0.017018 0.178457
v 1.627883 0.017018 0.178457
v 1.743902 0.017018 0.317680
v 1.743902 0.017018 0.317680
v 1.858441 0.017018 0.178457
v 1.858441 0.017018 0.178457
v -0.006844 1.638512 0.513597
v -0.006844 1.638512 0.513597
v -0.006844 1.762571 0.356195
v -0.006844 1.696373 0.513597
v -0.006844 1.696373 0.513597
v -0.006844 1.786107 0.398365
v -0.006844 1.786107 0.398365
v -0.006844 1.876822 0.513597
v -0.006844 1.876822 0.513597
v -0.006844 1.934683 0.513597
v -0.006844 1.934683 0.513597
v -0.006844 1.810625 0.355705
v -0.006844 1.762571 0.179179
v -0.006844 1.762571 0.179179
v -0.006844 1.810625 0.179179
v -0.006844 1.810625 0.179179
v 0.018200 1.638512 0.513597
v 0.018200 1.638512 0.513597
v 0.018200 1.762571 0.356195
v 0.018200 1.696373 0.513597
v 0.018200 1.696373 0.513597
v 0.018200 1.786107 0.398365
v 0.018200 1.786107 0.398365
v 0.018200 1.876822 0.513597
v 0.018200 1.876822 0.513597
v 0.018200 1.934683 0.513597
v 0.018200 1.934683 0.513597
v 0.018200 1.810625 0.355705
v 0.018200 1.762571 0.179179
v 0.018200 1.762571 0.179179
v 0.018200 1.810625 0.179179
v 0.018200 1.810625 0.179179
v 0.494374 0.016364 1.919338
v 0.494374 0.016364 1.919338
v 0.451271 0.016364 1.919338
v 0.451271 0.016364 1.919338
v 0.494374 0.016364 1.631332
v 0.494374 0.016364 1.631332
v 0.451271 0.016364 1.719987
v 0.451271 0.016364 1.719987
v 0.203429 0.016364 1.843908
v 0.203429 0.016364 1.843908
v 0.160326 0.016364 1.932562
v 0.160326 0.016364 1.932562
v 0.203429 0.016364 1.631332
v 0.203429 0.016364 1.631332
v 0.160326 0.016364 1.631332
v 0.160326 0.016364 1.631332
v 0.494374 -0.017161 1.919338
v 0.494374 -0.017161 1.919338
v 0.451271 -0.017161 1.919338
v 0.451271 -0.017161 1.919338
v 0.494374 -0.017161 1.631332
v 0.494374 -0.017161 1.631332
v 0.451271 -0.017161 1.719987
v 0.451271 -0.017161 1.719987
v 0.203429 -0.017161 1.843908
v 0.203429 -0.017161 1.843908
v 0.160326 -0.017161 1.932562
v 0.160326 -0.017161 1.932562
v 0.203429 -0.017161 1.631332
v 0.203429 -0.017161 1.631332
v 0.160326 -0.017161 1.631332
v 0.160326 -0.017161 1.631332
vn -0.0000 -0.0000 1.0000
vn -0.3827 -0.0000 0.9239
vn -0.7071 -0.0000 0.7071
vn -0.9239 -0.0000 0.3827
vn -1.0000 -0.0000 -0.0000
vn -0.9239 -0.0000 -0.3827
vn -0.7071 -0.0000 -0.7071
vn -0.3827 -0.0000 -0.9239
vn -0.0000 -0.0000 -1.0000
vn 0.3827 -0.0000 -0.9239
vn 0.7071 -0.0000 -0.7071
vn 0.9239 -0.0000 -0.3827
vn 1.0000 -0.0000 -0.0000
vn 0.9239 -0.0000 0.3827
vn 0.7071 -0.0000 0.7071
vn -0.0000 -1.0000 -0.0000
vn 0.3827 -0.0000 0.9239
vn 0.6743 0.3009 -0.6743
vn 0.3649 0.3009 -0.8811
vn -0.0000 1.0000 -0.0000
vn -0.8811 0.3009 0.3649
vn -0.6743 0.3009 0.6743
vn 0.8811 0.3009 -0.3649
vn -0.9536 0.3009 -0.0000
vn 0.9536 0.3009 -0.0000
vn -0.8811 0.3009 -0.3649
vn 0.8811 0.3009 0.3649
vn -0.6743 0.3009 -0.6743
vn 0.6743 0.3009 0.6743
vn -0.3649 0.3009 -0.8811
vn 0.3649 0.3009 0.8811
vn -0.0000 0.3009 -0.9536
vn -0.3649 0.3009 0.8811
vn -0.0000 0.3009 0.9536
vn 0.3827 0.9239 -0.0000
vn 0.7071 0.7071 -0.0000
vn 0.9239 0.3827 -0.0000
vn 0.9808 0.1951 -0.0000
vn 0.9808 -0.1951 -0.0000
vn 0.9239 -0.3827 -0.0000
vn 0.7071 -0.7071 -0.0000
vn 0.3827 -0.9239 -0.0000
vn -0.3827 -0.9239 -0.0000
vn -0.7071 -0.7071 -0.0000
vn -0.9239 -0.3827 -0.0000
vn -0.9808 -0.1951 -0.0000
vn -0.9808 0.1951 -0.0000
vn -0.9239 0.3827 -0.0000
vn -0.7071 0.7071 -0.0000
vn -0.3827 0.9239 -0.0000
vn -0.6743 -0.6743 0.3009
vn -0.3649 -0.8811 0.3009
vn -0.0000 -0.9005 0.4350
vn 0.8811 0.3649 0.3009
vn 0.6743 0.6743 0.3009
vn -0.0000 0.9005 0.4350
vn -0.8811 -0.3649 0.3009
vn 0.9369 0.1864 0.2957
vn -0.9369 -0.1864 0.2957
vn 0.8811 -0.3649 0.3009
vn 0.9369 -0.1864 0.2957
vn -0.8811 0.3649 0.3009
vn -0.9369 0.1864 0.2957
vn 0.6743 -0.6743 0.3009
vn -0.6743 0.6743 0.3009
vn 0.3649 -0.8811 0.3009
vn -0.3649 0.8811 0.3009
vn -0.0000 -0.9536 0.3009
vn 0.3649 0.8811 0.3009
vn -0.0000 0.9536 0.3009
vn -0.0000 0.1951 0.9808
vn -0.0000 0.3827 0.9239
vn -0.0000 0.7071 0.7071
vn -0.0000 0.9239 0.3827
vn -0.0000 0.9239 -0.3827
vn -0.0000 0.7071 -0.7071
vn -0.0000 0.3827 -0.9239
vn -0.0000 0.1951 -0.9808
vn -0.0000 -0.1951 -0.9808
vn -0.0000 -0.3827 -0.9239
vn -0.0000 -0.7071 -0.7071
vn -0.0000 -0.9239 -0.3827
vn -0.0000 -0.9239 0.3827
vn -0.0000 -0.7071 0.7071
vn -0.0000 -0.3827 0.9239
vn -0.0000 -0.1951 0.9808
vn 0.3009 -0.6743 -0.6743
vn 0.3009 -0.3649 -0.8811
vn 0.4350 -0.9005 -0.0000
vn 0.3009 0.8811 0.3649
vn 0.3009 0.6743 0.6743
vn 0.4350 0.9005 -0.0000
vn 0.3009 -0.8811 -0.3649
vn 0.3009 0.9536 -0.0000
vn 0.3009 -0.9536 -0.0000
vn 0.3009 0.8811 -0.3649
vn 0.3009 -0.8811 0.3649
vn 0.3009 0.6743 -0.6743
vn 0.3009 -0.6743 0.6743
vn 0.3009 0.3649 -0.8811
vn 0.3009 -0.3649 0.8811
vn 0.2957 0.1864 -0.9369
vn 0.3009 0.3649 0.8811
vn 0.2957 0.1864 0.9369
vn 0.2957 -0.1864 0.9369
vn 0.2957 -0.1864 -0.9369
vn -0.0000 0.9810 -0.1939
vn 0.1951 0.9808 -0.0000
vn 0.1914 0.9622 -0.1939
vn -0.0000 0.3879 0.9217
vn -0.0000 0.2010 0.9796
vn 0.0392 0.1971 0.9796
vn 0.0757 0.3804 0.9217
vn -0.0000 0.9248 -0.3805
vn 0.1804 0.9070 -0.3805
vn -0.0000 0.5598 0.8286
vn 0.1092 0.5490 0.8286
vn -0.0000 0.8333 -0.5528
vn 0.1626 0.8173 -0.5528
vn -0.0000 0.7101 0.7041
vn 0.1385 0.6965 0.7041
vn -0.0000 0.7101 -0.7041
vn 0.1385 0.6965 -0.7041
vn -0.0000 0.8333 0.5528
vn 0.1626 0.8173 0.5528
vn -0.0000 0.5598 -0.8286
vn 0.1092 0.5490 -0.8286
vn -0.0000 0.9248 0.3805
vn 0.1804 0.9070 0.3805
vn -0.0000 0.3879 -0.9217
vn 0.0757 0.3804 -0.9217
vn -0.0000 0.9810 0.1939
vn 0.1914 0.9622 0.1939
vn -0.0000 0.2010 -0.9796
vn 0.0392 0.1971 -0.9796
vn 0.1484 0.3584 -0.9217
vn 0.0769 0.1857 -0.9796
vn 0.3754 0.9063 0.1939
vn 0.0769 0.1857 0.9796
vn 0.3754 0.9063 -0.1939
vn 0.1484 0.3584 0.9217
vn 0.3539 0.8544 -0.3805
vn 0.2142 0.5172 0.8286
vn 0.3189 0.7699 -0.5528
vn 0.2718 0.6561 0.7041
vn 0.2718 0.6561 -0.7041
vn 0.3189 0.7699 0.5528
vn 0.2142 0.5172 -0.8286
vn 0.3539 0.8544 0.3805
vn 0.4630 0.6929 -0.5528
vn 0.3945 0.5905 -0.7041
vn 0.3945 0.5905 0.7041
vn 0.4630 0.6929 0.5528
vn 0.3110 0.4654 -0.8286
vn 0.5138 0.7689 0.3805
vn 0.2155 0.3225 -0.9217
vn 0.5450 0.8157 0.1939
vn 0.1117 0.1671 -0.9796
vn 0.5556 0.8315 -0.0000
vn 0.1117 0.1671 0.9796
vn 0.5450 0.8157 -0.1939
vn 0.2155 0.3225 0.9217
vn 0.5138 0.7689 -0.3805
vn 0.3110 0.4654 0.8286
vn 0.1421 0.1421 0.9796
vn 0.1421 0.1421 -0.9796
vn 0.6937 0.6937 -0.1939
vn 0.2743 0.2743 0.9217
vn 0.6539 0.6539 -0.3805
vn 0.3958 0.3958 0.8286
vn 0.5893 0.5893 -0.5528
vn 0.5021 0.5021 0.7041
vn 0.5021 0.5021 -0.7041
vn 0.5893 0.5893 0.5528
vn 0.3958 0.3958 -0.8286
vn 0.6539 0.6539 0.3805
vn 0.2743 0.2743 -0.9217
vn 0.6937 0.6937 0.1939
vn 0.5905 0.3945 0.7041
vn 0.6929 0.4630 0.5528
vn 0.5905 0.3945 -0.7041
vn 0.4654 0.3110 -0.8286
vn 0.7689 0.5138 0.3805
vn 0.3225 0.2155 -0.9217
vn 0.8157 0.5450 0.1939
vn 0.2414 0.1613 -0.9569
vn 0.8315 0.5556 -0.0000
vn 0.0815 0.0545 0.9952
vn 0.0815 0.0545 -0.9952
vn 0.8157 0.5450 -0.1939
vn 0.2414 0.1613 0.9569
vn 0.3225 0.2155 0.9217
vn 0.7689 0.5138 -0.3805
vn 0.4654 0.3110 0.8286
vn 0.6929 0.4630 -0.5528
vn 0.9063 0.3754 -0.1939
vn 0.1857 0.0769 0.9796
vn 0.3584 0.1484 0.9217
vn 0.8544 0.3539 -0.3805
vn 0.5172 0.2142 0.8286
vn 0.7699 0.3189 -0.5528
vn 0.6561 0.2718 0.7041
vn 0.6561 0.2718 -0.7041
vn 0.7699 0.3189 0.5528
vn 0.5172 0.2142 -0.8286
vn 0.8544 0.3539 0.3805
vn 0.3584 0.1484 -0.9217
vn 0.9063 0.3754 0.1939
vn 0.1857 0.0769 -0.9796
vn 0.6965 0.1385 -0.7041
vn 0.5490 0.1092 -0.8286
vn 0.8173 0.1626 0.5528
vn 0.9070 0.1804 0.3805
vn 0.3804 0.0757 -0.9217
vn 0.9622 0.1914 0.1939
vn 0.1971 0.0392 -0.9796
vn 0.1971 0.0392 0.9796
vn 0.9622 0.1914 -0.1939
vn 0.3804 0.0757 0.9217
vn 0.9070 0.1804 -0.3805
vn 0.5490 0.1092 0.8286
vn 0.8173 0.1626 -0.5528
vn 0.6965 0.1385 0.7041
vn 0.2010 -0.0000 0.9796
vn 0.3876 0.0382 0.9210
vn 0.9765 0.0962 -0.1930
vn 0.9210 0.0907 -0.3790
vn 0.5589 0.0550 0.8274
vn 0.8305 0.0818 -0.5509
vn 0.7084 0.0698 0.7023
vn 0.7084 0.0698 -0.7023
vn 0.8305 0.0818 0.5509
vn 0.5589 0.0550 -0.8274
vn 0.9210 0.0907 0.3790
vn 0.3876 0.0382 -0.9210
vn 0.9765 0.0962 0.1930
vn 0.2010 -0.0000 -0.9796
vn 0.9952 0.0980 -0.0000
vn 0.9210 -0.0907 0.3790
vn 0.8305 -0.0818 0.5509
vn 0.8173 -0.1626 0.5528
vn 0.9070 -0.1804 0.3805
vn 0.3876 -0.0382 -0.9210
vn 0.5589 -0.0550 -0.8274
vn 0.5490 -0.1092 -0.8286
vn 0.3804 -0.0757 -0.9217
vn 0.9765 -0.0962 0.1930
vn 0.9622 -0.1914 0.1939
vn 0.1971 -0.0392 -0.9796
vn 0.9952 -0.0980 -0.0000
vn 0.1971 -0.0392 0.9796
vn 0.9765 -0.0962 -0.1930
vn 0.9622 -0.1914 -0.1939
vn 0.3876 -0.0382 0.9210
vn 0.3804 -0.0757 0.9217
vn 0.9210 -0.0907 -0.3790
vn 0.9070 -0.1804 -0.3805
vn 0.5589 -0.0550 0.8274
vn 0.5490 -0.1092 0.8286
vn 0.8305 -0.0818 -0.5509
vn 0.8173 -0.1626 -0.5528
vn 0.7084 -0.0698 0.7023
vn 0.6965 -0.1385 0.7041
vn 0.7084 -0.0698 -0.7023
vn 0.6965 -0.1385 -0.7041
vn 0.9063 -0.3754 -0.1939
vn 0.8544 -0.3539 -0.3805
vn 0.3584 -0.1484 0.9217
vn 0.5172 -0.2142 0.8286
vn 0.7699 -0.3189 -0.5528
vn 0.6561 -0.2718 0.7041
vn 0.6561 -0.2718 -0.7041
vn 0.7699 -0.3189 0.5528
vn 0.5172 -0.2142 -0.8286
vn 0.8544 -0.3539 0.3805
vn 0.3584 -0.1484 -0.9217
vn 0.9063 -0.3754 0.1939
vn 0.1857 -0.0769 -0.9796
vn 0.1857 -0.0769 0.9796
vn 0.4654 -0.3110 -0.8286
vn 0.3225 -0.2155 -0.9217
vn 0.7689 -0.5138 0.3805
vn 0.8157 -0.5450 0.1939
vn 0.2414 -0.1613 -0.9569
vn 0.8315 -0.5556 -0.0000
vn 0.0815 -0.0545 0.9952
vn 0.0815 -0.0545 -0.9952
vn 0.8157 -0.5450 -0.1939
vn 0.2414 -0.1613 0.9569
vn 0.3225 -0.2155 0.9217
vn 0.7689 -0.5138 -0.3805
vn 0.4654 -0.3110 0.8286
vn 0.6929 -0.4630 -0.5528
vn 0.5905 -0.3945 0.7041
vn 0.5905 -0.3945 -0.7041
vn 0.6929 -0.4630 0.5528
vn 0.6539 -0.6539 -0.3805
vn 0.5893 -0.5893 -0.5528
vn 0.3958 -0.3958 0.8286
vn 0.5021 -0.5021 0.7041
vn 0.5021 -0.5021 -0.7041
vn 0.5893 -0.5893 0.5528
vn 0.3958 -0.3958 -0.8286
vn 0.6539 -0.6539 0.3805
vn 0.2743 -0.2743 -0.9217
vn 0.6937 -0.6937 0.1939
vn 0.1421 -0.1421 -0.9796
vn 0.1421 -0.1421 0.9796
vn 0.6937 -0.6937 -0.1939
vn 0.2743 -0.2743 0.9217
vn 0.2155 -0.3225 -0.9217
vn 0.1117 -0.1671 -0.9796
vn 0.5450 -0.8157 0.1939
vn 0.5556 -0.8315 -0.0000
vn 0.1117 -0.1671 0.9796
vn 0.5450 -0.8157 -0.1939
vn 0.2155 -0.3225 0.9217
vn 0.5138 -0.7689 -0.3805
vn 0.3110 -0.4654 0.8286
vn 0.4630 -0.6929 -0.5528
vn 0.3945 -0.5905 0.7041
vn 0.3945 -0.5905 -0.7041
vn 0.4630 -0.6929 0.5528
vn 0.3110 -0.4654 -0.8286
vn 0.5138 -0.7689 0.3805
vn 0.2142 -0.5172 0.8286
vn 0.2718 -0.6561 0.7041
vn 0.3189 -0.7699 -0.5528
vn 0.2718 -0.6561 -0.7041
vn 0.3189 -0.7699 0.5528
vn 0.2142 -0.5172 -0.8286
vn 0.3539 -0.8544 0.3805
vn 0.1484 -0.3584 -0.9217
vn 0.3754 -0.9063 0.1939
vn 0.0769 -0.1857 -0.9796
vn 0.0769 -0.1857 0.9796
vn 0.3754 -0.9063 -0.1939
vn 0.1484 -0.3584 0.9217
vn 0.3539 -0.8544 -0.3805
vn 0.1914 -0.9622 0.1939
vn 0.1951 -0.9808 -0.0000
vn 0.0392 -0.1971 0.9796
vn 0.0392 -0.1971 -0.9796
vn 0.1914 -0.9622 -0.1939
vn 0.0757 -0.3804 0.9217
vn 0.1804 -0.9070 -0.3805
vn 0.1092 -0.5490 0.8286
vn 0.1626 -0.8173 -0.5528
vn 0.1385 -0.6965 0.7041
vn 0.1385 -0.6965 -0.7041
vn 0.1626 -0.8173 0.5528
vn 0.1092 -0.5490 -0.8286
vn 0.1804 -0.9070 0.3805
vn 0.0757 -0.3804 -0.9217
vn -0.0000 -0.8333 -0.5528
vn -0.0000 -0.7101 -0.7041
vn -0.0000 -0.7101 0.7041
vn -0.0000 -0.8333 0.5528
vn -0.0000 -0.5598 -0.8286
vn -0.0000 -0.9248 0.3805
vn -0.0000 -0.3879 -0.9217
vn -0.0000 -0.9810 0.1939
vn -0.0000 -0.2010 -0.9796
vn -0.0000 -0.2010 0.9796
vn -0.0000 -0.9810 -0.1939
vn -0.0000 -0.3879 0.9217
vn -0.0000 -0.9248 -0.3805
vn -0.0000 -0.5598 0.8286
vn -0.0392 -0.1971 0.9796
vn -0.0392 -0.1971 -0.9796
vn -0.1951 -0.9808 -0.0000
vn -0.1914 -0.9622 -0.1939
vn -0.0757 -0.3804 0.9217
vn -0.1804 -0.9070 -0.3805
vn -0.1092 -0.5490 0.8286
vn -0.1626 -0.8173 -0.5528
vn -0.1385 -0.6965 0.7041
vn -0.1385 -0.6965 -0.7041
vn -0.1626 -0.8173 0.5528
vn -0.1092 -0.5490 -0.8286
vn -0.1804 -0.9070 0.3805
vn -0.0757 -0.3804 -0.9217
vn -0.1914 -0.9622 0.1939
vn -0.2718 -0.6561 0.7041
vn -0.3189 -0.7699 0.5528
vn -0.2718 -0.6561 -0.7041
vn -0.2142 -0.5172 -0.8286
vn -0.3539 -0.8544 0.3805
vn -0.1484 -0.3584 -0.9217
vn -0.3754 -0.9063 0.1939
vn -0.0769 -0.1857 -0.9796
vn -0.0769 -0.1857 0.9796
vn -0.3754 -0.9063 -0.1939
vn -0.1484 -0.3584 0.9217
vn -0.3539 -0.8544 -0.3805
vn -0.2142 -0.5172 0.8286
vn -0.3189 -0.7699 -0.5528
vn -0.5556 -0.8315 -0.0000
vn -0.5450 -0.8157 -0.1939
vn -0.1117 -0.1671 0.9796
vn -0.2155 -0.3225 0.9217
vn -0.5138 -0.7689 -0.3805
vn -0.3110 -0.4654 0.8286
vn -0.4630 -0.6929 -0.5528
vn -0.3945 -0.5905 0.7041
vn -0.3945 -0.5905 -0.7041
vn -0.4630 -0.6929 0.5528
vn -0.3110 -0.4654 -0.8286
vn -0.5138 -0.7689 0.3805
vn -0.2155 -0.3225 -0.9217
vn -0.5450 -0.8157 0.1939
vn -0.1117 -0.1671 -0.9796
vn -0.5021 -0.5021 -0.7041
vn -0.3958 -0.3958 -0.8286
vn -0.5893 -0.5893 0.5528
vn -0.6539 -0.6539 0.3805
vn -0.2743 -0.2743 -0.9217
vn -0.6937 -0.6937 0.1939
vn -0.1421 -0.1421 -0.9796
vn -0.1421 -0.1421 0.9796
vn -0.6937 -0.6937 -0.1939
vn -0.2743 -0.2743 0.9217
vn -0.6539 -0.6539 -0.3805
vn -0.3958 -0.3958 0.8286
vn -0.5893 -0.5893 -0.5528
vn -0.5021 -0.5021 0.7041
vn -0.8157 -0.5450 -0.1939
vn -0.7689 -0.5138 -0.3805
vn -0.3225 -0.2155 0.9217
vn -0.4654 -0.3110 0.8286
vn -0.6929 -0.4630 -0.5528
vn -0.5905 -0.3945 0.7041
vn -0.5905 -0.3945 -0.7041
vn -0.6929 -0.4630 0.5528
vn -0.4654 -0.3110 -0.8286
vn -0.7689 -0.5138 0.3805
vn -0.3225 -0.2155 -0.9217
vn -0.8157 -0.5450 0.1939
vn -0.2414 -0.1613 -0.9569
vn -0.8315 -0.5556 -0.0000
vn -0.0815 -0.0545 0.9952
vn -0.0815 -0.0545 -0.9952
vn -0.2414 -0.1613 0.9569
vn -0.5172 -0.2142 -0.8286
vn -0.3584 -0.1484 -0.9217
vn -0.8544 -0.3539 0.3805
vn -0.9063 -0.3754 0.1939
vn -0.1857 -0.0769 -0.9796
vn -0.1857 -0.0769 0.9796
vn -0.9063 -0.3754 -0.1939
vn -0.3584 -0.1484 0.9217
vn -0.8544 -0.3539 -0.3805
vn -0.5172 -0.2142 0.8286
vn -0.7699 -0.3189 -0.5528
vn -0.6561 -0.2718 0.7041
vn -0.6561 -0.2718 -0.7041
vn -0.7699 -0.3189 0.5528
vn -0.3804 -0.0757 0.9217
vn -0.5490 -0.1092 0.8286
vn -0.9070 -0.1804 -0.3805
vn -0.8173 -0.1626 -0.5528
vn -0.6965 -0.1385 0.7041
vn -0.6965 -0.1385 -0.7041
vn -0.8173 -0.1626 0.5528
vn -0.5490 -0.1092 -0.8286
vn -0.9070 -0.1804 0.3805
vn -0.3804 -0.0757 -0.9217
vn -0.9622 -0.1914 0.1939
vn -0.1971 -0.0392 -0.9796
vn -0.1971 -0.0392 0.9796
vn -0.9622 -0.1914 -0.1939
vn -0.9210 -0.0907 0.3790
vn -0.9765 -0.0962 0.1930
vn -0.3876 -0.0382 -0.9210
vn -0.2010 -0.0000 -0.9796
vn -0.9952 -0.0980 -0.0000
vn -0.2010 -0.0000 0.9796
vn -0.9765 -0.0962 -0.1930
vn -0.3876 -0.0382 0.9210
vn -0.9210 -0.0907 -0.3790
vn -0.5589 -0.0550 0.8274
vn -0.8305 -0.0818 -0.5509
vn -0.7084 -0.0698 0.7023
vn -0.7084 -0.0698 -0.7023
vn -0.8305 -0.0818 0.5509
vn -0.5589 -0.0550 -0.8274
vn -0.8305 0.0818 -0.5509
vn -0.9210 0.0907 -0.3790
vn -0.9070 0.1804 -0.3805
vn -0.8173 0.1626 -0.5528
vn -0.7084 0.0698 0.7023
vn -0.5589 0.0550 0.8274
vn -0.5490 0.1092 0.8286
vn -0.6965 0.1385 0.7041
vn -0.7084 0.0698 -0.7023
vn -0.6965 0.1385 -0.7041
vn -0.8305 0.0818 0.5509
vn -0.8173 0.1626 0.5528
vn -0.5589 0.0550 -0.8274
vn -0.5490 0.1092 -0.8286
vn -0.9210 0.0907 0.3790
vn -0.9070 0.1804 0.3805
vn -0.3876 0.0382 -0.9210
vn -0.3804 0.0757 -0.9217
vn -0.9765 0.0962 0.1930
vn -0.9622 0.1914 0.1939
vn -0.1971 0.0392 -0.9796
vn -0.9952 0.0980 -0.0000
vn -0.1971 0.0392 0.9796
vn -0.9765 0.0962 -0.1930
vn -0.9622 0.1914 -0.1939
vn -0.3876 0.0382 0.9210
vn -0.3804 0.0757 0.9217
vn -0.3584 0.1484 -0.9217
vn -0.1857 0.0769 -0.9796
vn -0.9063 0.3754 0.1939
vn -0.1857 0.0769 0.9796
vn -0.9063 0.3754 -0.1939
vn -0.3584 0.1484 0.9217
vn -0.8544 0.3539 -0.3805
vn -0.5172 0.2142 0.8286
vn -0.7699 0.3189 -0.5528
vn -0.6561 0.2718 0.7041
vn -0.6561 0.2718 -0.7041
vn -0.7699 0.3189 0.5528
vn -0.5172 0.2142 -0.8286
vn -0.8544 0.3539 0.3805
vn -0.4654 0.3110 0.8286
vn -0.5905 0.3945 0.7041
vn -0.6929 0.4630 -0.5528
vn -0.5905 0.3945 -0.7041
vn -0.6929 0.4630 0.5528
vn -0.4654 0.3110 -0.8286
vn -0.7689 0.5138 0.3805
vn -0.3225 0.2155 -0.9217
vn -0.8157 0.5450 0.1939
vn -0.2414 0.1613 -0.9569
vn -0.8315 0.5556 -0.0000
vn -0.0815 0.0545 0.9952
vn -0.0815 0.0545 -0.9952
vn -0.8157 0.5450 -0.1939
vn -0.2414 0.1613 0.9569
vn -0.3225 0.2155 0.9217
vn -0.7689 0.5138 -0.3805
vn -0.6937 0.6937 0.1939
vn -0.1421 0.1421 0.9796
vn -0.1421 0.1421 -0.9796
vn -0.6937 0.6937 -0.1939
vn -0.2743 0.2743 0.9217
vn -0.6539 0.6539 -0.3805
vn -0.3958 0.3958 0.8286
vn -0.5893 0.5893 -0.5528
vn -0.5021 0.5021 0.7041
vn -0.5021 0.5021 -0.7041
vn -0.5893 0.5893 0.5528
vn -0.3958 0.3958 -0.8286
vn -0.6539 0.6539 0.3805
vn -0.2743 0.2743 -0.9217
vn -0.4630 0.6929 -0.5528
vn -0.3945 0.5905 -0.7041
vn -0.3945 0.5905 0.7041
vn -0.4630 0.6929 0.5528
vn -0.3110 0.4654 -0.8286
vn -0.5138 0.7689 0.3805
vn -0.2155 0.3225 -0.9217
vn -0.5450 0.8157 0.1939
vn -0.1117 0.1671 -0.9796
vn -0.5556 0.8315 -0.0000
vn -0.1117 0.1671 0.9796
vn -0.5450 0.8157 -0.1939
vn -0.2155 0.3225 0.9217
vn -0.5138 0.7689 -0.3805
vn -0.3110 0.4654 0.8286
vn -0.0769 0.1857 -0.9796
vn -0.3754 0.9063 -0.1939
vn -0.0769 0.1857 0.9796
vn -0.1484 0.3584 0.9217
vn -0.3539 0.8544 -0.3805
vn -0.2142 0.5172 0.8286
vn -0.3189 0.7699 -0.5528
vn -0.2718 0.6561 0.7041
vn -0.2718 0.6561 -0.7041
vn -0.3189 0.7699 0.5528
vn -0.2142 0.5172 -0.8286
vn -0.3539 0.8544 0.3805
vn -0.1484 0.3584 -0.9217
vn -0.3754 0.9063 0.1939
vn -0.1385 0.6965 -0.7041
vn -0.1092 0.5490 -0.8286
vn -0.1626 0.8173 0.5528
vn -0.1804 0.9070 0.3805
vn -0.0757 0.3804 -0.9217
vn -0.1914 0.9622 0.1939
vn -0.0392 0.1971 -0.9796
vn -0.1951 0.9808 -0.0000
vn -0.0392 0.1971 0.9796
vn -0.1914 0.9622 -0.1939
vn -0.0757 0.3804 0.9217
vn -0.1804 0.9070 -0.3805
vn -0.1092 0.5490 0.8286
vn -0.1626 0.8173 -0.5528
vn -0.1385 0.6965 0.7041
vn 0.7684 -0.0000 -0.6400
vn -0.7682 -0.0000 0.6402
vn 0.7736 -0.0000 -0.6337
vn 0.7722 -0.0000 0.6353
vn -0.7707 -0.0000 0.6372
vn -0.7716 -0.0000 -0.6361
vn 0.7696 -0.0000 0.6386
vn -0.7721 -0.0000 -0.6355
vn -0.0000 -0.7857 0.6186
vn -0.0000 0.7863 -0.6178
vn -0.0000 -0.7854 -0.6190
vn -0.0000 0.7890 0.6144
vn 0.5899 -0.0000 0.8074
vn -0.5899 -0.0000 -0.8074
vt 0.619711 0.282875
vt 0.879933 0.839590
vt 0.616246 0.279401
vt 0.882133 0.841797
vt 0.614371 0.274863
vt 0.883324 0.844679
vt 0.614371 0.269951
vt 0.883324 0.847799
vt 0.616246 0.265414
vt 0.882133 0.850680
vt 0.619711 0.261942
vt 0.879933 0.852885
vt 0.624238 0.260064
vt 0.877058 0.854078
vt 0.629138 0.260065
vt 0.873946 0.854077
vt 0.633665 0.261946
vt 0.871071 0.852883
vt 0.637129 0.265420
vt 0.868870 0.850676
vt 0.639005 0.269959
vt 0.867679 0.847794
vt 0.639005 0.274870
vt 0.867679 0.844674
vt 0.637129 0.279408
vt 0.868870 0.841793
vt 0.633665 0.282880
vt 0.871071 0.839587
vt 0.629138 0.284758
vt 0.873946 0.838395
vt 0.624238 0.284756
vt 0.877058 0.838396
vt 0.846915 0.753853
vt 0.855522 0.751994
vt 0.839593 0.739612
vt 0.839612 0.755303
vt 0.846919 0.741306
vt 0.855532 0.743258
vt 0.864120 0.745170
vt 0.871375 0.746752
vt 0.775958 0.817211
vt 0.783120 0.819264
vt 0.791683 0.821306
vt 0.800343 0.823027
vt 0.852964 0.850723
vt 0.800399 0.672607
vt 0.791763 0.674223
vt 0.783181 0.676384
vt 0.775958 0.678761
vt 0.871403 0.748196
vt 0.864121 0.750008
vt 0.871375 0.671782
vt 0.807783 0.748196
vt 0.871403 0.822348
vt 0.663586 0.269969
vt 0.206649 0.264076
vt 0.663586 0.274881
vt 0.206649 0.267056
vt 0.661714 0.279416
vt 0.205514 0.269808
vt 0.658257 0.282885
vt 0.203416 0.271913
vt 0.653740 0.284760
vt 0.200675 0.273051
vt 0.648850 0.284755
vt 0.197708 0.273048
vt 0.644333 0.282871
vt 0.194967 0.271904
vt 0.640876 0.279394
vt 0.192870 0.269795
vt 0.639005 0.274855
vt 0.191734 0.267041
vt 0.639005 0.269943
vt 0.191734 0.264061
vt 0.640876 0.265408
vt 0.192870 0.261308
vt 0.644333 0.261938
vt 0.194967 0.259203
vt 0.648850 0.260064
vt 0.197708 0.258066
vt 0.653740 0.260069
vt 0.200675 0.258069
vt 0.658257 0.261953
vt 0.203416 0.259212
vt 0.661714 0.265430
vt 0.205514 0.261322
vt 0.184334 0.060344
vt 0.192442 0.058476
vt 0.269492 0.198072
vt 0.177696 0.062174
vt 0.277272 0.198518
vt 0.071773 0.340799
vt 0.079598 0.342731
vt 0.085744 0.344180
vt 0.238459 0.119448
vt 0.245693 0.120976
vt 0.253976 0.122890
vt 0.262047 0.124899
vt 0.180977 0.253314
vt 0.324779 0.057234
vt 0.301938 0.196982
vt 0.310180 0.198784
vt 0.317205 0.200288
vt 0.208096 0.055723
vt 0.200786 0.056853
vt 0.331710 0.127347
vt 0.085744 0.271987
vt 0.268677 0.055723
vt 0.910667 0.282666
vt 0.220338 0.755676
vt 0.907194 0.279192
vt 0.221413 0.758271
vt 0.905314 0.274655
vt 0.221413 0.761081
vt 0.905314 0.269743
vt 0.220337 0.763676
vt 0.907193 0.265205
vt 0.218351 0.765663
vt 0.910666 0.261732
vt 0.215756 0.766738
vt 0.915203 0.259852
vt 0.212946 0.766738
vt 0.920114 0.259852
vt 0.210351 0.765663
vt 0.924652 0.261732
vt 0.208365 0.763676
vt 0.928125 0.265205
vt 0.207290 0.761081
vt 0.930004 0.269743
vt 0.207290 0.758271
vt 0.930005 0.274655
vt 0.208365 0.755676
vt 0.928125 0.279192
vt 0.210352 0.753689
vt 0.924653 0.282666
vt 0.212947 0.752614
vt 0.920115 0.284545
vt 0.215756 0.752614
vt 0.915204 0.284545
vt 0.218351 0.753689
vt 0.118266 0.872509
vt 0.310362 0.605655
vt 0.251303 0.736234
vt 0.124669 0.873957
vt 0.258395 0.735991
vt 0.266440 0.735905
vt 0.274214 0.735991
vt 0.280532 0.736234
vt 0.295944 0.736818
vt 0.303068 0.737062
vt 0.325510 0.735883
vt 0.333047 0.737697
vt 0.194007 0.755629
vt 0.215858 0.672584
vt 0.208018 0.674169
vt 0.200345 0.675897
vt 0.194006 0.677504
vt 0.324915 0.602564
vt 0.318176 0.603985
vt 0.222672 0.739329
vt 0.324915 0.669894
vt 0.339149 0.671382
vt 0.738592 0.248010
vt 0.884973 0.295318
vt 0.884793 0.284739
vt 0.884789 0.279165
vt 0.884844 0.273686
vt 0.885120 0.263840
vt 0.748845 0.248061
vt 0.743802 0.249614
vt 0.739196 0.251048
vt 0.735203 0.252307
vt 0.881246 0.299950
vt 0.880391 0.295357
vt 0.879764 0.290237
vt 0.879388 0.284786
vt 0.879279 0.279213
vt 0.879440 0.273732
vt 0.879865 0.268555
vt 0.880538 0.263879
vt 0.881017 0.259852
vt 0.881433 0.259886
vt 0.881737 0.255989
vt 0.882602 0.251444
vt 0.883577 0.246394
vt 0.884627 0.241032
vt 0.749261 0.249066
vt 0.744618 0.251585
vt 0.740380 0.253909
vt 0.877541 0.300049
vt 0.736711 0.255949
vt 0.876034 0.295473
vt 0.874923 0.290366
vt 0.874249 0.284923
vt 0.874039 0.279352
vt 0.874301 0.273869
vt 0.875024 0.268684
vt 0.876581 0.258513
vt 0.876181 0.263995
vt 0.877964 0.254850
vt 0.879638 0.250549
vt 0.881536 0.245778
vt 0.883586 0.240717
vt 0.749864 0.249970
vt 0.745802 0.253358
vt 0.742100 0.256483
vt 0.738899 0.259226
vt 0.874170 0.300209
vt 0.872070 0.295662
vt 0.870518 0.290576
vt 0.869573 0.285145
vt 0.800367 0.251217
vt 0.869271 0.279579
vt 0.800744 0.245662
vt 0.869624 0.274092
vt 0.800317 0.240124
vt 0.870619 0.268893
vt 0.799103 0.234817
vt 0.872217 0.264184
vt 0.797149 0.229943
vt 0.872492 0.256338
vt 0.874487 0.253000
vt 0.876905 0.249096
vt 0.879654 0.244777
vt 0.882626 0.240207
vt 0.750633 0.250739
vt 0.747310 0.254866
vt 0.744288 0.258673
vt 0.871261 0.300425
vt 0.791768 0.265863
vt 0.741685 0.262013
vt 0.868650 0.295916
vt 0.793831 0.261492
vt 0.866718 0.290858
vt 0.795356 0.256529
vt 0.865539 0.285445
vt 0.796285 0.251167
vt 0.796582 0.245611
vt 0.796235 0.240074
vt 0.795258 0.234770
vt 0.793688 0.229901
vt 0.868907 0.253411
vt 0.871438 0.250511
vt 0.874510 0.247140
vt 0.878004 0.243429
vt 0.881785 0.239520
vt 0.751537 0.251343
vt 0.749082 0.256051
vt 0.746862 0.260393
vt 0.744960 0.264202
vt 0.788370 0.265841
vt 0.789836 0.261466
vt 0.790917 0.256501
vt 0.791572 0.251137
vt 0.791776 0.245580
vt 0.791522 0.240044
vt 0.790818 0.234741
vt 0.865964 0.249845
vt 0.789693 0.229875
vt 0.788189 0.225634
vt 0.868936 0.247478
vt 0.872544 0.244758
vt 0.876649 0.241788
vt 0.881095 0.238683
vt 0.754130 0.246449
vt 0.752541 0.251759
vt 0.751052 0.256868
vt 0.749721 0.261578
vt 0.748599 0.265710
vt 0.784648 0.265833
vt 0.785459 0.261457
vt 0.786053 0.256491
vt 0.786409 0.251126
vt 0.786512 0.245569
vt 0.786359 0.240033
vt 0.785955 0.234731
vt 0.785316 0.229867
vt 0.867075 0.244018
vt 0.784466 0.225627
vt 0.871082 0.242039
vt 0.875642 0.239915
vt 0.880581 0.237729
vt 0.753606 0.251971
vt 0.753143 0.257284
vt 0.752756 0.262182
vt 0.752463 0.266479
vt 0.780744 0.265841
vt 0.780868 0.261466
vt 0.780953 0.256501
vt 0.780994 0.251137
vt 0.780991 0.245580
vt 0.780944 0.240044
vt 0.780854 0.234741
vt 0.780725 0.229875
vt 0.780562 0.225634
vt 0.865928 0.240263
vt 0.870181 0.239089
vt 0.875022 0.237883
vt 0.880265 0.236693
vt 0.754693 0.251971
vt 0.755274 0.257283
vt 0.755851 0.262182
vt 0.756402 0.266479
vt 0.731355 0.204837
vt 0.730806 0.200463
vt 0.730399 0.195499
vt 0.730148 0.190136
vt 0.730063 0.184579
vt 0.730148 0.179043
vt 0.730399 0.173739
vt 0.730806 0.168873
vt 0.731355 0.164630
vt 0.865539 0.236358
vt 0.869875 0.236021
vt 0.874811 0.235770
vt 0.880158 0.235616
vt 0.755759 0.251759
vt 0.757365 0.256867
vt 0.758887 0.261578
vt 0.760265 0.265709
vt 0.727539 0.204855
vt 0.726320 0.200485
vt 0.725414 0.195523
vt 0.724856 0.190162
vt 0.724668 0.184605
vt 0.724856 0.179069
vt 0.725414 0.173764
vt 0.726320 0.168894
vt 0.727539 0.164648
vt 0.865922 0.232453
vt 0.870176 0.232953
vt 0.875019 0.233657
vt 0.880263 0.234538
vt 0.756763 0.251342
vt 0.759335 0.256050
vt 0.761746 0.260392
vt 0.723991 0.204888
vt 0.763904 0.264201
vt 0.765726 0.267330
vt 0.722147 0.200523
vt 0.720777 0.195565
vt 0.719934 0.190206
vt 0.719649 0.184651
vt 0.719934 0.179113
vt 0.720777 0.173806
vt 0.722147 0.168932
vt 0.723991 0.164681
vt 0.867064 0.228699
vt 0.871073 0.230003
vt 0.875636 0.231625
vt 0.880578 0.233502
vt 0.757667 0.250738
vt 0.761107 0.254865
vt 0.764319 0.258671
vt 0.767179 0.262011
vt 0.769578 0.264754
vt 0.718448 0.200575
vt 0.716667 0.195624
vt 0.715570 0.190268
vt 0.820315 0.259836
vt 0.715200 0.184714
vt 0.825844 0.260260
vt 0.715570 0.179175
vt 0.831400 0.259810
vt 0.716667 0.173864
vt 0.836767 0.258504
vt 0.718448 0.168985
vt 0.841741 0.256391
vt 0.865945 0.223694
vt 0.720845 0.164725
vt 0.868919 0.225238
vt 0.872531 0.227284
vt 0.876640 0.229752
vt 0.881090 0.232548
vt 0.758435 0.249969
vt 0.762615 0.253357
vt 0.766508 0.256481
vt 0.769965 0.259223
vt 0.715364 0.200640
vt 0.772853 0.261477
vt 0.810022 0.253332
vt 0.713240 0.195696
vt 0.814855 0.255073
vt 0.711933 0.190344
vt 0.820136 0.256140
vt 0.825662 0.256492
vt 0.831221 0.256114
vt 0.836599 0.255022
vt 0.868882 0.220127
vt 0.841589 0.253258
vt 0.846000 0.250889
vt 0.871418 0.222205
vt 0.874494 0.224901
vt 0.877993 0.228110
vt 0.881779 0.231711
vt 0.759039 0.249065
vt 0.763799 0.251583
vt 0.768227 0.253906
vt 0.772153 0.255946
vt 0.805716 0.247803
vt 0.775426 0.257623
vt 0.809897 0.249592
vt 0.814716 0.250918
vt 0.819989 0.251730
vt 0.825512 0.251995
vt 0.831074 0.251704
vt 0.836460 0.250868
vt 0.841465 0.249519
vt 0.845894 0.247709
vt 0.874463 0.219716
vt 0.876886 0.222945
vt 0.879640 0.226763
vt 0.882620 0.231024
vt 0.759455 0.248060
vt 0.764615 0.249612
vt 0.769412 0.251045
vt 0.773661 0.252304
vt 0.805638 0.244229
vt 0.809804 0.245391
vt 0.814613 0.246250
vt 0.819879 0.246774
vt 0.825401 0.246942
vt 0.830964 0.246748
vt 0.836357 0.246199
vt 0.841372 0.245317
vt 0.845816 0.244136
vt 0.877937 0.217866
vt 0.879616 0.221492
vt 0.881521 0.225762
vt 0.883578 0.230514
vt 0.759667 0.246993
vt 0.765031 0.247520
vt 0.770015 0.248007
vt 0.805589 0.240400
vt 0.774429 0.248438
vt 0.809747 0.240888
vt 0.814550 0.241247
vt 0.819812 0.241462
vt 0.825332 0.241526
vt 0.830897 0.241437
vt 0.836294 0.241196
vt 0.841315 0.240815
vt 0.845767 0.240306
vt 0.881708 0.216727
vt 0.882579 0.220597
vt 0.883562 0.225146
vt 0.884619 0.230199
vt 0.759667 0.245906
vt 0.765031 0.245386
vt 0.770015 0.244911
vt 0.774429 0.244496
vt 0.805573 0.236462
vt 0.809728 0.236258
vt 0.814528 0.236102
vt 0.819789 0.236000
vt 0.825309 0.235957
vt 0.830875 0.235974
vt 0.836273 0.236051
vt 0.841296 0.236184
vt 0.845751 0.236368
vt 0.885631 0.216343
vt 0.885661 0.220295
vt 0.885685 0.224938
vt 0.885701 0.230093
vt 0.759455 0.244839
vt 0.764615 0.243294
vt 0.769412 0.241873
vt 0.805589 0.232567
vt 0.773661 0.240630
vt 0.809747 0.231677
vt 0.814550 0.231012
vt 0.819812 0.230597
vt 0.825332 0.230448
vt 0.830897 0.230571
vt 0.836294 0.230961
vt 0.841315 0.231603
vt 0.889553 0.216727
vt 0.845767 0.232473
vt 0.888743 0.220597
vt 0.887808 0.225146
vt 0.886783 0.230199
vt 0.759039 0.243835
vt 0.763799 0.241324
vt 0.768227 0.239012
vt 0.805638 0.228863
vt 0.772153 0.236989
vt 0.775426 0.235332
vt 0.809804 0.227322
vt 0.814613 0.226173
vt 0.819879 0.225460
vt 0.825401 0.225211
vt 0.830964 0.225435
vt 0.836357 0.226123
vt 0.841372 0.227249
vt 0.845816 0.228770
vt 0.893326 0.217866
vt 0.891707 0.221492
vt 0.889849 0.225762
vt 0.887824 0.230514
vt 0.758435 0.242931
vt 0.762615 0.239550
vt 0.766508 0.236437
vt 0.769965 0.233712
vt 0.809897 0.223361
vt 0.772853 0.231478
vt 0.814716 0.221772
vt 0.819989 0.220788
vt 0.825512 0.220447
vt 0.831074 0.220762
vt 0.836460 0.221721
vt 0.841465 0.223288
vt 0.896804 0.219716
vt 0.845894 0.225401
vt 0.894439 0.222945
vt 0.891731 0.226763
vt 0.888783 0.231024
vt 0.757667 0.242162
vt 0.761107 0.238042
vt 0.764319 0.234247
vt 0.767179 0.230925
vt 0.810022 0.219946
vt 0.769578 0.228201
vt 0.715353 0.128693
vt 0.814855 0.217977
vt 0.713477 0.133626
vt 0.820136 0.216759
vt 0.712323 0.138971
vt 0.825662 0.216339
vt 0.711933 0.144522
vt 0.831221 0.216733
vt 0.712323 0.150066
vt 0.836599 0.217926
vt 0.713477 0.155389
vt 0.841589 0.219872
vt 0.715353 0.160288
vt 0.846000 0.222496
vt 0.717877 0.164573
vt 0.899852 0.222205
vt 0.896835 0.224901
vt 0.893381 0.228110
vt 0.889625 0.231711
vt 0.885709 0.235563
vt 0.756763 0.241558
vt 0.759335 0.236857
vt 0.761746 0.232527
vt 0.763904 0.228735
vt 0.720900 0.124385
vt 0.765726 0.225627
vt 0.718908 0.128721
vt 0.717428 0.133657
vt 0.716516 0.139004
vt 0.716208 0.144556
vt 0.716516 0.150099
vt 0.717428 0.155420
vt 0.718908 0.160316
vt 0.720900 0.164597
vt 0.902355 0.225238
vt 0.898801 0.227284
vt 0.894736 0.229752
vt 0.890315 0.232548
vt 0.755759 0.241141
vt 0.757365 0.236041
vt 0.758887 0.231342
vt 0.760265 0.227227
vt 0.724359 0.124402
vt 0.722975 0.128742
vt 0.721946 0.133681
vt 0.721313 0.139029
vt 0.721099 0.144581
vt 0.721313 0.150123
vt 0.721946 0.155443
vt 0.722975 0.160337
vt 0.724359 0.164615
vt 0.904216 0.228699
vt 0.900263 0.230003
vt 0.895743 0.231625
vt 0.890828 0.233502
vt 0.754693 0.240929
vt 0.755274 0.235625
vt 0.755851 0.230738
vt 0.756402 0.226459
vt 0.728120 0.124414
vt 0.727397 0.128755
vt 0.726860 0.133695
vt 0.726530 0.139044
vt 0.726418 0.144597
vt 0.726530 0.150139
vt 0.726860 0.155458
vt 0.727397 0.160350
vt 0.728120 0.164626
vt 0.905363 0.232453
vt 0.901164 0.232953
vt 0.896363 0.233657
vt 0.891145 0.234538
vt 0.753606 0.240929
vt 0.753143 0.235625
vt 0.752756 0.230739
vt 0.752463 0.226459
vt 0.732020 0.124364
vt 0.732057 0.120022
vt 0.732087 0.115081
vt 0.732107 0.109732
vt 0.732117 0.104179
vt 0.732117 0.098637
vt 0.732107 0.093319
vt 0.732087 0.088427
vt 0.732057 0.084152
vt 0.905752 0.236358
vt 0.901470 0.236021
vt 0.896574 0.235770
vt 0.891252 0.235616
vt 0.752541 0.241142
vt 0.751052 0.236041
vt 0.749721 0.231343
vt 0.748599 0.227228
vt 0.728094 0.124364
vt 0.727441 0.120021
vt 0.726957 0.115081
vt 0.726661 0.109731
vt 0.726565 0.104179
vt 0.726672 0.098637
vt 0.726977 0.093318
vt 0.727470 0.088427
vt 0.728131 0.084151
vt 0.905368 0.240263
vt 0.901169 0.239089
vt 0.896366 0.237883
vt 0.891146 0.236693
vt 0.751537 0.241558
vt 0.749082 0.236858
vt 0.746862 0.232528
vt 0.744960 0.228737
vt 0.724311 0.124371
vt 0.722993 0.120030
vt 0.722015 0.115090
vt 0.721415 0.109741
vt 0.721215 0.104189
vt 0.721425 0.098646
vt 0.722035 0.093327
vt 0.723022 0.088435
vt 0.724349 0.084158
vt 0.904227 0.244018
vt 0.900272 0.242039
vt 0.895749 0.239915
vt 0.890832 0.237729
vt 0.750633 0.242162
vt 0.747310 0.238043
vt 0.744288 0.234249
vt 0.720818 0.124385
vt 0.741685 0.230927
vt 0.739599 0.228204
vt 0.718885 0.120046
vt 0.717450 0.115108
vt 0.716569 0.109760
vt 0.716275 0.104209
vt 0.716579 0.098666
vt 0.717470 0.093345
vt 0.718914 0.088452
vt 0.905280 0.249845
vt 0.720855 0.084172
vt 0.902371 0.247478
vt 0.898814 0.244758
vt 0.894745 0.241788
vt 0.890320 0.238683
vt 0.749864 0.242931
vt 0.745802 0.239551
vt 0.742100 0.236439
vt 0.899656 0.300425
vt 0.738899 0.233714
vt 0.736324 0.231482
vt 0.715274 0.120070
vt 0.902038 0.295916
vt 0.713439 0.115135
vt 0.903817 0.290858
vt 0.712310 0.109789
vt 0.904923 0.285445
vt 0.711933 0.104237
vt 0.905314 0.279884
vt 0.712320 0.098694
vt 0.904975 0.274391
vt 0.713459 0.093372
vt 0.903918 0.269175
vt 0.715304 0.088476
vt 0.902342 0.253411
vt 0.902185 0.264438
vt 0.899873 0.250511
vt 0.896851 0.247141
vt 0.893393 0.243429
vt 0.889630 0.239520
vt 0.749261 0.243836
vt 0.744618 0.241325
vt 0.740380 0.239014
vt 0.736711 0.236992
vt 0.896479 0.300209
vt 0.898303 0.295662
vt 0.899666 0.290576
vt 0.900517 0.285145
vt 0.900821 0.279579
vt 0.900568 0.274092
vt 0.899768 0.268893
vt 0.898450 0.264184
vt 0.898762 0.256338
vt 0.896828 0.253000
vt 0.894459 0.249096
vt 0.891745 0.244777
vt 0.888790 0.240207
vt 0.748845 0.244840
vt 0.743802 0.243296
vt 0.739196 0.241876
vt 0.735203 0.240634
vt 0.892908 0.300049
vt 0.894104 0.295473
vt 0.895001 0.290366
vt 0.895564 0.284923
vt 0.895771 0.279352
vt 0.895615 0.273869
vt 0.895102 0.268684
vt 0.894251 0.263995
vt 0.894676 0.258513
vt 0.893353 0.254850
vt 0.891729 0.250550
vt 0.889864 0.245778
vt 0.887832 0.240717
vt 0.748633 0.245907
vt 0.743386 0.245388
vt 0.738592 0.244913
vt 0.734435 0.244500
vt 0.889080 0.299950
vt 0.889603 0.295357
vt 0.890000 0.290237
vt 0.890254 0.284786
vt 0.890358 0.279213
vt 0.890306 0.273732
vt 0.890101 0.268555
vt 0.890242 0.259852
vt 0.889750 0.263879
vt 0.889267 0.259886
vt 0.889582 0.255989
vt 0.888766 0.251444
vt 0.887823 0.246394
vt 0.886791 0.241032
vt 0.748633 0.246994
vt 0.743386 0.247522
vt 0.734435 0.248441
vt 0.885143 0.299916
vt 0.884855 0.290193
vt 0.884956 0.268511
vt 0.885329 0.259852
vt 0.885660 0.256373
vt 0.885684 0.251747
vt 0.885700 0.246602
vt 0.885709 0.241138
vt 0.285937 0.779280
vt 0.285937 0.773340
vt 0.299035 0.828397
vt 0.299035 0.815411
vt 0.261306 0.815840
vt 0.261306 0.832787
vt 0.275291 0.779328
vt 0.275291 0.773338
vt 0.264861 0.829931
vt 0.282384 0.779278
vt 0.282384 0.773338
vt 0.188689 0.808859
vt 0.257820 0.815409
vt 0.257820 0.832356
vt 0.302590 0.815439
vt 0.302590 0.828425
vt 0.289476 0.773338
vt 0.289476 0.779277
vt 0.192245 0.808887
vt 0.278845 0.779328
vt 0.268348 0.830359
vt 0.285937 0.773338
vt 0.278845 0.773338
vt 0.285937 0.779277
vt 0.929027 0.882713
vt 0.929027 0.868830
vt 0.775475 0.895854
vt 0.775072 0.914264
vt 0.929868 0.863072
vt 0.712327 0.934713
vt 0.711913 0.914806
vt 0.913790 0.867951
vt 0.913790 0.861405
vt 0.772644 0.895905
vt 0.772241 0.914314
vt 0.931857 0.868929
vt 0.931857 0.882812
vt 0.916626 0.861405
vt 0.916626 0.867952
vt 0.714744 0.914734
vt 0.927032 0.863069
vt 0.715158 0.934641
vt 0.167678 0.296123
vt 0.143751 0.301501
vt 0.291631 0.238471
vt 0.071737 0.272057
vt 0.064572 0.272057
vt 0.064572 0.303425
vt 0.288022 0.238473
vt 0.167678 0.274562
vt 0.284398 0.238473
vt 0.164052 0.274562
vt 0.060972 0.303681
vt 0.164052 0.296123
vt 0.060972 0.272312
vt 0.140128 0.301407
vt 0.068154 0.272067
vt 0.288022 0.238473
vt 0.702539 0.671867
vt 0.699484 0.671845
vt 0.699484 0.898130
vt 0.702539 0.898152
vt 0.696900 0.671782
vt 0.685594 0.898203
vt 0.696900 0.898067
vt 0.685594 0.671783
vt 0.688204 0.898219
vt 0.688204 0.671799
vt 0.691269 0.898225
vt 0.691269 0.671805
vt 0.694323 0.898219
vt 0.694323 0.671799
vt 0.696900 0.898202
vt 0.742099 0.672010
vt 0.696900 0.671782
vt 0.742099 0.897407
vt 0.739519 0.671842
vt 0.739519 0.897240
vt 0.736464 0.671782
vt 0.736464 0.897179
vt 0.733400 0.671838
vt 0.733400 0.897235
vt 0.730793 0.672001
vt 0.775958 0.672162
vt 0.730793 0.897399
vt 0.775958 0.895854
vt 0.773398 0.671885
vt 0.773398 0.895578
vt 0.770351 0.671782
vt 0.770351 0.895475
vt 0.767280 0.671867
vt 0.767280 0.895560
vt 0.764654 0.672128
vt 0.708207 0.671784
vt 0.764654 0.895821
vt 0.708207 0.898069
vt 0.705603 0.671846
vt 0.705603 0.898131
vt 0.894609 0.833445
vt 0.888269 0.827088
vt 0.898040 0.841750
vt 0.898040 0.850737
vt 0.894609 0.859040
vt 0.888269 0.865393
vt 0.879985 0.868830
vt 0.871019 0.868827
vt 0.862735 0.865385
vt 0.856395 0.859028
vt 0.807783 0.824165
vt 0.807772 0.671782
vt 0.852964 0.841735
vt 0.856395 0.833433
vt 0.862735 0.827080
vt 0.871019 0.823643
vt 0.879985 0.823646
vt 0.120468 0.271457
vt 0.123356 0.271394
vt 0.123356 0.055877
vt 0.120468 0.055941
vt 0.125740 0.271239
vt 0.152985 0.201329
vt 0.125741 0.055723
vt 0.152985 0.417613
vt 0.150280 0.201305
vt 0.150280 0.417589
vt 0.147302 0.201303
vt 0.336699 0.055723
vt 0.147302 0.417587
vt 0.336699 0.272007
vt 0.333901 0.055742
vt 0.333901 0.272026
vt 0.331710 0.055780
vt 0.104153 0.055748
vt 0.331710 0.272064
vt 0.104153 0.271876
vt 0.101587 0.055813
vt 0.101587 0.271941
vt 0.098637 0.055830
vt 0.098637 0.271958
vt 0.095750 0.055799
vt 0.095750 0.271927
vt 0.093367 0.055723
vt 0.301907 0.417116
vt 0.093367 0.271851
vt 0.301907 0.200804
vt 0.304370 0.417132
vt 0.304370 0.200820
vt 0.307287 0.417138
vt 0.296485 0.417137
vt 0.307287 0.200826
vt 0.296485 0.200825
vt 0.299414 0.417132
vt 0.299414 0.200820
vt 0.301907 0.417116
vt 0.114954 0.271290
vt 0.301907 0.200804
vt 0.114954 0.055773
vt 0.117518 0.271421
vt 0.117518 0.055905
vt 0.220677 0.269874
vt 0.220677 0.261288
vt 0.217406 0.277803
vt 0.211362 0.283868
vt 0.203465 0.287145
vt 0.285841 0.198942
vt 0.194918 0.287136
vt 0.187021 0.283842
vt 0.180977 0.277765
vt 0.177706 0.269829
vt 0.177706 0.261243
vt 0.268677 0.126697
vt 0.331710 0.055723
vt 0.187021 0.247249
vt 0.194918 0.243972
vt 0.316574 0.059061
vt 0.203465 0.243981
vt 0.211362 0.247275
vt 0.217406 0.253352
vt 0.285841 0.128726
vt 0.317205 0.128726
vt 0.208096 0.128121
vt 0.316160 0.943262
vt 0.181135 0.943730
vt 0.318894 0.943258
vt 0.318894 0.739339
vt 0.316160 0.739343
vt 0.181135 0.739811
vt 0.321173 0.943248
vt 0.145020 0.806280
vt 0.321173 0.739329
vt 0.145020 0.602654
vt 0.147482 0.806207
vt 0.147482 0.602581
vt 0.150274 0.806190
vt 0.150274 0.602564
vt 0.152972 0.806233
vt 0.152972 0.602606
vt 0.155164 0.806327
vt 0.170702 0.943716
vt 0.155164 0.602701
vt 0.170702 0.739800
vt 0.173176 0.943726
vt 0.173176 0.739810
vt 0.175972 0.943728
vt 0.326040 0.739329
vt 0.175972 0.739812
vt 0.326040 0.943246
vt 0.323349 0.739336
vt 0.323349 0.943252
vt 0.321173 0.739349
vt 0.114502 0.602668
vt 0.321173 0.943266
vt 0.114502 0.806281
vt 0.112102 0.602588
vt 0.112102 0.806201
vt 0.109326 0.602564
vt 0.109326 0.806177
vt 0.106596 0.602601
vt 0.106596 0.806214
vt 0.104328 0.602692
vt 0.175972 0.943718
vt 0.104328 0.806305
vt 0.175972 0.739800
vt 0.178362 0.943727
vt 0.178362 0.739808
vt 0.234696 0.755629
vt 0.231599 0.748150
vt 0.110588 0.870749
vt 0.234696 0.763723
vt 0.231598 0.771201
vt 0.225875 0.776925
vt 0.218397 0.780022
vt 0.210304 0.780022
vt 0.202826 0.776925
vt 0.197103 0.771201
vt 0.311118 0.737310
vt 0.194006 0.763723
vt 0.339149 0.739139
vt 0.222672 0.671383
vt 0.197104 0.748150
vt 0.202827 0.742427
vt 0.210305 0.739329
vt 0.218399 0.739329
vt 0.225876 0.742427
vt 0.264348 0.671382
vt 0.311118 0.671382
vt 0.124669 0.806405
vt 0.881095 0.238683
vt 0.751537 0.251343
vt 0.755274 0.257283
vt 0.755851 0.262182
vt 0.756402 0.266479
vt 0.776809 0.265863
vt 0.776241 0.261492
vt 0.775811 0.256529
vt 0.775536 0.251167
vt 0.775426 0.245611
vt 0.775486 0.240074
vt 0.775713 0.234770
vt 0.776098 0.229901
vt 0.776627 0.225656
vt 0.865539 0.236358
vt 0.869875 0.236021
vt 0.874811 0.235770
vt 0.881090 0.232548
vt 0.757667 0.250738
vt 0.890315 0.232548
vt 0.756763 0.241558
vt 0.753143 0.235625
vt 0.752756 0.230739
vt 0.752463 0.226459
vt 0.732039 0.124418
vt 0.732005 0.128760
vt 0.731981 0.133700
vt 0.731965 0.139050
vt 0.731960 0.144602
vt 0.731965 0.150144
vt 0.731981 0.155463
vt 0.732005 0.160354
vt 0.732039 0.164630
vt 0.905752 0.236358
vt 0.901470 0.236021
vt 0.896574 0.235770
vt 0.890320 0.238683
vt 0.750633 0.242162
vt 0.303198 0.781240
vt 0.282384 0.779328
vt 0.286699 0.794885
vt 0.184553 0.826968
vt 0.303198 0.787221
vt 0.282384 0.773338
vt 0.290159 0.797917
vt 0.295552 0.815871
vt 0.303198 0.808684
vt 0.295552 0.828865
vt 0.303198 0.814616
vt 0.261306 0.815436
vt 0.286699 0.800867
vt 0.261306 0.832126
vt 0.268996 0.780025
vt 0.184553 0.809326
vt 0.268996 0.815411
vt 0.188689 0.826490
vt 0.268996 0.786006
vt 0.291997 0.829745
vt 0.283138 0.797884
vt 0.291997 0.815439
vt 0.268996 0.809480
vt 0.264861 0.815409
vt 0.234696 0.781160
vt 0.278845 0.779330
vt 0.251242 0.794843
vt 0.188035 0.826501
vt 0.234696 0.787141
vt 0.278845 0.773340
vt 0.247772 0.797867
vt 0.299035 0.815411
vt 0.234696 0.808603
vt 0.299035 0.828405
vt 0.234696 0.814534
vt 0.264861 0.815409
vt 0.251242 0.800824
vt 0.264861 0.832099
vt 0.268996 0.780025
vt 0.188035 0.808859
vt 0.268996 0.815409
vt 0.192245 0.826518
vt 0.268996 0.786006
vt 0.295552 0.829718
vt 0.254813 0.797850
vt 0.295552 0.815411
vt 0.268996 0.809478
vt 0.268348 0.815837
vt 0.903005 0.709546
vt 0.916626 0.861405
vt 0.917051 0.727365
vt 0.909555 0.709546
vt 0.916626 0.867951
vt 0.919715 0.722591
vt 0.929027 0.882812
vt 0.929984 0.709546
vt 0.929027 0.895425
vt 0.936534 0.709546
vt 0.712327 0.898194
vt 0.922491 0.727421
vt 0.917053 0.747406
vt 0.775475 0.934283
vt 0.922493 0.747406
vt 0.929868 0.868487
vt 0.731528 0.935890
vt 0.919461 0.861405
vt 0.745456 0.918073
vt 0.738000 0.935890
vt 0.919461 0.867952
vt 0.748074 0.922846
vt 0.931855 0.882945
vt 0.758182 0.935890
vt 0.931855 0.895558
vt 0.764654 0.935890
vt 0.715158 0.898122
vt 0.750831 0.918018
vt 0.745515 0.898036
vt 0.772644 0.934333
vt 0.750890 0.898036
vt 0.927032 0.868485
vt 0.269933 0.055723
vt 0.064572 0.272067
vt 0.269955 0.060378
vt 0.288022 0.243135
vt 0.300968 0.055723
vt 0.064572 0.303213
vt 0.291437 0.060378
vt 0.143751 0.269886
vt 0.278208 0.087146
vt 0.071737 0.295045
vt 0.268677 0.091801
vt 0.140128 0.269792
vt 0.301115 0.087146
vt 0.291631 0.243133
vt 0.301137 0.091801
vt 0.140128 0.302372
vt 0.265278 0.236880
vt 0.068154 0.272057
vt 0.265289 0.232225
vt 0.284398 0.243135
vt 0.296401 0.236880
vt 0.068154 0.303202
vt 0.286832 0.232225
vt 0.140128 0.269792
vt 0.273503 0.205459
vt 0.068154 0.295056
vt 0.263933 0.200804
vt 0.136502 0.269792
vt 0.296475 0.205459
vt 0.288022 0.243135
vt 0.296485 0.200804
vt 0.136502 0.302372
s 1
f 688/811/1 691/814/1 690/813/2 689/812/2
f 689/812/2 690/813/2 693/817/3 692/815/3
f 692/816/3 693/818/3 695/820/4 694/819/4
f 694/819/4 695/820/4 697/822/5 696/821/5
f 696/821/5 697/822/5 699/824/6 698/823/6
f 698/823/6 699/824/6 701/827/7 700/825/7
f 700/826/7 701/828/7 703/830/8 702/829/8
f 702/829/8 703/830/8 705/832/9 704/831/9
f 704/831/9 705/832/9 707/834/10 706/833/10
f 706/833/10 707/834/10 709/837/11 708/835/11
f 708/836/11 709/838/11 711/840/12 710/839/12
f 710/839/12 711/840/12 713/842/13 712/841/13
f 712/841/13 713/842/13 715/844/14 714/843/14
f 714/843/14 715/844/14 717/847/15 716/845/15
f 6/6/16 4/4/16 720/851/16 722/853/16
f 716/846/15 717/848/15 719/850/17 718/849/17
f 718/849/17 719/850/17 691/814/1 688/811/1
f 1/1/16 3/3/16 5/5/16 7/7/16 9/9/16 11/11/16 13/13/16 15/15/16 17/17/16 19/19/16 21/21/16 23/23/16 25/25/16 27/27/16 29/29/16 31/31/16
f 730/861/18 42/44/19 49/53/20
f 16/16/16 14/14/16 726/857/16 727/858/16
f 26/26/16 24/24/16 731/863/16 732/864/16
f 12/12/16 10/10/16 724/855/16 725/856/16
f 22/22/16 20/20/16 729/860/16 43/45/16
f 32/32/16 30/30/16 734/866/16 735/867/16
f 8/8/16 6/6/16 722/853/16 723/854/16
f 18/18/16 16/16/16 727/858/16 728/859/16
f 4/4/16 2/2/16 721/852/16 720/851/16
f 28/28/16 26/26/16 732/864/16 733/865/16
f 14/14/16 12/12/16 725/856/16 726/857/16
f 24/24/16 22/22/16 43/45/16 731/863/16
f 2/2/16 32/32/16 735/867/16 721/852/16
f 10/10/16 8/8/16 723/854/16 724/855/16
f 20/20/16 18/18/16 728/859/16 729/860/16
f 30/30/16 28/28/16 733/865/16 734/866/16
f 36/37/21 35/35/22 49/52/20
f 44/46/23 730/862/18 49/53/20
f 37/38/24 36/37/21 49/52/20
f 45/47/25 44/46/23 49/53/20
f 38/39/26 37/38/24 49/52/20
f 46/48/27 45/47/25 49/53/20
f 39/40/28 38/39/26 49/52/20
f 47/49/29 46/48/27 49/53/20
f 40/42/30 39/41/28 49/53/20
f 48/51/31 47/50/29 49/54/20
f 41/43/32 40/42/30 49/53/20
f 33/33/33 34/34/34 49/54/20
f 34/34/34 48/51/31 49/54/20
f 42/44/19 41/43/32 49/53/20
f 35/36/22 33/33/33 49/54/20
f 736/868/20 739/871/20 738/870/35 737/869/35
f 737/869/35 738/870/35 741/874/36 740/872/36
f 740/873/36 741/875/36 743/877/37 742/876/37
f 742/876/37 743/877/37 746/880/38 744/878/38
f 745/879/39 747/881/39 749/883/40 748/882/40
f 748/882/40 749/883/40 751/886/41 750/884/41
f 750/885/41 751/887/41 753/889/42 752/888/42
f 752/888/42 753/889/42 755/891/16 754/890/16
f 754/890/16 755/891/16 757/893/43 756/892/43
f 756/892/43 757/893/43 759/896/44 758/894/44
f 758/895/44 759/897/44 761/899/45 760/898/45
f 760/898/45 761/899/45 764/902/46 762/900/46
f 763/901/47 765/903/47 767/905/48 766/904/48
f 766/904/48 767/905/48 769/908/49 768/906/49
f 55/60/9 53/58/9 772/912/9 774/914/9
f 768/907/49 769/909/49 771/911/50 770/910/50
f 770/910/50 771/911/50 739/871/20 736/868/20
f 50/55/9 52/57/9 54/59/9 56/61/9 58/63/9 60/65/9 62/67/9 64/69/9 66/71/9 68/73/9 70/75/9 72/77/9 74/79/9 76/81/9 78/83/9 80/85/9
f 783/923/51 91/98/52 98/108/53
f 65/70/9 63/68/9 779/919/9 780/920/9
f 75/80/9 73/78/9 784/925/9 785/926/9
f 61/66/9 59/64/9 776/916/9 778/918/9
f 71/76/9 69/74/9 782/922/9 92/99/9
f 81/86/9 79/84/9 788/929/9 789/930/9
f 57/62/9 55/60/9 774/914/9 775/915/9
f 67/72/9 65/70/9 780/920/9 781/921/9
f 53/58/9 51/56/9 773/913/9 772/912/9
f 77/82/9 75/80/9 785/926/9 787/928/9
f 63/68/9 61/66/9 778/918/9 779/919/9
f 73/78/9 71/76/9 92/99/9 784/925/9
f 51/56/9 81/86/9 789/930/9 773/913/9
f 59/64/9 57/62/9 775/915/9 776/916/9
f 69/74/9 67/72/9 781/921/9 782/922/9
f 79/84/9 77/82/9 787/928/9 788/929/9
f 85/91/54 84/89/55 790/931/56
f 93/100/57 783/924/51 98/106/53
f 777/917/58 85/91/54 790/931/56
f 786/927/59 93/100/57 98/106/53
f 87/93/60 86/92/61 98/107/53
f 95/102/62 94/101/63 790/932/56
f 88/94/64 87/93/60 98/107/53
f 96/103/65 95/102/62 790/932/56
f 89/96/66 88/95/64 98/108/53
f 97/105/67 96/104/65 790/933/56
f 90/97/68 89/96/66 98/108/53
f 82/87/69 83/88/70 790/933/56
f 83/88/70 97/105/67 790/933/56
f 91/98/52 90/97/68 98/108/53
f 84/90/55 82/87/69 790/933/56
f 791/934/71 795/938/71 794/937/72 793/936/72
f 793/936/72 794/937/72 798/942/73 797/940/73
f 797/941/73 798/943/73 800/945/74 799/944/74
f 799/944/74 800/945/74 802/947/20 801/946/20
f 801/946/20 802/947/20 804/949/75 803/948/75
f 803/948/75 804/949/75 806/952/76 805/950/76
f 805/951/76 806/953/76 808/955/77 807/954/77
f 807/954/77 808/955/77 811/958/78 809/956/78
f 810/957/79 812/959/79 814/961/80 813/960/80
f 813/960/80 814/961/80 816/964/81 815/962/81
f 815/963/81 816/965/81 818/967/82 817/966/82
f 817/966/82 818/967/82 820/969/16 819/968/16
f 819/968/16 820/969/16 822/971/83 821/970/83
f 821/970/83 822/971/83 824/974/84 823/972/84
f 104/114/5 102/112/5 827/978/5 830/981/5
f 823/973/84 824/975/84 826/977/85 825/976/85
f 825/976/85 826/977/85 796/939/86 792/935/86
f 99/109/5 101/111/5 103/113/5 105/115/5 107/117/5 109/119/5 111/121/5 113/123/5 115/125/5 117/127/5 119/129/5 121/131/5 123/133/5 125/135/5 127/137/5 129/139/5
f 839/990/87 140/152/88 147/162/89
f 114/124/5 112/122/5 834/985/5 835/986/5
f 124/134/5 122/132/5 840/992/5 841/993/5
f 110/120/5 108/118/5 832/983/5 833/984/5
f 120/130/5 118/128/5 838/989/5 141/153/5
f 130/140/5 128/138/5 843/995/5 844/996/5
f 106/116/5 104/114/5 830/981/5 831/982/5
f 116/126/5 114/124/5 835/986/5 836/987/5
f 102/112/5 100/110/5 828/979/5 827/978/5
f 126/136/5 124/134/5 841/993/5 842/994/5
f 112/122/5 110/120/5 833/984/5 834/985/5
f 122/132/5 120/130/5 141/153/5 840/992/5
f 100/110/5 130/140/5 844/996/5 828/979/5
f 108/118/5 106/116/5 831/982/5 832/983/5
f 118/128/5 116/126/5 836/987/5 838/989/5
f 128/138/5 126/136/5 842/994/5 843/995/5
f 134/145/90 133/143/91 845/997/92
f 142/154/93 839/991/87 147/160/89
f 135/146/94 134/145/90 845/997/92
f 143/155/95 142/154/93 147/160/89
f 136/147/96 135/146/94 845/997/92
f 144/156/97 143/155/95 147/160/89
f 137/148/98 136/147/96 845/997/92
f 145/157/99 144/156/97 147/160/89
f 138/150/100 137/149/98 845/998/92
f 146/159/101 145/158/99 147/161/89
f 837/988/102 138/150/100 845/998/92
f 131/141/103 829/980/104 845/999/92
f 132/142/105 146/159/101 147/161/89
f 140/152/88 139/151/106 147/162/89
f 133/144/91 131/141/103 845/999/92
f 152/167/107 151/166/20 161/177/108 162/178/109
f 622/743/110 621/742/111 154/169/112 155/170/113
f 625/747/114 152/167/107 162/178/109 163/179/115
f 148/163/116 622/743/110 155/170/113 156/171/117
f 153/168/118 625/747/114 163/179/115 164/180/119
f 623/744/120 148/163/116 156/171/117 157/172/121
f 626/748/122 153/168/118 164/180/119 165/182/123
f 149/164/124 623/745/120 157/173/121 158/174/125
f 627/750/126 626/749/122 165/183/123 166/184/127
f 624/746/128 149/164/124 158/174/125 159/175/129
f 628/751/130 627/750/126 166/184/127 167/185/131
f 150/165/132 624/746/128 159/175/129 160/176/133
f 629/752/134 628/751/130 167/185/131 168/186/135
f 151/166/20 150/165/132 160/176/133 161/177/108
f 621/742/111 229/265/1 154/169/112
f 455/542/9 629/752/134 168/186/135
f 168/186/135 167/185/131 182/202/136 183/203/137
f 161/177/108 160/176/133 175/194/138 176/195/35
f 154/169/112 229/265/1 169/187/139
f 455/542/9 168/186/135 183/203/137
f 162/178/109 161/177/108 176/195/35 177/196/140
f 155/170/113 154/169/112 169/187/139 170/188/141
f 163/179/115 162/178/109 177/196/140 178/197/142
f 156/171/117 155/170/113 170/188/141 171/189/143
f 164/180/119 163/179/115 178/197/142 179/199/144
f 157/172/121 156/171/117 171/189/143 172/191/145
f 165/183/123 164/181/119 179/198/144 180/200/146
f 158/174/125 157/173/121 172/190/145 173/192/147
f 166/184/127 165/183/123 180/200/146 181/201/148
f 159/175/129 158/174/125 173/192/147 174/193/149
f 167/185/131 166/184/127 181/201/148 182/202/136
f 160/176/133 159/175/129 174/193/149 175/194/138
f 180/200/146 179/198/144 194/221/150 195/222/151
f 173/192/147 172/190/145 187/208/152 188/209/153
f 181/201/148 180/200/146 195/222/151 196/223/154
f 174/193/149 173/192/147 188/209/153 189/210/155
f 182/202/136 181/201/148 196/223/154 197/224/156
f 175/194/138 174/193/149 189/210/155 190/211/157
f 183/203/137 182/202/136 197/224/156 198/225/158
f 176/195/35 175/194/138 190/211/157 191/213/159
f 169/187/139 229/265/1 184/204/160
f 455/542/9 183/203/137 198/225/158
f 177/196/140 176/195/35 191/213/159 192/215/161
f 170/188/141 169/187/139 184/204/160 185/205/162
f 178/197/142 177/196/140 192/215/161 193/217/163
f 171/189/143 170/188/141 185/205/162 186/206/164
f 179/199/144 178/197/142 193/217/163 194/219/150
f 172/191/145 171/189/143 186/206/164 187/207/152
f 184/204/160 229/265/1 199/226/165
f 455/542/9 198/225/158 213/246/166
f 192/216/161 191/214/159 206/238/36 207/239/167
f 185/205/162 184/204/160 199/226/165 200/227/168
f 193/218/163 192/216/161 207/239/167 208/240/169
f 186/206/164 185/205/162 200/227/168 201/228/170
f 194/220/150 193/218/163 208/240/169 209/241/171
f 187/207/152 186/206/164 201/228/170 202/231/172
f 195/222/151 194/221/150 209/242/171 210/243/173
f 188/209/153 187/208/152 202/229/172 203/232/174
f 196/223/154 195/222/151 210/243/173 211/244/175
f 189/210/155 188/209/153 203/232/174 204/234/176
f 197/224/156 196/223/154 211/244/175 212/245/177
f 190/211/157 189/210/155 204/234/176 205/236/178
f 198/225/158 197/224/156 212/245/177 213/246/166
f 191/214/159 190/212/157 205/237/178 206/238/36
f 203/233/174 202/230/172 217/251/179 218/252/180
f 211/244/175 210/243/173 225/261/181 226/262/182
f 204/235/176 203/233/174 218/252/180 219/253/183
f 212/245/177 211/244/175 226/262/182 227/263/184
f 205/237/178 204/235/176 219/253/183 220/254/185
f 213/246/166 212/245/177 227/263/184 846/1000/186
f 206/238/36 205/237/178 220/254/185 221/255/187
f 199/226/165 229/265/1 214/247/188
f 455/542/9 213/246/166 228/264/189
f 207/239/167 206/238/36 221/255/187 222/256/190
f 200/227/168 199/226/165 847/1001/191 215/248/192
f 208/240/169 207/239/167 222/256/190 223/257/193
f 201/228/170 200/227/168 215/248/192 216/249/194
f 209/241/171 208/240/169 223/257/193 224/259/195
f 202/231/172 201/228/170 216/249/194 217/250/179
f 210/243/173 209/242/171 224/258/195 225/261/181
f 222/256/190 221/255/187 237/274/37 238/275/196
f 215/248/192 847/1001/191 230/266/197 231/267/198
f 223/257/193 222/256/190 238/275/196 239/276/199
f 216/249/194 215/248/192 231/267/198 232/268/200
f 224/259/195 223/257/193 239/276/199 240/277/201
f 217/250/179 216/249/194 232/268/200 233/269/202
f 225/260/181 224/259/195 240/277/201 241/279/203
f 218/252/180 217/251/179 233/270/202 234/271/204
f 226/262/182 225/261/181 241/278/203 242/280/205
f 219/253/183 218/252/180 234/271/204 235/272/206
f 227/263/184 226/262/182 242/280/205 243/281/207
f 220/254/185 219/253/183 235/272/206 236/273/208
f 846/1000/186 227/263/184 243/281/207 244/282/209
f 221/255/187 220/254/185 236/273/208 237/274/37
f 214/247/188 229/265/1 230/266/197
f 455/542/9 228/264/189 244/282/209
f 242/280/205 241/278/203 256/296/210 257/297/211
f 235/272/206 234/271/204 249/288/212 250/289/213
f 243/281/207 242/280/205 257/297/211 258/298/214
f 236/273/208 235/272/206 250/289/213 251/290/215
f 244/282/209 243/281/207 258/298/214 259/299/216
f 237/274/37 236/273/208 251/290/215 252/291/38
f 230/266/197 229/265/1 245/283/217
f 455/542/9 244/282/209 259/299/216
f 238/275/196 237/274/37 252/291/38 253/292/218
f 231/267/198 230/266/197 245/283/217 246/284/219
f 239/276/199 238/275/196 253/292/218 254/293/220
f 232/268/200 231/267/198 246/284/219 247/285/221
f 240/277/201 239/276/199 254/293/220 255/294/222
f 233/269/202 232/268/200 247/285/221 248/286/223
f 241/279/203 240/277/201 255/294/222 256/295/210
f 234/271/204 233/270/202 248/287/223 249/288/212
f 246/284/219 245/283/217 260/300/224 848/1002/225
f 254/293/220 253/292/218 855/1010/226 856/1011/227
f 247/285/221 246/284/219 848/1002/225 849/1003/228
f 255/294/222 254/293/220 856/1011/227 857/1012/229
f 248/286/223 247/285/221 849/1003/228 850/1004/230
f 256/295/210 255/294/222 857/1012/229 858/1013/231
f 249/288/212 248/287/223 850/1005/230 851/1006/232
f 257/297/211 256/296/210 858/1014/231 859/1015/233
f 250/289/213 249/288/212 851/1006/232 852/1007/234
f 258/298/214 257/297/211 859/1015/233 860/1016/235
f 251/290/215 250/289/213 852/1007/234 853/1008/236
f 259/299/216 258/298/214 860/1016/235 274/316/237
f 252/291/38 251/290/215 853/1008/236 854/1009/238
f 245/283/217 229/265/1 260/300/224
f 455/542/9 259/299/216 274/316/237
f 253/292/218 252/291/38 854/1009/238 855/1010/226
f 265/306/239 264/305/240 279/322/241 280/323/242
f 273/315/243 272/314/244 287/331/245 288/332/246
f 266/307/247 265/306/239 280/323/242 281/324/248
f 274/316/237 273/315/243 288/332/246 289/333/249
f 267/308/250 266/307/247 281/324/248 282/325/39
f 260/300/224 229/265/1 275/317/251
f 455/542/9 274/316/237 289/333/249
f 268/309/252 267/308/250 282/325/39 283/326/253
f 261/301/254 260/300/224 275/317/251 276/318/255
f 269/310/256 268/309/252 283/326/253 284/327/257
f 262/302/258 261/301/254 276/318/255 277/319/259
f 270/311/260 269/310/256 284/327/257 285/328/261
f 263/303/262 262/302/258 277/319/259 278/320/263
f 271/312/264 270/311/260 285/328/261 286/329/265
f 264/305/240 263/304/262 278/321/263 279/322/241
f 272/314/244 271/313/264 286/330/265 287/331/245
f 284/327/257 283/326/253 298/344/266 299/345/267
f 277/319/259 276/318/255 291/335/268 292/336/269
f 285/328/261 284/327/257 299/345/267 300/346/270
f 278/320/263 277/319/259 292/336/269 293/338/271
f 286/329/265 285/328/261 300/346/270 301/347/272
f 279/322/241 278/321/263 293/337/271 294/340/273
f 287/331/245 286/330/265 301/348/272 302/349/274
f 280/323/242 279/322/241 294/340/273 295/341/275
f 288/332/246 287/331/245 302/349/274 303/350/276
f 281/324/248 280/323/242 295/341/275 296/342/277
f 289/333/249 288/332/246 303/350/276 304/351/278
f 282/325/39 281/324/248 296/342/277 297/343/40
f 275/317/251 229/265/1 290/334/279
f 455/542/9 289/333/249 304/351/278
f 283/326/253 282/325/39 297/343/40 298/344/266
f 276/318/255 275/317/251 290/334/279 291/335/268
f 303/350/276 302/349/274 317/372/280 318/373/281
f 296/342/277 295/341/275 310/358/282 311/359/283
f 304/351/278 303/350/276 318/373/281 861/1017/284
f 297/343/40 296/342/277 311/359/283 312/361/285
f 290/334/279 229/265/1 305/352/286
f 455/542/9 304/351/278 319/374/287
f 298/344/266 297/343/40 312/361/285 313/363/288
f 291/335/268 290/334/279 862/1018/289 306/353/290
f 299/345/267 298/344/266 313/363/288 314/365/291
f 292/336/269 291/335/268 306/353/290 307/354/292
f 300/346/270 299/345/267 314/365/291 315/367/293
f 293/338/271 292/336/269 307/354/292 308/355/294
f 301/347/272 300/346/270 315/367/293 316/370/295
f 294/339/273 293/338/271 308/355/294 309/356/296
f 302/349/274 301/348/272 316/371/295 317/372/280
f 295/341/275 294/340/273 309/357/296 310/358/282
f 315/368/293 314/366/291 329/388/297 330/390/298
f 308/355/294 307/354/292 322/377/299 323/378/300
f 316/371/295 315/369/293 330/389/298 331/392/301
f 309/356/296 308/355/294 323/378/300 324/380/302
f 317/372/280 316/371/295 331/392/301 332/393/303
f 310/358/282 309/357/296 324/379/302 325/382/304
f 318/373/281 317/372/280 332/393/303 333/394/305
f 311/359/283 310/358/282 325/382/304 326/384/306
f 861/1017/284 318/373/281 333/394/305 334/395/307
f 312/362/285 311/360/283 326/385/306 327/386/41
f 305/352/286 229/265/1 320/375/308
f 455/542/9 319/374/287 334/395/307
f 313/364/288 312/362/285 327/386/41 328/387/309
f 306/353/290 862/1018/289 320/375/308 321/376/310
f 314/366/291 313/364/288 328/387/309 329/388/297
f 307/354/292 306/353/290 321/376/310 322/377/299
f 334/395/307 333/394/305 348/412/311 349/413/312
f 327/386/41 326/385/306 341/404/313 342/405/314
f 320/375/308 229/265/1 335/396/315
f 455/542/9 334/395/307 349/413/312
f 328/387/309 327/386/41 342/405/314 343/406/316
f 321/376/310 320/375/308 335/396/315 336/397/317
f 329/388/297 328/387/309 343/406/316 344/407/318
f 322/377/299 321/376/310 336/397/317 337/398/319
f 330/390/298 329/388/297 344/407/318 345/408/320
f 323/378/300 322/377/299 337/398/319 338/399/321
f 331/391/301 330/390/298 345/408/320 346/409/322
f 324/380/302 323/378/300 338/399/321 339/401/323
f 332/393/303 331/392/301 346/410/322 347/411/324
f 325/383/304 324/381/302 339/402/323 340/403/325
f 333/394/305 332/393/303 347/411/324 348/412/311
f 326/385/306 325/383/304 340/403/325 341/404/313
f 338/399/321 337/398/319 352/416/326 353/417/327
f 346/409/322 345/408/320 360/425/328 361/426/329
f 339/402/323 338/400/321 353/418/327 354/419/330
f 347/411/324 346/410/322 361/427/329 362/428/331
f 340/403/325 339/402/323 354/419/330 355/420/332
f 348/412/311 347/411/324 362/428/331 363/429/333
f 341/404/313 340/403/325 355/420/332 356/421/334
f 349/413/312 348/412/311 363/429/333 364/430/335
f 342/405/314 341/404/313 356/421/334 357/422/42
f 335/396/315 229/265/1 350/414/336
f 455/542/9 349/413/312 364/430/335
f 343/406/316 342/405/314 357/422/42 358/423/337
f 336/397/317 335/396/315 350/414/336 351/415/338
f 344/407/318 343/406/316 358/423/337 359/424/339
f 337/398/319 336/397/317 351/415/338 352/416/326
f 345/408/320 344/407/318 359/424/339 360/425/328
f 357/422/42 356/421/334 371/438/340 372/439/341
f 350/414/336 229/265/1 365/431/342
f 455/542/9 364/430/335 379/447/343
f 358/423/337 357/422/42 372/439/341 373/440/344
f 351/415/338 350/414/336 365/431/342 366/432/345
f 359/424/339 358/423/337 373/440/344 374/441/346
f 352/416/326 351/415/338 366/432/345 367/433/347
f 360/425/328 359/424/339 374/441/346 375/442/348
f 353/417/327 352/416/326 367/433/347 368/435/349
f 361/426/329 360/425/328 375/442/348 376/443/350
f 354/419/330 353/418/327 368/434/349 369/436/351
f 362/428/331 361/427/329 376/444/350 377/445/352
f 355/420/332 354/419/330 369/436/351 370/437/353
f 363/429/333 362/428/331 377/445/352 378/446/354
f 356/421/334 355/420/332 370/437/353 371/438/340
f 364/430/335 363/429/333 378/446/354 379/447/343
f 376/443/350 375/442/348 390/459/355 391/460/356
f 369/436/351 368/434/349 383/452/357 384/453/358
f 377/445/352 376/444/350 391/461/356 392/462/359
f 370/437/353 369/436/351 384/453/358 385/454/360
f 378/446/354 377/445/352 392/462/359 393/463/361
f 371/438/340 370/437/353 385/454/360 386/455/362
f 379/447/343 378/446/354 393/463/361 394/464/363
f 372/439/341 371/438/340 386/455/362 387/456/16
f 365/431/342 229/265/1 380/448/364
f 455/542/9 379/447/343 394/464/363
f 373/440/344 372/439/341 387/456/16 388/457/365
f 366/432/345 365/431/342 380/448/364 381/449/366
f 374/441/346 373/440/344 388/457/365 389/458/367
f 367/433/347 366/432/345 381/449/366 382/450/368
f 375/442/348 374/441/346 389/458/367 390/459/355
f 368/435/349 367/433/347 382/450/368 383/451/357
f 380/448/364 229/265/1 395/465/369
f 455/542/9 394/464/363 409/481/370
f 388/457/365 387/456/16 402/473/371 403/474/372
f 381/449/366 380/448/364 395/465/369 396/466/373
f 389/458/367 388/457/365 403/474/372 404/475/374
f 382/450/368 381/449/366 396/466/373 397/467/375
f 390/459/355 389/458/367 404/475/374 405/476/376
f 383/451/357 382/450/368 397/467/375 398/469/377
f 391/460/356 390/459/355 405/476/376 406/478/378
f 384/453/358 383/452/357 398/468/377 399/470/379
f 392/462/359 391/461/356 406/477/378 407/479/380
f 385/454/360 384/453/358 399/470/379 400/471/381
f 393/463/361 392/462/359 407/479/380 408/480/382
f 386/455/362 385/454/360 400/471/381 401/472/383
f 394/464/363 393/463/361 408/480/382 409/481/370
f 387/456/16 386/455/362 401/472/383 402/473/371
f 399/470/379 398/468/377 413/485/384 414/488/385
f 407/479/380 406/477/378 421/496/386 422/497/387
f 400/471/381 399/470/379 414/488/385 415/489/388
f 408/480/382 407/479/380 422/497/387 423/498/389
f 401/472/383 400/471/381 415/489/388 416/490/390
f 409/481/370 408/480/382 423/498/389 424/499/391
f 402/473/371 401/472/383 416/490/390 417/491/43
f 395/465/369 229/265/1 410/482/392
f 455/542/9 409/481/370 424/499/391
f 403/474/372 402/473/371 417/491/43 418/492/393
f 396/466/373 395/465/369 410/482/392 411/483/394
f 404/475/374 403/474/372 418/492/393 419/493/395
f 397/467/375 396/466/373 411/483/394 412/484/396
f 405/476/376 404/475/374 419/493/395 420/494/397
f 398/469/377 397/467/375 412/484/396 413/486/384
f 406/478/378 405/476/376 420/494/397 421/495/386
f 418/492/393 417/491/43 432/508/398 433/509/399
f 411/483/394 410/482/392 425/500/400 426/501/401
f 419/493/395 418/492/393 433/509/399 434/510/402
f 412/484/396 411/483/394 426/501/401 427/502/403
f 420/494/397 419/493/395 434/510/402 435/511/404
f 413/486/384 412/484/396 427/502/403 428/503/405
f 421/495/386 420/494/397 435/511/404 436/513/406
f 414/487/385 413/486/384 428/503/405 429/505/407
f 422/497/387 421/496/386 436/512/406 437/514/408
f 415/489/388 414/488/385 429/504/407 430/506/409
f 423/498/389 422/497/387 437/514/408 438/515/410
f 416/490/390 415/489/388 430/506/409 431/507/411
f 424/499/391 423/498/389 438/515/410 439/516/412
f 417/491/43 416/490/390 431/507/411 432/508/398
f 410/482/392 229/265/1 425/500/400
f 455/542/9 424/499/391 439/516/412
f 437/514/408 436/512/406 451/538/413 452/539/414
f 430/506/409 429/504/407 444/521/415 445/524/416
f 438/515/410 437/514/408 452/539/414 453/540/417
f 431/507/411 430/506/409 445/524/416 446/526/418
f 439/516/412 438/515/410 453/540/417 454/541/419
f 432/508/398 431/507/411 446/526/418 447/528/44
f 425/500/400 229/265/1 440/517/420
f 455/542/9 439/516/412 454/541/419
f 433/509/399 432/508/398 447/528/44 448/530/421
f 426/501/401 425/500/400 440/517/420 441/518/422
f 434/510/402 433/509/399 448/530/421 449/532/423
f 427/502/403 426/501/401 441/518/422 442/519/424
f 435/511/404 434/510/402 449/532/423 450/534/425
f 428/503/405 427/502/403 442/519/424 443/520/426
f 436/513/406 435/511/404 450/534/425 451/536/413
f 429/505/407 428/503/405 443/520/426 444/522/415
f 449/533/423 448/531/421 464/553/427 465/554/428
f 442/519/424 441/518/422 457/544/429 458/545/430
f 450/535/425 449/533/423 465/554/428 466/555/431
f 443/520/426 442/519/424 458/545/430 459/546/432
f 451/537/413 450/535/425 466/555/431 467/556/433
f 444/522/415 443/520/426 459/546/432 460/548/434
f 452/539/414 451/538/413 467/557/433 468/558/435
f 445/525/416 444/523/415 460/549/434 461/550/436
f 453/540/417 452/539/414 468/558/435 469/559/437
f 446/527/418 445/525/416 461/550/436 462/551/438
f 454/541/419 453/540/417 469/559/437 863/1019/439
f 447/529/44 446/527/418 462/551/438 463/552/440
f 440/517/420 229/265/1 456/543/441
f 455/542/9 454/541/419 470/560/442
f 448/531/421 447/529/44 463/552/440 464/553/427
f 441/518/422 440/517/420 864/1020/443 457/544/429
f 469/559/437 468/558/435 483/575/444 484/576/445
f 462/551/438 461/550/436 476/567/446 477/568/447
f 863/1019/439 469/559/437 484/576/445 485/577/448
f 463/552/440 462/551/438 477/568/447 478/569/45
f 456/543/441 229/265/1 471/561/449
f 455/542/9 470/560/442 485/577/448
f 464/553/427 463/552/440 478/569/45 479/570/450
f 457/544/429 864/1020/443 471/561/449 472/562/451
f 465/554/428 464/553/427 479/570/450 480/571/452
f 458/545/430 457/544/429 472/562/451 473/563/453
f 466/555/431 465/554/428 480/571/452 481/572/454
f 459/546/432 458/545/430 473/563/453 474/564/455
f 467/556/433 466/555/431 481/572/454 482/573/456
f 460/549/434 459/547/432 474/565/455 475/566/457
f 468/558/435 467/557/433 482/574/456 483/575/444
f 461/550/436 460/549/434 475/566/457 476/567/446
f 473/563/453 472/562/451 487/579/458 488/580/459
f 481/572/454 480/571/452 495/588/460 496/589/461
f 474/564/455 473/563/453 488/580/459 489/581/462
f 482/573/456 481/572/454 496/589/461 497/590/463
f 475/566/457 474/565/455 489/582/462 490/583/464
f 483/575/444 482/574/456 497/591/463 498/592/465
f 476/567/446 475/566/457 490/583/464 491/584/466
f 484/576/445 483/575/444 498/592/465 499/593/467
f 477/568/447 476/567/446 491/584/466 492/585/468
f 485/577/448 484/576/445 499/593/467 500/594/469
f 478/569/45 477/568/447 492/585/468 493/586/46
f 471/561/449 229/265/1 486/578/470
f 455/542/9 485/577/448 500/594/469
f 479/570/450 478/569/45 493/586/46 494/587/471
f 472/562/451 471/561/449 486/578/470 487/579/458
f 480/571/452 479/570/450 494/587/471 495/588/460
f 492/585/468 491/584/466 869/1026/472 870/1027/473
f 500/594/469 499/593/467 877/1035/474 515/611/475
f 493/586/46 492/585/468 870/1027/473 871/1028/476
f 486/578/470 229/265/1 501/595/477
f 455/542/9 500/594/469 515/611/475
f 494/587/471 493/586/46 871/1028/476 872/1029/478
f 487/579/458 486/578/470 501/595/477 865/1021/479
f 495/588/460 494/587/471 872/1029/478 873/1030/480
f 488/580/459 487/579/458 865/1021/479 866/1022/481
f 496/589/461 495/588/460 873/1030/480 874/1031/482
f 489/581/462 488/580/459 866/1022/481 867/1023/483
f 497/590/463 496/589/461 874/1031/482 875/1032/484
f 490/583/464 489/582/462 867/1024/483 868/1025/485
f 498/592/465 497/591/463 875/1033/484 876/1034/486
f 491/584/466 490/583/464 868/1025/485 869/1026/472
f 499/593/467 498/592/465 876/1034/486 877/1035/474
f 511/606/487 510/605/488 525/622/489 526/623/490
f 504/598/491 503/597/492 518/614/493 519/615/494
f 512/607/495 511/606/487 526/623/490 527/624/496
f 505/600/497 504/599/491 519/616/494 520/617/498
f 513/609/499 512/608/495 527/625/496 528/626/500
f 506/601/501 505/600/497 520/617/498 521/618/502
f 514/610/503 513/609/499 528/626/500 529/627/504
f 507/602/505 506/601/501 521/618/502 522/619/506
f 515/611/475 514/610/503 529/627/504 530/628/507
f 508/603/508 507/602/505 522/619/506 523/620/47
f 501/595/477 229/265/1 516/612/509
f 455/542/9 515/611/475 530/628/507
f 509/604/510 508/603/508 523/620/47 524/621/511
f 502/596/512 501/595/477 516/612/509 517/613/513
f 510/605/488 509/604/510 524/621/511 525/622/489
f 503/597/492 502/596/512 517/613/513 518/614/493
f 530/628/507 529/627/504 544/644/514 545/645/515
f 523/620/47 522/619/506 537/636/516 538/637/48
f 516/612/509 229/265/1 531/629/517
f 455/542/9 530/628/507 545/645/515
f 524/621/511 523/620/47 538/637/48 539/638/518
f 517/613/513 516/612/509 531/629/517 532/630/519
f 525/622/489 524/621/511 539/638/518 540/639/520
f 518/614/493 517/613/513 532/630/519 533/631/521
f 526/623/490 525/622/489 540/639/520 541/640/522
f 519/615/494 518/614/493 533/631/521 534/632/523
f 527/624/496 526/623/490 541/640/522 542/641/524
f 520/617/498 519/616/494 534/633/523 535/634/525
f 528/626/500 527/625/496 542/642/524 543/643/526
f 521/618/502 520/617/498 535/634/525 536/635/527
f 529/627/504 528/626/500 543/643/526 544/644/514
f 522/619/506 521/618/502 536/635/527 537/636/516
f 534/632/523 533/631/521 548/648/528 549/650/529
f 542/641/524 541/640/522 556/658/530 557/660/531
f 535/634/525 534/633/523 549/649/529 550/652/532
f 543/643/526 542/642/524 557/661/531 558/662/533
f 536/635/527 535/634/525 550/652/532 551/653/534
f 544/644/514 543/643/526 558/662/533 559/663/535
f 537/636/516 536/635/527 551/653/534 552/654/536
f 545/645/515 544/644/514 559/663/535 878/1036/537
f 538/637/48 537/636/516 552/654/536 553/655/538
f 531/629/517 229/265/1 546/646/539
f 455/542/9 545/645/515 560/664/540
f 539/638/518 538/637/48 553/655/538 554/656/541
f 532/630/519 531/629/517 879/1037/542 547/647/543
f 540/639/520 539/638/518 554/656/541 555/657/544
f 533/631/521 532/630/519 547/647/543 548/648/528
f 541/640/522 540/639/520 555/657/544 556/658/530
f 553/655/538 552/654/536 567/675/545 568/677/49
f 546/646/539 229/265/1 561/665/546
f 455/542/9 560/664/540 575/689/547
f 554/656/541 553/655/538 568/677/49 569/679/548
f 547/647/543 879/1037/542 561/665/546 562/666/549
f 555/657/544 554/656/541 569/679/548 570/681/550
f 548/648/528 547/647/543 562/666/549 563/667/551
f 556/658/530 555/657/544 570/681/550 571/683/552
f 549/650/529 548/648/528 563/667/551 564/669/553
f 557/661/531 556/659/530 571/684/552 572/686/554
f 550/651/532 549/650/529 564/669/553 565/670/555
f 558/662/533 557/661/531 572/686/554 573/687/556
f 551/653/534 550/652/532 565/671/555 566/673/557
f 559/663/535 558/662/533 573/687/556 574/688/558
f 552/654/536 551/653/534 566/673/557 567/675/545
f 878/1036/537 559/663/535 574/688/558 575/689/547
f 572/686/554 571/684/552 586/702/559 587/703/560
f 565/672/555 564/668/553 579/694/561 580/695/562
f 573/687/556 572/686/554 587/703/560 588/704/563
f 566/674/557 565/672/555 580/695/562 581/696/564
f 574/688/558 573/687/556 588/704/563 589/705/565
f 567/676/545 566/674/557 581/696/564 582/697/566
f 575/689/547 574/688/558 589/705/565 590/706/567
f 568/678/49 567/676/545 582/697/566 583/698/568
f 561/665/546 229/265/1 576/690/569
f 455/542/9 575/689/547 590/706/567
f 569/680/548 568/678/49 583/698/568 584/699/570
f 562/666/549 561/665/546 576/690/569 577/691/571
f 570/682/550 569/680/548 584/699/570 585/700/572
f 563/667/551 562/666/549 577/691/571 578/692/573
f 571/685/552 570/682/550 585/700/572 586/701/559
f 564/669/553 563/667/551 578/692/573 579/693/561
f 455/542/9 590/706/567 605/723/574
f 584/699/570 583/698/568 598/715/50 599/716/575
f 577/691/571 576/690/569 591/707/576 592/708/577
f 585/700/572 584/699/570 599/716/575 600/717/578
f 578/692/573 577/691/571 592/708/577 593/709/579
f 586/701/559 585/700/572 600/717/578 601/718/580
f 579/693/561 578/692/573 593/709/579 594/710/581
f 587/703/560 586/702/559 601/719/580 602/720/582
f 580/695/562 579/694/561 594/711/581 595/712/583
f 588/704/563 587/703/560 602/720/582 603/721/584
f 581/696/564 580/695/562 595/712/583 596/713/585
f 589/705/565 588/704/563 603/721/584 604/722/586
f 582/697/566 581/696/564 596/713/585 597/714/587
f 590/706/567 589/705/565 604/722/586 605/723/574
f 583/698/568 582/697/566 597/714/587 598/715/50
f 576/690/569 229/265/1 591/707/576
f 603/721/584 602/720/582 617/738/588 618/739/589
f 596/713/585 595/712/583 610/729/590 611/730/591
f 604/722/586 603/721/584 618/739/589 619/740/592
f 597/714/587 596/713/585 611/730/591 612/731/593
f 605/723/574 604/722/586 619/740/592 620/741/594
f 598/715/50 597/714/587 612/731/593 613/732/595
f 591/707/576 229/265/1 606/724/596
f 455/542/9 605/723/574 620/741/594
f 599/716/575 598/715/50 613/732/595 614/733/597
f 592/708/577 591/707/576 606/724/596 607/725/598
f 600/717/578 599/716/575 614/733/597 615/734/599
f 593/709/579 592/708/577 607/725/598 608/726/600
f 601/718/580 600/717/578 615/734/599 616/736/601
f 594/710/581 593/709/579 608/726/600 609/727/602
f 602/720/582 601/719/580 616/735/601 617/738/588
f 595/712/583 594/711/581 609/728/602 610/729/590
f 607/725/598 606/724/596 621/742/111 622/743/110
f 615/734/599 614/733/597 152/167/107 625/747/114
f 608/726/600 607/725/598 622/743/110 148/163/116
f 616/736/601 615/734/599 625/747/114 153/168/118
f 609/727/602 608/726/600 148/163/116 623/744/120
f 617/737/588 616/736/601 153/168/118 626/748/122
f 610/729/590 609/728/602 623/745/120 149/164/124
f 618/739/589 617/738/588 626/749/122 627/750/126
f 611/730/591 610/729/590 149/164/124 624/746/128
f 619/740/592 618/739/589 627/750/126 628/751/130
f 612/731/593 611/730/591 624/746/128 150/165/132
f 620/741/594 619/740/592 628/751/130 629/752/134
f 613/732/595 612/731/593 150/165/132 151/166/20
f 606/724/596 229/265/1 621/742/111
f 455/542/9 620/741/594 629/752/134
f 614/733/597 613/732/595 151/166/20 152/167/107
s 0
f 882/1040/20 880/1038/20 884/1042/20
f 882/1040/20 884/1042/20 886/1044/20
f 886/1044/20 888/1046/20 890/1048/20
f 886/1044/20 890/1048/20 892/1050/20
f 882/1040/20 886/1044/20 892/1050/20
f 894/1052/20 882/1040/20 892/1050/20
f 894/1052/20 892/1050/20 900/1058/20
f 900/1058/20 892/1050/20 896/1054/20
f 894/1052/20 900/1058/20 898/1056/20
f 902/1060/20 900/1058/20 896/1054/20
f 906/1064/16 908/1066/16 904/1062/16
f 906/1064/16 910/1068/16 908/1066/16
f 910/1068/16 914/1072/16 912/1070/16
f 910/1068/16 916/1074/16 914/1072/16
f 906/1064/16 916/1074/16 910/1068/16
f 918/1076/16 916/1074/16 906/1064/16
f 918/1076/16 924/1082/16 916/1074/16
f 924/1082/16 920/1078/16 916/1074/16
f 918/1076/16 922/1080/16 924/1082/16
f 926/1084/16 920/1078/16 924/1082/16
f 883/1041/603 895/1053/603 919/1077/603 907/1065/603
f 899/1057/604 901/1059/604 925/1083/604 923/1081/604
f 889/1047/605 887/1045/605 911/1069/605 913/1071/605
f 638/761/606 903/1061/606 927/1085/606 650/773/606
f 885/1043/9 881/1039/9 905/1063/9 909/1067/9
f 893/1051/607 891/1049/607 915/1073/607 917/1075/607
f 897/1055/608 641/764/608 648/771/608 921/1079/608
f 639/762/1 640/763/1 651/774/1 653/776/1
f 634/757/609 635/758/609 643/766/609 642/765/609
f 636/759/1 637/760/1 652/775/1 649/772/1
f 630/753/9 631/754/9 646/769/9 647/770/9
f 632/755/610 633/756/610 644/767/610 645/768/610
f 930/1088/5 928/1086/5 931/1089/5
f 930/1088/5 931/1089/5 933/1091/5
f 933/1091/5 935/1093/5 937/1095/5
f 933/1091/5 937/1095/5 939/1097/5
f 930/1088/5 933/1091/5 939/1097/5
f 940/1098/5 930/1088/5 939/1097/5
f 940/1098/5 939/1097/5 942/1100/5
f 946/1104/13 947/1105/13 944/1102/13
f 946/1104/13 949/1107/13 947/1105/13
f 949/1107/13 953/1111/13 951/1109/13
f 949/1107/13 955/1113/13 953/1111/13
f 946/1104/13 955/1113/13 949/1107/13
f 956/1114/13 955/1113/13 946/1104/13
f 956/1114/13 958/1116/13 955/1113/13
f 657/780/16 941/1099/16 957/1115/16 664/787/16
f 936/1094/611 934/1092/611 950/1108/611 952/1110/611
f 932/1090/1 929/1087/1 945/1103/1 948/1106/1
f 660/783/612 938/1096/612 954/1112/612 669/792/612
f 658/781/9 943/1101/9 959/1117/9 670/793/9
f 656/779/613 657/780/613 664/787/613 663/786/613
f 661/784/1 662/785/1 667/790/1 668/791/1
f 659/782/20 660/783/20 669/792/20 671/794/20
f 654/777/614 655/778/614 665/788/614 666/789/614
f 962/1120/20 960/1118/20 964/1122/20
f 962/1120/20 964/1122/20 966/1124/20
f 966/1124/20 964/1122/20 968/1126/20
f 970/1128/20 966/1124/20 968/1126/20
f 970/1128/20 968/1126/20 972/1130/20
f 970/1128/20 972/1130/20 974/1132/20
f 978/1136/16 980/1138/16 976/1134/16
f 978/1136/16 982/1140/16 980/1138/16
f 982/1140/16 984/1142/16 980/1138/16
f 986/1144/16 984/1142/16 982/1140/16
f 986/1144/16 988/1146/16 984/1142/16
f 986/1144/16 990/1148/16 988/1146/16
f 965/1123/13 961/1119/13 977/1135/13 981/1139/13
f 971/1129/5 975/1133/5 991/1149/5 987/1145/5
f 678/801/1 963/1121/1 979/1137/1 680/803/1
f 967/1125/615 673/796/615 685/808/615 983/1141/615
f 679/802/5 672/795/5 683/806/5 681/804/5
f 674/797/9 973/1131/9 989/1147/9 687/810/9
f 675/798/13 969/1127/13 985/1143/13 686/809/13
f 676/799/616 677/800/616 682/805/616 684/807/616
