# Blender 3.3.1
# www.blender.org
o Crate01
v 0.581030 -0.226623 0.485316
v 0.581030 -0.233005 0.461948
v 0.581030 -0.256434 0.455791
v 0.581030 -0.273481 0.473003
v 0.581030 -0.267098 0.496371
v 0.581030 -0.243669 0.502528
v 0.604405 -0.233307 0.483560
v 0.598420 -0.226623 0.485316
v 0.604405 -0.237869 0.466858
v 0.598420 -0.233005 0.461948
v 0.604405 -0.254614 0.462458
v 0.598420 -0.256434 0.455791
v 0.604405 -0.266797 0.474759
v 0.598420 -0.273481 0.473003
v 0.604405 -0.262235 0.491461
v 0.598420 -0.267098 0.496371
v 0.604405 -0.245490 0.495861
v 0.598420 -0.243669 0.502528
v 0.581030 -0.328465 0.360118
v 0.581030 -0.339093 0.338349
v 0.581030 -0.363260 0.336669
v 0.581030 -0.376798 0.356758
v 0.581030 -0.366169 0.378527
v 0.581030 -0.342003 0.380207
v 0.604405 -0.335360 0.359639
v 0.598420 -0.328465 0.360118
v 0.604405 -0.342956 0.344080
v 0.598420 -0.339093 0.338349
v 0.604405 -0.360227 0.342880
v 0.598420 -0.363260 0.336669
v 0.604405 -0.369903 0.357237
v 0.598420 -0.376798 0.356758
v 0.604405 -0.362307 0.372795
v 0.598420 -0.366169 0.378527
v 0.604405 -0.345035 0.373996
v 0.598420 -0.342003 0.380207
v 0.553750 -0.209404 0.350445
v 0.553750 -0.227760 0.334637
v 0.553750 -0.250628 0.342630
v 0.553750 -0.255140 0.366431
v 0.553750 -0.236785 0.382239
v 0.553750 -0.213916 0.374246
v 0.577125 -0.215928 0.352725
v 0.571140 -0.209404 0.350445
v 0.577125 -0.229047 0.341427
v 0.571140 -0.227760 0.334637
v 0.577125 -0.245391 0.347140
v 0.571140 -0.250628 0.342630
v 0.577125 -0.248616 0.364150
v 0.571140 -0.255140 0.366431
v 0.577125 -0.235497 0.375448
v 0.571140 -0.236785 0.382239
v 0.577125 -0.219153 0.369736
v 0.571140 -0.213916 0.374246
v 0.581030 0.577063 -0.313806
v 0.581030 0.553694 -0.320189
v 0.581030 0.547537 -0.343618
v 0.581030 0.564749 -0.360664
v 0.581030 0.588118 -0.354282
v 0.581030 0.594275 -0.330853
v 0.604405 0.575306 -0.320490
v 0.598420 0.577063 -0.313806
v 0.604405 0.558604 -0.325052
v 0.598420 0.553694 -0.320189
v 0.604405 0.554204 -0.341797
v 0.598420 0.547537 -0.343618
v 0.604405 0.566506 -0.353980
v 0.598420 0.564749 -0.360664
v 0.604405 0.583207 -0.349419
v 0.598420 0.588118 -0.354282
v 0.604405 0.587608 -0.332674
v 0.598420 0.594275 -0.330853
v 0.581030 0.451865 -0.415649
v 0.581030 0.430096 -0.426277
v 0.581030 0.428416 -0.450443
v 0.581030 0.448504 -0.463981
v 0.581030 0.470273 -0.453353
v 0.581030 0.471953 -0.429187
v 0.604405 0.451385 -0.422543
v 0.598420 0.451865 -0.415649
v 0.604405 0.435827 -0.430139
v 0.598420 0.430096 -0.426277
v 0.604405 0.434626 -0.447411
v 0.598420 0.428416 -0.450443
v 0.604405 0.448984 -0.457087
v 0.598420 0.448504 -0.463981
v 0.604405 0.464542 -0.449490
v 0.598420 0.470273 -0.453353
v 0.604405 0.465743 -0.432219
v 0.598420 0.471953 -0.429187
v 0.553750 0.442192 -0.296588
v 0.553750 0.426384 -0.314943
v 0.553750 0.434377 -0.337811
v 0.553750 0.458177 -0.342324
v 0.553750 0.473985 -0.323968
v 0.553750 0.465992 -0.301100
v 0.577125 0.444472 -0.303112
v 0.571140 0.442192 -0.296588
v 0.577125 0.433174 -0.316231
v 0.571140 0.426384 -0.314943
v 0.577125 0.438886 -0.332575
v 0.571140 0.434377 -0.337811
v 0.577125 0.455897 -0.335800
v 0.571140 0.458177 -0.342324
v 0.577125 0.467195 -0.322680
v 0.571140 0.473985 -0.323968
v 0.577125 0.461483 -0.306336
v 0.571140 0.465992 -0.301100
v 0.508042 0.486780 0.396208
v 0.508042 0.486780 -0.365246
v 0.508042 -0.274674 -0.365246
v 0.508042 -0.274674 0.396208
v 0.533691 0.636388 0.548892
v 0.533691 -0.430434 0.548892
v 0.533691 0.636388 -0.517931
v 0.533691 -0.430434 -0.517930
v 0.543856 -0.437791 -0.528363
v 0.543856 0.649898 -0.528363
v 0.543856 -0.437791 0.559326
v 0.543856 0.649898 0.559326
v 0.572151 -0.276588 -0.367160
v 0.581831 -0.286562 -0.377134
v 0.581831 -0.286562 0.408097
v 0.572151 -0.276588 0.398123
v 0.572151 0.488695 -0.367160
v 0.581831 0.498668 -0.377134
v 0.581831 0.498668 0.408096
v 0.572151 0.488695 0.398123
v 0.574617 0.649898 0.559326
v 0.585620 0.638894 0.548322
v 0.574617 -0.437791 0.559326
v 0.585620 -0.426788 0.548322
v 0.585620 0.638894 -0.517360
v 0.574617 0.649898 -0.528363
v 0.585620 -0.426788 -0.517360
v 0.574617 -0.437791 -0.528363
v 0.493091 -0.218385 0.470740
v 0.493091 -0.350605 0.338520
v 0.493091 0.446153 -0.458238
v 0.493092 0.578373 -0.326018
v 0.557466 -0.340175 0.348950
v 0.539717 -0.350605 0.338520
v 0.539717 0.446153 -0.458238
v 0.557466 0.456583 -0.447808
v 0.539717 -0.218385 0.470740
v 0.557466 -0.228815 0.460310
v 0.557466 0.567943 -0.336448
v 0.539717 0.578373 -0.326018
v -0.587254 0.576380 0.348769
v -0.587254 0.553012 0.355151
v -0.587254 0.546855 0.378580
v -0.587254 0.564067 0.395627
v -0.587254 0.587435 0.389244
v -0.587254 0.593592 0.365815
v -0.610629 0.574624 0.355453
v -0.604644 0.576380 0.348769
v -0.610629 0.557922 0.360014
v -0.604644 0.553012 0.355151
v -0.610629 0.553522 0.376759
v -0.604644 0.546855 0.378580
v -0.610629 0.565823 0.388943
v -0.604644 0.564067 0.395627
v -0.610629 0.582525 0.384381
v -0.604644 0.587435 0.389244
v -0.610629 0.586925 0.367636
v -0.604644 0.593592 0.365815
v -0.587254 0.451182 0.450611
v -0.587254 0.429413 0.461239
v -0.587254 0.427733 0.485405
v -0.587254 0.447822 0.498944
v -0.587254 0.469591 0.488315
v -0.587254 0.471271 0.464149
v -0.610629 0.450703 0.457505
v -0.604644 0.451182 0.450611
v -0.610629 0.435145 0.465101
v -0.604644 0.429413 0.461239
v -0.610629 0.433944 0.482373
v -0.604644 0.427733 0.485405
v -0.610629 0.448301 0.492049
v -0.604644 0.447822 0.498944
v -0.610629 0.463860 0.484453
v -0.604644 0.469591 0.488315
v -0.610629 0.465060 0.467181
v -0.604644 0.471271 0.464149
v -0.559974 0.441509 0.331550
v -0.559974 0.425701 0.349906
v -0.559974 0.433694 0.372774
v -0.559974 0.457495 0.377286
v -0.559974 0.473303 0.358930
v -0.559974 0.465310 0.336062
v -0.583349 0.443790 0.338074
v -0.577364 0.441509 0.331550
v -0.583349 0.432492 0.351193
v -0.577364 0.425701 0.349906
v -0.583349 0.438204 0.367537
v -0.577364 0.433694 0.372774
v -0.583349 0.455215 0.370762
v -0.577364 0.457495 0.377286
v -0.583349 0.466513 0.357643
v -0.577364 0.473303 0.358930
v -0.583349 0.460800 0.341299
v -0.577364 0.465310 0.336062
v -0.587254 -0.222742 -0.454917
v -0.587254 -0.229125 -0.431548
v -0.587254 -0.252554 -0.425391
v -0.587254 -0.269600 -0.442603
v -0.587254 -0.263218 -0.465972
v -0.587254 -0.239789 -0.472129
v -0.610629 -0.229426 -0.453160
v -0.604644 -0.222742 -0.454917
v -0.610629 -0.233988 -0.436459
v -0.604644 -0.229125 -0.431548
v -0.610629 -0.250733 -0.432058
v -0.604644 -0.252554 -0.425391
v -0.610629 -0.262916 -0.444360
v -0.604644 -0.269600 -0.442603
v -0.610629 -0.258354 -0.461061
v -0.604644 -0.263218 -0.465972
v -0.610629 -0.241609 -0.465462
v -0.604644 -0.239789 -0.472129
v -0.587254 -0.324584 -0.329719
v -0.587254 -0.335213 -0.307950
v -0.587254 -0.359379 -0.306270
v -0.587254 -0.372917 -0.326359
v -0.587254 -0.362289 -0.348127
v -0.587254 -0.338122 -0.349807
v -0.610629 -0.331479 -0.329239
v -0.604644 -0.324584 -0.329719
v -0.610629 -0.339075 -0.313681
v -0.604644 -0.335213 -0.307950
v -0.610629 -0.356347 -0.312480
v -0.604644 -0.359379 -0.306270
v -0.610629 -0.366022 -0.326838
v -0.604644 -0.372917 -0.326359
v -0.610629 -0.358426 -0.342396
v -0.604644 -0.362289 -0.348127
v -0.610629 -0.341155 -0.343597
v -0.604644 -0.338122 -0.349807
v -0.559974 -0.205523 -0.320046
v -0.559974 -0.223879 -0.304238
v -0.559974 -0.246747 -0.312231
v -0.559974 -0.251260 -0.336031
v -0.559974 -0.232904 -0.351839
v -0.559974 -0.210036 -0.343847
v -0.583349 -0.212047 -0.322326
v -0.577364 -0.205523 -0.320046
v -0.583349 -0.225167 -0.311028
v -0.577364 -0.223879 -0.304238
v -0.583349 -0.241511 -0.316740
v -0.577364 -0.246747 -0.312231
v -0.583349 -0.244736 -0.333751
v -0.577364 -0.251260 -0.336031
v -0.583349 -0.231616 -0.345049
v -0.577364 -0.232904 -0.351839
v -0.583349 -0.215272 -0.339337
v -0.577364 -0.210036 -0.343847
v -0.514266 0.487272 -0.364634
v -0.514266 -0.274182 -0.364634
v -0.514266 -0.274182 0.396820
v -0.514266 0.487273 0.396820
v -0.539915 0.639956 -0.514243
v -0.539915 0.639956 0.552580
v -0.539915 -0.426866 -0.514242
v -0.539915 -0.426866 0.552580
v -0.550080 -0.437299 0.559937
v -0.550080 -0.437299 -0.527752
v -0.550080 0.650390 0.559937
v -0.550080 0.650390 -0.527752
v -0.578375 -0.276096 0.398734
v -0.588055 -0.286070 0.408708
v -0.588055 0.499161 0.408708
v -0.578375 0.489187 0.398734
v -0.578375 -0.276096 -0.366549
v -0.588055 -0.286070 -0.376522
v -0.588055 0.499161 -0.376523
v -0.578375 0.489187 -0.366549
v -0.580841 0.650390 -0.527752
v -0.591844 0.639386 -0.516749
v -0.580841 0.650390 0.559937
v -0.591844 0.639387 0.548934
v -0.591844 -0.426296 -0.516748
v -0.580841 -0.437299 -0.527752
v -0.591844 -0.426296 0.548934
v -0.580841 -0.437299 0.559937
v -0.499315 0.561804 0.340531
v -0.499315 0.429584 0.472751
v -0.499315 -0.367174 -0.324007
v -0.499316 -0.234954 -0.456227
v -0.563690 0.440015 0.462321
v -0.545941 0.429584 0.472751
v -0.545941 -0.367174 -0.324007
v -0.563690 -0.356743 -0.334437
v -0.545941 0.561804 0.340531
v -0.563690 0.551374 0.350961
v -0.563690 -0.245384 -0.445797
v -0.545941 -0.234954 -0.456227
v 0.461352 -0.427338 0.348769
v 0.437983 -0.427338 0.355151
v 0.431827 -0.427338 0.378580
v 0.449038 -0.427338 0.395627
v 0.472407 -0.427338 0.389244
v 0.478564 -0.427338 0.365815
v 0.459596 -0.450713 0.355453
v 0.461352 -0.444728 0.348769
v 0.442894 -0.450713 0.360015
v 0.437983 -0.444728 0.355151
v 0.438493 -0.450713 0.376760
v 0.431827 -0.444728 0.378580
v 0.450795 -0.450713 0.388943
v 0.449038 -0.444728 0.395627
v 0.467497 -0.450713 0.384381
v 0.472407 -0.444728 0.389244
v 0.471897 -0.450713 0.367636
v 0.478564 -0.444728 0.365815
v 0.336154 -0.427338 0.450611
v 0.314385 -0.427338 0.461239
v 0.312705 -0.427338 0.485406
v 0.332794 -0.427338 0.498944
v 0.354562 -0.427338 0.488315
v 0.356242 -0.427338 0.464149
v 0.335674 -0.450713 0.457506
v 0.336154 -0.444728 0.450611
v 0.320116 -0.450713 0.465102
v 0.314385 -0.444728 0.461239
v 0.318915 -0.450713 0.482374
v 0.312705 -0.444728 0.485406
v 0.333273 -0.450713 0.492049
v 0.332794 -0.444728 0.498944
v 0.348831 -0.450713 0.484453
v 0.354562 -0.444728 0.488315
v 0.350032 -0.450713 0.467181
v 0.356242 -0.444728 0.464149
v 0.326481 -0.400058 0.331550
v 0.310673 -0.400058 0.349906
v 0.318666 -0.400058 0.372774
v 0.342466 -0.400058 0.377286
v 0.358274 -0.400058 0.358930
v 0.350282 -0.400058 0.336062
v 0.328761 -0.423433 0.338074
v 0.326481 -0.417448 0.331550
v 0.317463 -0.423433 0.351193
v 0.310673 -0.417448 0.349906
v 0.323176 -0.423433 0.367537
v 0.318666 -0.417448 0.372774
v 0.340186 -0.423433 0.370762
v 0.342466 -0.417448 0.377286
v 0.351484 -0.423433 0.357643
v 0.358274 -0.417448 0.358930
v 0.345772 -0.423433 0.341299
v 0.350282 -0.417448 0.336062
v -0.337770 -0.427338 -0.454917
v -0.344153 -0.427338 -0.431548
v -0.367582 -0.427338 -0.425391
v -0.384628 -0.427338 -0.442603
v -0.378246 -0.427338 -0.465972
v -0.354817 -0.427338 -0.472129
v -0.344454 -0.450713 -0.453160
v -0.337770 -0.444728 -0.454917
v -0.349016 -0.450713 -0.436459
v -0.344153 -0.444728 -0.431548
v -0.365761 -0.450713 -0.432058
v -0.367582 -0.444728 -0.425391
v -0.377944 -0.450713 -0.444360
v -0.384628 -0.444728 -0.442603
v -0.373383 -0.450713 -0.461061
v -0.378246 -0.444728 -0.465972
v -0.356638 -0.450713 -0.465462
v -0.354817 -0.444728 -0.472129
v -0.439613 -0.427338 -0.329719
v -0.450241 -0.427338 -0.307950
v -0.474407 -0.427338 -0.306270
v -0.487945 -0.427338 -0.326359
v -0.477317 -0.427338 -0.348127
v -0.453151 -0.427338 -0.349807
v -0.446507 -0.450713 -0.329239
v -0.439613 -0.444728 -0.329719
v -0.454103 -0.450713 -0.313681
v -0.450241 -0.444728 -0.307950
v -0.471375 -0.450713 -0.312480
v -0.474407 -0.444728 -0.306270
v -0.481051 -0.450713 -0.326838
v -0.487945 -0.444728 -0.326359
v -0.473455 -0.450713 -0.342396
v -0.477317 -0.444728 -0.348127
v -0.456183 -0.450713 -0.343597
v -0.453151 -0.444728 -0.349807
v -0.320552 -0.400059 -0.320046
v -0.338908 -0.400059 -0.304238
v -0.361776 -0.400059 -0.312231
v -0.366288 -0.400059 -0.336031
v -0.347932 -0.400059 -0.351839
v -0.325064 -0.400059 -0.343847
v -0.327076 -0.423433 -0.322326
v -0.320552 -0.417448 -0.320046
v -0.340195 -0.423433 -0.311028
v -0.338908 -0.417448 -0.304238
v -0.356539 -0.423433 -0.316740
v -0.361776 -0.417448 -0.312231
v -0.359764 -0.423433 -0.333751
v -0.366288 -0.417448 -0.336031
v -0.346645 -0.423433 -0.345049
v -0.347932 -0.417448 -0.351839
v -0.330301 -0.423433 -0.339337
v -0.325064 -0.417448 -0.343847
v 0.372244 -0.354350 -0.364634
v -0.389210 -0.354350 -0.364634
v -0.389210 -0.354350 0.396820
v 0.372244 -0.354350 0.396820
v 0.524927 -0.379999 -0.514242
v 0.524927 -0.379999 0.552580
v -0.541895 -0.379999 -0.514242
v -0.541895 -0.379999 0.552580
v -0.552327 -0.390164 0.559937
v -0.552327 -0.390164 -0.527752
v 0.535361 -0.390164 0.559937
v 0.535361 -0.390164 -0.527752
v -0.391124 -0.418459 0.398734
v -0.401098 -0.428139 0.408708
v 0.384132 -0.428139 0.408708
v 0.374159 -0.418459 0.398734
v -0.391124 -0.418459 -0.366549
v -0.401098 -0.428139 -0.376522
v 0.384132 -0.428139 -0.376522
v 0.374159 -0.418459 -0.366549
v 0.535361 -0.420925 -0.527752
v 0.524358 -0.431928 -0.516748
v 0.535361 -0.420925 0.559937
v 0.524358 -0.431928 0.548934
v -0.541324 -0.431928 -0.516748
v -0.552327 -0.420925 -0.527752
v -0.541324 -0.431928 0.548934
v -0.552327 -0.420925 0.559937
v 0.446776 -0.339399 0.340531
v 0.314556 -0.339399 0.472751
v -0.482202 -0.339400 -0.324007
v -0.349982 -0.339400 -0.456227
v 0.324986 -0.403773 0.462321
v 0.314556 -0.386025 0.472751
v -0.482202 -0.386025 -0.324007
v -0.471772 -0.403774 -0.334437
v 0.446776 -0.386025 0.340531
v 0.436346 -0.403773 0.350961
v -0.360412 -0.403774 -0.445797
v -0.349982 -0.386025 -0.456227
v 0.461352 0.651171 0.348769
v 0.437983 0.651171 0.355151
v 0.431827 0.651171 0.378580
v 0.449038 0.651171 0.395627
v 0.472407 0.651171 0.389244
v 0.478564 0.651171 0.365815
v 0.459596 0.674546 0.355453
v 0.461352 0.668561 0.348769
v 0.442894 0.674546 0.360014
v 0.437983 0.668561 0.355151
v 0.438493 0.674546 0.376759
v 0.431827 0.668561 0.378580
v 0.450795 0.674546 0.388943
v 0.449038 0.668561 0.395627
v 0.467497 0.674546 0.384381
v 0.472407 0.668561 0.389244
v 0.471897 0.674546 0.367636
v 0.478564 0.668561 0.365815
v 0.336154 0.651171 0.450611
v 0.314385 0.651171 0.461239
v 0.312705 0.651171 0.485405
v 0.332794 0.651171 0.498944
v 0.354562 0.651171 0.488315
v 0.356242 0.651171 0.464149
v 0.335674 0.674546 0.457505
v 0.336154 0.668561 0.450611
v 0.320116 0.674546 0.465101
v 0.314385 0.668561 0.461239
v 0.318915 0.674546 0.482373
v 0.312705 0.668561 0.485405
v 0.333273 0.674546 0.492049
v 0.332794 0.668561 0.498944
v 0.348831 0.674546 0.484453
v 0.354562 0.668561 0.488315
v 0.350032 0.674546 0.467181
v 0.356242 0.668561 0.464149
v 0.326481 0.623891 0.331550
v 0.310673 0.623891 0.349906
v 0.318666 0.623891 0.372774
v 0.342466 0.623891 0.377286
v 0.358274 0.623891 0.358930
v 0.350282 0.623891 0.336062
v 0.328761 0.647266 0.338074
v 0.326481 0.641281 0.331550
v 0.317463 0.647266 0.351193
v 0.310673 0.641281 0.349906
v 0.323176 0.647266 0.367537
v 0.318666 0.641281 0.372774
v 0.340186 0.647266 0.370762
v 0.342466 0.641281 0.377286
v 0.351484 0.647266 0.357643
v 0.358274 0.641281 0.358930
v 0.345772 0.647266 0.341299
v 0.350282 0.641281 0.336062
v -0.337770 0.651171 -0.454917
v -0.344153 0.651171 -0.431548
v -0.367582 0.651171 -0.425392
v -0.384629 0.651171 -0.442603
v -0.378246 0.651171 -0.465972
v -0.354817 0.651171 -0.472129
v -0.344454 0.674545 -0.453161
v -0.337770 0.668560 -0.454917
v -0.349016 0.674545 -0.436459
v -0.344153 0.668560 -0.431548
v -0.365761 0.674545 -0.432058
v -0.367582 0.668560 -0.425392
v -0.377944 0.674545 -0.444360
v -0.384629 0.668560 -0.442603
v -0.373383 0.674545 -0.461062
v -0.378246 0.668560 -0.465972
v -0.356638 0.674545 -0.465462
v -0.354817 0.668560 -0.472129
v -0.439613 0.651171 -0.329719
v -0.450241 0.651171 -0.307950
v -0.474407 0.651171 -0.306270
v -0.487945 0.651171 -0.326359
v -0.477317 0.651171 -0.348127
v -0.453151 0.651171 -0.349807
v -0.446507 0.674545 -0.329239
v -0.439613 0.668560 -0.329719
v -0.454103 0.674545 -0.313681
v -0.450241 0.668560 -0.307950
v -0.471375 0.674545 -0.312480
v -0.474407 0.668560 -0.306270
v -0.481051 0.674545 -0.326838
v -0.487945 0.668560 -0.326359
v -0.473455 0.674545 -0.342396
v -0.477317 0.668560 -0.348127
v -0.456183 0.674545 -0.343597
v -0.453151 0.668560 -0.349807
v -0.320552 0.623891 -0.320046
v -0.338908 0.623891 -0.304238
v -0.361776 0.623891 -0.312231
v -0.366288 0.623891 -0.336031
v -0.347932 0.623891 -0.351839
v -0.325064 0.623891 -0.343847
v -0.327076 0.647265 -0.322326
v -0.320552 0.641280 -0.320046
v -0.340195 0.647265 -0.311028
v -0.338908 0.641280 -0.304238
v -0.356539 0.647265 -0.316741
v -0.361776 0.641280 -0.312231
v -0.359764 0.647265 -0.333751
v -0.366288 0.641280 -0.336031
v -0.346645 0.647265 -0.345049
v -0.347932 0.641280 -0.351839
v -0.330301 0.647265 -0.339337
v -0.325064 0.641280 -0.343847
v 0.372244 0.578183 -0.364635
v -0.389210 0.578182 -0.364635
v -0.389210 0.578183 0.396820
v 0.372244 0.578183 0.396820
v 0.524927 0.603832 -0.514242
v 0.524927 0.603832 0.552580
v -0.541895 0.603832 -0.514242
v -0.541895 0.603832 0.552580
v -0.552327 0.613996 0.559937
v -0.552327 0.613996 -0.527752
v 0.535361 0.613997 0.559937
v 0.535361 0.613996 -0.527752
v -0.391125 0.642292 0.398734
v -0.401098 0.651972 0.408708
v 0.384132 0.651972 0.408708
v 0.374159 0.642292 0.398734
v -0.391125 0.642292 -0.366549
v -0.401098 0.651972 -0.376523
v 0.384132 0.651972 -0.376523
v 0.374159 0.642292 -0.366549
v 0.535361 0.644757 -0.527752
v 0.524358 0.655761 -0.516749
v 0.535361 0.644758 0.559937
v 0.524358 0.655761 0.548934
v -0.541324 0.655761 -0.516749
v -0.552327 0.644757 -0.527752
v -0.541324 0.655761 0.548934
v -0.552327 0.644757 0.559937
v 0.446776 0.563232 0.340531
v 0.314556 0.563232 0.472751
v -0.482202 0.563232 -0.324007
v -0.349982 0.563232 -0.456227
v 0.324986 0.627606 0.462321
v 0.314556 0.609857 0.472751
v -0.482202 0.609857 -0.324007
v -0.471772 0.627606 -0.334437
v 0.446776 0.609857 0.340531
v 0.436346 0.627606 0.350961
v -0.360412 0.627606 -0.445797
v -0.349982 0.609857 -0.456227
v 0.466112 -0.226623 -0.568050
v 0.442743 -0.233006 -0.568050
v 0.436586 -0.256435 -0.568050
v 0.453798 -0.273481 -0.568050
v 0.477167 -0.267099 -0.568050
v 0.483323 -0.243670 -0.568050
v 0.464355 -0.233307 -0.591424
v 0.466112 -0.226623 -0.585439
v 0.447653 -0.237869 -0.591424
v 0.442743 -0.233006 -0.585439
v 0.443253 -0.254614 -0.591424
v 0.436586 -0.256435 -0.585439
v 0.455554 -0.266797 -0.591424
v 0.453798 -0.273481 -0.585439
v 0.472256 -0.262235 -0.591424
v 0.477167 -0.267099 -0.585439
v 0.476656 -0.245490 -0.591424
v 0.483323 -0.243670 -0.585439
v 0.340913 -0.328465 -0.568050
v 0.319145 -0.339093 -0.568050
v 0.317465 -0.363260 -0.568050
v 0.337553 -0.376798 -0.568050
v 0.359322 -0.366170 -0.568050
v 0.361002 -0.342003 -0.568050
v 0.340434 -0.335360 -0.591424
v 0.340913 -0.328465 -0.585439
v 0.324876 -0.342956 -0.591424
v 0.319145 -0.339093 -0.585439
v 0.323675 -0.360228 -0.591424
v 0.317465 -0.363260 -0.585439
v 0.338033 -0.369903 -0.591424
v 0.337553 -0.376798 -0.585439
v 0.353591 -0.362307 -0.591424
v 0.359322 -0.366170 -0.585439
v 0.354791 -0.345035 -0.591424
v 0.361002 -0.342003 -0.585439
v 0.331241 -0.209404 -0.540770
v 0.315433 -0.227760 -0.540770
v 0.323425 -0.250628 -0.540770
v 0.347226 -0.255140 -0.540770
v 0.363034 -0.236785 -0.540770
v 0.355041 -0.213917 -0.540770
v 0.333521 -0.215928 -0.564144
v 0.331241 -0.209404 -0.558159
v 0.322223 -0.229048 -0.564144
v 0.315433 -0.227760 -0.558159
v 0.327935 -0.245392 -0.564144
v 0.323425 -0.250628 -0.558159
v 0.344946 -0.248616 -0.564144
v 0.347226 -0.255140 -0.558159
v 0.356244 -0.235497 -0.564144
v 0.363034 -0.236785 -0.558159
v 0.350531 -0.219153 -0.564144
v 0.355041 -0.213917 -0.558159
v -0.333011 0.577063 -0.568050
v -0.339393 0.553694 -0.568050
v -0.362822 0.547537 -0.568050
v -0.379869 0.564749 -0.568050
v -0.373486 0.588118 -0.568050
v -0.350057 0.594274 -0.568050
v -0.339695 0.575306 -0.591424
v -0.333011 0.577063 -0.585439
v -0.344256 0.558605 -0.591424
v -0.339393 0.553694 -0.585439
v -0.361001 0.554204 -0.591424
v -0.362822 0.547537 -0.585439
v -0.373185 0.566505 -0.591424
v -0.379869 0.564749 -0.585439
v -0.368623 0.583207 -0.591424
v -0.373486 0.588118 -0.585439
v -0.351878 0.587608 -0.591424
v -0.350057 0.594274 -0.585439
v -0.434853 0.451864 -0.568050
v -0.445481 0.430096 -0.568050
v -0.469647 0.428416 -0.568050
v -0.483186 0.448504 -0.568050
v -0.472557 0.470273 -0.568050
v -0.448391 0.471953 -0.568050
v -0.441747 0.451385 -0.591424
v -0.434853 0.451864 -0.585439
v -0.449344 0.435827 -0.591424
v -0.445481 0.430096 -0.585439
v -0.466615 0.434626 -0.591424
v -0.469647 0.428416 -0.585439
v -0.476291 0.448984 -0.591424
v -0.483186 0.448504 -0.585439
v -0.468695 0.464542 -0.591424
v -0.472557 0.470273 -0.585439
v -0.451423 0.465743 -0.591424
v -0.448391 0.471953 -0.585439
v -0.315792 0.442192 -0.540770
v -0.334148 0.426384 -0.540770
v -0.357016 0.434377 -0.540770
v -0.361528 0.458177 -0.540770
v -0.343172 0.473985 -0.540770
v -0.320304 0.465993 -0.540770
v -0.322316 0.444472 -0.564144
v -0.315792 0.442192 -0.558159
v -0.335435 0.433174 -0.564144
v -0.334148 0.426384 -0.558159
v -0.351779 0.438886 -0.564144
v -0.357016 0.434377 -0.558159
v -0.355004 0.455897 -0.564144
v -0.361528 0.458177 -0.558159
v -0.341885 0.467195 -0.564144
v -0.343172 0.473985 -0.558159
v -0.325541 0.461483 -0.564144
v -0.320304 0.465993 -0.558159
v 0.377004 0.486780 -0.495061
v -0.384450 0.486780 -0.495061
v -0.384450 -0.274674 -0.495061
v 0.377004 -0.274674 -0.495061
v 0.529687 0.636388 -0.507808
v 0.529687 -0.430434 -0.507808
v -0.537135 0.636388 -0.507808
v -0.537135 -0.430434 -0.507808
v -0.547568 -0.437791 -0.519516
v -0.547568 0.649898 -0.519516
v 0.540121 -0.437791 -0.519516
v 0.540121 0.649897 -0.519516
v -0.386365 -0.276588 -0.559170
v -0.396339 -0.286562 -0.568851
v 0.388892 -0.286562 -0.568851
v 0.378918 -0.276588 -0.559170
v -0.386365 0.488695 -0.559170
v -0.396339 0.498668 -0.568851
v 0.388892 0.498668 -0.568851
v 0.378918 0.488695 -0.559170
v 0.540121 0.649897 -0.561636
v 0.529118 0.638894 -0.572639
v 0.540121 -0.437791 -0.561636
v 0.529118 -0.426788 -0.572639
v -0.536564 0.638894 -0.572639
v -0.547568 0.649898 -0.561636
v -0.536565 -0.426788 -0.572639
v -0.547568 -0.437791 -0.561636
v 0.451535 -0.218385 -0.480111
v 0.319316 -0.350605 -0.480111
v -0.477442 0.446153 -0.480111
v -0.345222 0.578373 -0.480111
v 0.329746 -0.340175 -0.544485
v 0.319316 -0.350605 -0.526736
v -0.477442 0.446153 -0.526736
v -0.467012 0.456583 -0.544485
v 0.451535 -0.218385 -0.526736
v 0.441105 -0.228815 -0.544485
v -0.355653 0.567943 -0.544485
v -0.345222 0.578373 -0.526736
v 0.329564 0.576380 0.600235
v 0.335947 0.553012 0.600235
v 0.359376 0.546855 0.600235
v 0.376422 0.564067 0.600235
v 0.370040 0.587435 0.600235
v 0.346611 0.593592 0.600235
v 0.336248 0.574624 0.623609
v 0.329564 0.576380 0.617624
v 0.340810 0.557922 0.623609
v 0.335947 0.553012 0.617624
v 0.357555 0.553522 0.623609
v 0.359376 0.546855 0.617624
v 0.369738 0.565823 0.623609
v 0.376422 0.564067 0.617624
v 0.365177 0.582525 0.623609
v 0.370040 0.587435 0.617624
v 0.348432 0.586925 0.623609
v 0.346611 0.593592 0.617624
v 0.431407 0.451182 0.600235
v 0.442035 0.429413 0.600235
v 0.466201 0.427733 0.600235
v 0.479739 0.447822 0.600235
v 0.469111 0.469591 0.600235
v 0.444945 0.471271 0.600235
v 0.438301 0.450703 0.623609
v 0.431407 0.451182 0.617624
v 0.445897 0.435145 0.623609
v 0.442035 0.429413 0.617624
v 0.463169 0.433944 0.623609
v 0.466201 0.427733 0.617624
v 0.472845 0.448301 0.623609
v 0.479739 0.447822 0.617624
v 0.465248 0.463860 0.623609
v 0.469111 0.469591 0.617624
v 0.447977 0.465060 0.623609
v 0.444945 0.471271 0.617624
v 0.312346 0.441509 0.572955
v 0.330701 0.425701 0.572955
v 0.353570 0.433694 0.572955
v 0.358082 0.457495 0.572955
v 0.339726 0.473303 0.572955
v 0.316858 0.465310 0.572955
v 0.318870 0.443790 0.596330
v 0.312346 0.441509 0.590345
v 0.331989 0.432492 0.596330
v 0.330701 0.425701 0.590345
v 0.348333 0.438204 0.596330
v 0.353570 0.433694 0.590345
v 0.351558 0.455215 0.596330
v 0.358082 0.457495 0.590345
v 0.338439 0.466513 0.596330
v 0.339726 0.473303 0.590345
v 0.322095 0.460800 0.596330
v 0.316858 0.465310 0.590345
v -0.474122 -0.222742 0.600235
v -0.450753 -0.229124 0.600235
v -0.444596 -0.252553 0.600235
v -0.461808 -0.269600 0.600235
v -0.485177 -0.263217 0.600235
v -0.491333 -0.239788 0.600235
v -0.472365 -0.229426 0.623610
v -0.474122 -0.222742 0.617625
v -0.455663 -0.233988 0.623610
v -0.450753 -0.229124 0.617625
v -0.451263 -0.250733 0.623610
v -0.444596 -0.252553 0.617625
v -0.463564 -0.262916 0.623610
v -0.461808 -0.269600 0.617625
v -0.480266 -0.258354 0.623610
v -0.485177 -0.263217 0.617625
v -0.484667 -0.241609 0.623610
v -0.491333 -0.239788 0.617625
v -0.348923 -0.324584 0.600235
v -0.327155 -0.335212 0.600235
v -0.325475 -0.359379 0.600235
v -0.345563 -0.372917 0.600235
v -0.367332 -0.362289 0.600235
v -0.369012 -0.338122 0.600235
v -0.348444 -0.331479 0.623610
v -0.348923 -0.324584 0.617625
v -0.332886 -0.339075 0.623610
v -0.327155 -0.335212 0.617625
v -0.331685 -0.356347 0.623610
v -0.325475 -0.359379 0.617625
v -0.346043 -0.366022 0.623610
v -0.345563 -0.372917 0.617625
v -0.361601 -0.358426 0.623610
v -0.367332 -0.362289 0.617625
v -0.362801 -0.341154 0.623610
v -0.369012 -0.338122 0.617625
v -0.339251 -0.205523 0.572955
v -0.323443 -0.223879 0.572955
v -0.331435 -0.246747 0.572955
v -0.355236 -0.251259 0.572955
v -0.371044 -0.232903 0.572955
v -0.363051 -0.210035 0.572955
v -0.341531 -0.212047 0.596330
v -0.339251 -0.205523 0.590345
v -0.330233 -0.225166 0.596330
v -0.323443 -0.223879 0.590345
v -0.335945 -0.241510 0.596330
v -0.331435 -0.246747 0.590345
v -0.352956 -0.244735 0.596330
v -0.355236 -0.251259 0.590345
v -0.364254 -0.231616 0.596330
v -0.371044 -0.232903 0.590345
v -0.358541 -0.215272 0.596330
v -0.363051 -0.210035 0.590345
v -0.383839 0.487273 0.527246
v -0.383839 -0.274182 0.527247
v 0.377615 -0.274182 0.527247
v 0.377615 0.487273 0.527246
v -0.533447 0.639956 0.539993
v 0.533375 0.639956 0.539993
v -0.533447 -0.426866 0.539993
v 0.533375 -0.426866 0.539993
v 0.540732 -0.437299 0.551701
v -0.546956 -0.437299 0.551701
v 0.540732 0.650390 0.551701
v -0.546956 0.650390 0.551701
v 0.379530 -0.276096 0.591356
v 0.389503 -0.286070 0.601036
v 0.389503 0.499161 0.601036
v 0.379530 0.489187 0.591356
v -0.385754 -0.276096 0.591356
v -0.395727 -0.286070 0.601036
v -0.395727 0.499161 0.601036
v -0.385754 0.489187 0.591356
v -0.546956 0.650390 0.593821
v -0.535953 0.639387 0.604825
v 0.540732 0.650390 0.593821
v 0.529729 0.639387 0.604825
v -0.535953 -0.426296 0.604825
v -0.546956 -0.437299 0.593822
v 0.529729 -0.426296 0.604825
v 0.540732 -0.437299 0.593822
v 0.321326 0.561804 0.512296
v 0.453546 0.429584 0.512296
v -0.343212 -0.367174 0.512296
v -0.475432 -0.234954 0.512296
v 0.443116 0.440015 0.576670
v 0.453546 0.429584 0.558921
v -0.343212 -0.367174 0.558921
v -0.353642 -0.356743 0.576670
v 0.321326 0.561804 0.558921
v 0.331757 0.551374 0.576670
v -0.465001 -0.245384 0.576670
v -0.475432 -0.234954 0.558921
vn -0.0000 0.7105 0.7037
vn -0.0000 -0.7105 -0.7037
vn -0.0000 -0.9647 0.2635
vn -0.0000 -0.2542 0.9672
vn -0.0000 0.9647 -0.2635
vn -0.0000 0.2542 -0.9672
vn 0.7071 0.6821 -0.1863
vn 0.7071 0.1797 -0.6839
vn 0.7071 -0.5024 -0.4976
vn 0.7071 -0.6821 0.1863
vn 0.7071 -0.1797 0.6839
vn 0.7071 0.5024 0.4976
vn 1.0000 -0.0000 -0.0000
vn -0.0000 0.8293 0.5589
vn -0.0000 -0.8293 -0.5589
vn -0.0000 -0.8986 0.4387
vn -0.0000 -0.0694 0.9976
vn -0.0000 0.8986 -0.4387
vn -0.0000 0.0694 -0.9976
vn 0.7071 0.6354 -0.3102
vn 0.7071 0.0490 -0.7054
vn 0.7071 -0.5864 -0.3952
vn 0.7071 -0.6354 0.3102
vn 0.7071 -0.0490 0.7054
vn 0.7071 0.5864 0.3952
vn -0.0000 0.9825 0.1863
vn -0.0000 -0.9825 -0.1863
vn -0.0000 -0.6526 0.7577
vn -0.0000 0.3299 0.9440
vn -0.0000 0.6526 -0.7577
vn -0.0000 -0.3299 -0.9440
vn 0.7071 0.4614 -0.5358
vn 0.7071 -0.2333 -0.6675
vn 0.7071 -0.6947 -0.1317
vn 0.7071 -0.4614 0.5358
vn 0.7071 0.2333 0.6675
vn 0.7071 0.6947 0.1317
vn -0.0000 0.7037 0.7105
vn -0.0000 -0.7037 -0.7105
vn -0.0000 0.2635 -0.9647
vn -0.0000 0.9672 -0.2542
vn -0.0000 -0.2635 0.9647
vn -0.0000 -0.9672 0.2542
vn 0.7071 -0.1863 0.6821
vn 0.7071 -0.6839 0.1797
vn 0.7071 -0.4976 -0.5024
vn 0.7071 0.1863 -0.6821
vn 0.7071 0.6839 -0.1797
vn 0.7071 0.4976 0.5024
vn -0.0000 0.5589 0.8293
vn -0.0000 -0.5589 -0.8293
vn -0.0000 0.4387 -0.8986
vn -0.0000 0.9976 -0.0694
vn -0.0000 -0.4387 0.8986
vn -0.0000 -0.9976 0.0694
vn 0.7071 -0.3102 0.6354
vn 0.7071 -0.7054 0.0490
vn 0.7071 -0.3952 -0.5864
vn 0.7071 0.3102 -0.6354
vn 0.7071 0.7054 -0.0490
vn 0.7071 0.3952 0.5864
vn -0.0000 0.1863 0.9825
vn -0.0000 -0.1863 -0.9825
vn -0.0000 0.7577 -0.6526
vn -0.0000 0.9440 0.3299
vn -0.0000 -0.7577 0.6526
vn -0.0000 -0.9440 -0.3299
vn 0.7071 -0.5358 0.4614
vn 0.7071 -0.6675 -0.2333
vn 0.7071 -0.1317 -0.6947
vn 0.7071 0.5358 -0.4614
vn 0.7071 0.6675 0.2333
vn 0.7071 0.1317 0.6947
vn -0.0000 1.0000 -0.0000
vn 0.0299 0.9996 -0.0000
vn 0.0298 -0.9996 -0.0000
vn 0.9996 -0.0000 0.0270
vn 0.9996 -0.0270 -0.0000
vn 0.9996 0.0270 -0.0000
vn 0.9996 -0.0000 -0.0270
vn -0.5863 -0.8101 -0.0000
vn -0.7163 -0.0000 -0.6978
vn -0.7991 0.6012 -0.0000
vn -0.7163 -0.0000 0.6978
vn 0.0299 -0.0000 -0.9996
vn -0.0000 -0.0000 -1.0000
vn -0.0000 -0.0000 1.0000
vn -0.0000 -1.0000 -0.0000
vn 0.7071 0.7071 -0.0000
vn 0.7071 -0.0000 -0.7071
vn 0.7071 -0.0000 0.7071
vn 0.7071 -0.7071 -0.0000
vn 0.7176 -0.6965 -0.0000
vn 0.7176 -0.0000 0.6965
vn 0.7176 -0.0000 -0.6965
vn 0.7176 0.6965 -0.0000
vn 0.0299 -0.0000 0.9996
vn -0.0000 -0.7071 -0.7071
vn -0.0000 0.7071 0.7071
vn 0.6392 -0.5438 -0.5438
vn 0.6392 0.5438 0.5438
vn -0.0000 0.7037 -0.7105
vn -0.0000 -0.7037 0.7105
vn -0.0000 0.2635 0.9647
vn -0.0000 0.9672 0.2542
vn -0.0000 -0.2635 -0.9647
vn -0.0000 -0.9672 -0.2542
vn -0.7071 -0.1863 -0.6821
vn -0.7071 -0.6839 -0.1797
vn -0.7071 -0.4976 0.5024
vn -0.7071 0.1863 0.6821
vn -0.7071 0.6839 0.1797
vn -0.7071 0.4976 -0.5024
vn -1.0000 -0.0000 -0.0000
vn -0.0000 0.5589 -0.8293
vn -0.0000 -0.5589 0.8293
vn -0.0000 0.4387 0.8986
vn -0.0000 0.9976 0.0694
vn -0.0000 -0.4387 -0.8986
vn -0.0000 -0.9976 -0.0694
vn -0.7071 -0.3102 -0.6354
vn -0.7071 -0.7054 -0.0490
vn -0.7071 -0.3952 0.5864
vn -0.7071 0.3102 0.6354
vn -0.7071 0.7054 0.0490
vn -0.7071 0.3952 -0.5864
vn -0.0000 0.1863 -0.9825
vn -0.0000 -0.1863 0.9825
vn -0.0000 0.7577 0.6526
vn -0.0000 0.9440 -0.3299
vn -0.0000 -0.7577 -0.6526
vn -0.0000 -0.9440 0.3299
vn -0.7071 -0.5358 -0.4614
vn -0.7071 -0.6675 0.2333
vn -0.7071 -0.1317 0.6947
vn -0.7071 0.5358 0.4614
vn -0.7071 0.6675 -0.2333
vn -0.7071 0.1317 -0.6947
vn -0.0000 0.7105 -0.7037
vn -0.0000 -0.7105 0.7037
vn -0.0000 -0.9647 -0.2635
vn -0.0000 -0.2542 -0.9672
vn -0.0000 0.9647 0.2635
vn -0.0000 0.2542 0.9672
vn -0.7071 0.6821 0.1863
vn -0.7071 0.1797 0.6839
vn -0.7071 -0.5024 0.4976
vn -0.7071 -0.6821 -0.1863
vn -0.7071 -0.1797 -0.6839
vn -0.7071 0.5024 -0.4976
vn -0.0000 0.8293 -0.5589
vn -0.0000 -0.8293 0.5589
vn -0.0000 -0.8986 -0.4387
vn -0.0000 -0.0694 -0.9976
vn -0.0000 0.8986 0.4387
vn -0.0000 0.0694 0.9976
vn -0.7071 0.6354 0.3102
vn -0.7071 0.0490 0.7054
vn -0.7071 -0.5864 0.3952
vn -0.7071 -0.6354 -0.3102
vn -0.7071 -0.0490 -0.7054
vn -0.7071 0.5864 -0.3952
vn -0.0000 0.9825 -0.1863
vn -0.0000 -0.9825 0.1863
vn -0.0000 -0.6526 -0.7577
vn -0.0000 0.3299 -0.9440
vn -0.0000 0.6526 0.7577
vn -0.0000 -0.3299 0.9440
vn -0.7071 0.4614 0.5358
vn -0.7071 -0.2333 0.6675
vn -0.7071 -0.6947 0.1317
vn -0.7071 -0.4614 -0.5358
vn -0.7071 0.2333 -0.6675
vn -0.7071 0.6947 -0.1317
vn -0.0299 -0.0000 -0.9996
vn -0.0299 -0.0000 0.9996
vn -0.9996 0.0270 -0.0000
vn -0.9996 -0.0000 0.0270
vn -0.9996 -0.0000 -0.0270
vn -0.9996 -0.0270 -0.0000
vn 0.5863 -0.0000 0.8101
vn 0.7163 -0.6978 -0.0000
vn 0.7991 -0.0000 -0.6012
vn 0.7163 0.6978 -0.0000
vn -0.0299 -0.9996 -0.0000
vn -0.7071 -0.0000 -0.7071
vn -0.7071 -0.7071 -0.0000
vn -0.7071 0.7071 -0.0000
vn -0.7071 -0.0000 0.7071
vn -0.7176 -0.0000 0.6965
vn -0.7176 0.6965 -0.0000
vn -0.7176 -0.6965 -0.0000
vn -0.7176 -0.0000 -0.6965
vn -0.0299 0.9996 -0.0000
vn -0.0000 -0.7071 0.7071
vn -0.0000 0.7071 -0.7071
vn -0.6392 -0.5438 0.5438
vn -0.6392 0.5438 -0.5438
vn 0.7037 -0.0000 -0.7105
vn -0.7037 -0.0000 0.7105
vn 0.2635 -0.0000 0.9647
vn 0.9672 -0.0000 0.2542
vn -0.2635 -0.0000 -0.9647
vn -0.9672 -0.0000 -0.2542
vn -0.1863 -0.7071 -0.6821
vn -0.6839 -0.7071 -0.1797
vn -0.4976 -0.7071 0.5024
vn 0.1863 -0.7071 0.6821
vn 0.6839 -0.7071 0.1797
vn 0.4976 -0.7071 -0.5024
vn 0.5589 -0.0000 -0.8293
vn -0.5589 -0.0000 0.8293
vn 0.4387 -0.0000 0.8986
vn 0.9976 -0.0000 0.0694
vn -0.4387 -0.0000 -0.8986
vn -0.9976 -0.0000 -0.0694
vn -0.3102 -0.7071 -0.6354
vn -0.7054 -0.7071 -0.0490
vn -0.3952 -0.7071 0.5864
vn 0.3102 -0.7071 0.6354
vn 0.7054 -0.7071 0.0490
vn 0.3952 -0.7071 -0.5864
vn 0.1863 -0.0000 -0.9825
vn -0.1863 -0.0000 0.9825
vn 0.7577 -0.0000 0.6526
vn 0.9440 -0.0000 -0.3299
vn -0.7577 -0.0000 -0.6526
vn -0.9440 -0.0000 0.3299
vn -0.5358 -0.7071 -0.4614
vn -0.6675 -0.7071 0.2333
vn -0.1317 -0.7071 0.6947
vn 0.5358 -0.7071 0.4614
vn 0.6675 -0.7071 -0.2333
vn 0.1317 -0.7071 -0.6947
vn 0.7105 -0.0000 -0.7037
vn -0.7105 -0.0000 0.7037
vn -0.9647 -0.0000 -0.2635
vn -0.2542 -0.0000 -0.9672
vn 0.9647 -0.0000 0.2635
vn 0.2542 -0.0000 0.9672
vn 0.6821 -0.7071 0.1863
vn 0.1797 -0.7071 0.6839
vn -0.5024 -0.7071 0.4976
vn -0.6821 -0.7071 -0.1863
vn -0.1797 -0.7071 -0.6839
vn 0.5024 -0.7071 -0.4976
vn 0.8293 -0.0000 -0.5589
vn -0.8293 -0.0000 0.5589
vn -0.8986 -0.0000 -0.4387
vn -0.0694 -0.0000 -0.9976
vn 0.8986 -0.0000 0.4387
vn 0.0694 -0.0000 0.9976
vn 0.6354 -0.7071 0.3102
vn 0.0490 -0.7071 0.7054
vn -0.5864 -0.7071 0.3952
vn -0.6354 -0.7071 -0.3102
vn -0.0490 -0.7071 -0.7054
vn 0.5864 -0.7071 -0.3952
vn 0.9825 -0.0000 -0.1863
vn -0.9825 -0.0000 0.1863
vn -0.6526 -0.0000 -0.7577
vn 0.3299 -0.0000 -0.9440
vn 0.6526 -0.0000 0.7577
vn -0.3299 -0.0000 0.9440
vn 0.4614 -0.7071 0.5358
vn -0.2333 -0.7071 0.6675
vn -0.6947 -0.7071 0.1317
vn -0.4614 -0.7071 -0.5358
vn 0.2333 -0.7071 -0.6675
vn 0.6947 -0.7071 -0.1317
vn -0.0000 -0.0299 -0.9996
vn -0.0000 -0.0299 0.9996
vn 0.0270 -0.9996 -0.0000
vn -0.0000 -0.9996 0.0270
vn -0.0000 -0.9996 -0.0270
vn -0.0270 -0.9996 -0.0000
vn -0.0000 0.5863 0.8101
vn -0.6978 0.7163 -0.0000
vn -0.0000 0.7991 -0.6012
vn 0.6978 0.7163 -0.0000
vn -0.9996 -0.0299 -0.0000
vn -0.0000 -0.7176 0.6965
vn 0.6965 -0.7176 -0.0000
vn -0.6965 -0.7176 -0.0000
vn -0.0000 -0.7176 -0.6965
vn 0.9996 -0.0299 -0.0000
vn -0.5438 -0.6392 0.5438
vn 0.5438 -0.6392 -0.5438
vn -0.1863 0.7071 -0.6821
vn -0.6839 0.7071 -0.1797
vn -0.4976 0.7071 0.5024
vn 0.1863 0.7071 0.6821
vn 0.6839 0.7071 0.1797
vn 0.4976 0.7071 -0.5024
vn -0.3102 0.7071 -0.6354
vn -0.7054 0.7071 -0.0490
vn -0.3952 0.7071 0.5864
vn 0.3102 0.7071 0.6354
vn 0.7054 0.7071 0.0490
vn 0.3952 0.7071 -0.5864
vn -0.5358 0.7071 -0.4614
vn -0.6675 0.7071 0.2333
vn -0.1317 0.7071 0.6947
vn 0.5358 0.7071 0.4614
vn 0.6675 0.7071 -0.2333
vn 0.1317 0.7071 -0.6947
vn 0.6821 0.7071 0.1863
vn 0.1797 0.7071 0.6839
vn -0.5024 0.7071 0.4976
vn -0.6821 0.7071 -0.1863
vn -0.1797 0.7071 -0.6839
vn 0.5024 0.7071 -0.4976
vn 0.6354 0.7071 0.3102
vn 0.0490 0.7071 0.7054
vn -0.5864 0.7071 0.3952
vn -0.6354 0.7071 -0.3102
vn -0.0490 0.7071 -0.7054
vn 0.5864 0.7071 -0.3952
vn 0.4614 0.7071 0.5358
vn -0.2333 0.7071 0.6675
vn -0.6947 0.7071 0.1317
vn -0.4614 0.7071 -0.5358
vn 0.2333 0.7071 -0.6675
vn 0.6947 0.7071 -0.1317
vn -0.0000 0.0299 -0.9996
vn -0.0000 0.0299 0.9996
vn 0.0270 0.9996 -0.0000
vn -0.0000 0.9996 0.0270
vn -0.0000 0.9996 -0.0270
vn -0.0270 0.9996 -0.0000
vn -0.0000 -0.5863 0.8101
vn -0.6978 -0.7163 -0.0000
vn -0.0000 -0.7991 -0.6012
vn 0.6978 -0.7163 -0.0000
vn -0.9996 0.0299 -0.0000
vn -0.0000 0.7176 0.6965
vn 0.6965 0.7176 -0.0000
vn -0.6965 0.7176 -0.0000
vn -0.0000 0.7176 -0.6965
vn 0.9996 0.0299 -0.0000
vn -0.5438 0.6392 0.5438
vn 0.5438 0.6392 -0.5438
vn 0.7037 0.7105 -0.0000
vn -0.7037 -0.7105 -0.0000
vn 0.2635 -0.9647 -0.0000
vn 0.9672 -0.2542 -0.0000
vn -0.2635 0.9647 -0.0000
vn -0.9672 0.2542 -0.0000
vn -0.1863 0.6821 -0.7071
vn -0.6839 0.1797 -0.7071
vn -0.4976 -0.5024 -0.7071
vn 0.1863 -0.6821 -0.7071
vn 0.6839 -0.1797 -0.7071
vn 0.4976 0.5024 -0.7071
vn 0.5589 0.8293 -0.0000
vn -0.5589 -0.8293 -0.0000
vn 0.4387 -0.8986 -0.0000
vn 0.9976 -0.0694 -0.0000
vn -0.4387 0.8986 -0.0000
vn -0.9976 0.0694 -0.0000
vn -0.3102 0.6354 -0.7071
vn -0.7054 0.0490 -0.7071
vn -0.3952 -0.5864 -0.7071
vn 0.3102 -0.6354 -0.7071
vn 0.7054 -0.0490 -0.7071
vn 0.3952 0.5864 -0.7071
vn 0.1863 0.9825 -0.0000
vn -0.1863 -0.9825 -0.0000
vn 0.7577 -0.6526 -0.0000
vn 0.9440 0.3299 -0.0000
vn -0.7577 0.6526 -0.0000
vn -0.9440 -0.3299 -0.0000
vn -0.5358 0.4614 -0.7071
vn -0.6675 -0.2333 -0.7071
vn -0.1317 -0.6947 -0.7071
vn 0.5358 -0.4614 -0.7071
vn 0.6675 0.2333 -0.7071
vn 0.1317 0.6947 -0.7071
vn 0.7105 0.7037 -0.0000
vn -0.7105 -0.7037 -0.0000
vn -0.9647 0.2635 -0.0000
vn -0.2542 0.9672 -0.0000
vn 0.9647 -0.2635 -0.0000
vn 0.2542 -0.9672 -0.0000
vn 0.6821 -0.1863 -0.7071
vn 0.1797 -0.6839 -0.7071
vn -0.5024 -0.4976 -0.7071
vn -0.6821 0.1863 -0.7071
vn -0.1797 0.6839 -0.7071
vn 0.5024 0.4976 -0.7071
vn 0.8293 0.5589 -0.0000
vn -0.8293 -0.5589 -0.0000
vn -0.8986 0.4387 -0.0000
vn -0.0693 0.9976 -0.0000
vn 0.8986 -0.4387 -0.0000
vn 0.0694 -0.9976 -0.0000
vn 0.6354 -0.3102 -0.7071
vn 0.0490 -0.7054 -0.7071
vn -0.5864 -0.3952 -0.7071
vn -0.6354 0.3102 -0.7071
vn -0.0490 0.7054 -0.7071
vn 0.5864 0.3952 -0.7071
vn 0.9825 0.1863 -0.0000
vn -0.9825 -0.1863 -0.0000
vn -0.6526 0.7577 -0.0000
vn 0.3299 0.9440 -0.0000
vn 0.6526 -0.7577 -0.0000
vn -0.3299 -0.9440 -0.0000
vn 0.4614 -0.5358 -0.7071
vn -0.2333 -0.6675 -0.7071
vn -0.6947 -0.1317 -0.7071
vn -0.4614 0.5358 -0.7071
vn 0.2333 0.6675 -0.7071
vn 0.6947 0.1317 -0.7071
vn -0.0000 0.9996 -0.0298
vn -0.0000 -0.9996 -0.0298
vn 0.0270 -0.0000 -0.9996
vn -0.0000 -0.0270 -0.9996
vn -0.0000 0.0270 -0.9996
vn -0.0270 -0.0000 -0.9996
vn -0.0000 -0.8467 0.5321
vn -0.7466 -0.0000 0.6653
vn -0.0000 0.6549 0.7557
vn 0.7465 -0.0000 0.6653
vn -0.9996 -0.0000 -0.0299
vn -0.0000 -0.6965 -0.7176
vn 0.6965 -0.0000 -0.7176
vn -0.6965 -0.0000 -0.7176
vn -0.0000 0.6965 -0.7176
vn 0.9996 -0.0000 -0.0299
vn -0.5438 -0.5438 -0.6392
vn 0.5438 0.5438 -0.6392
vn -0.7105 0.7037 -0.0000
vn 0.7105 -0.7037 -0.0000
vn 0.9647 0.2635 -0.0000
vn 0.2542 0.9672 -0.0000
vn -0.9647 -0.2635 -0.0000
vn -0.2542 -0.9672 -0.0000
vn -0.6821 -0.1863 0.7071
vn -0.1797 -0.6839 0.7071
vn 0.5024 -0.4976 0.7071
vn 0.6821 0.1863 0.7071
vn 0.1797 0.6839 0.7071
vn -0.5024 0.4976 0.7071
vn -0.8293 0.5589 -0.0000
vn 0.8293 -0.5589 -0.0000
vn 0.8986 0.4387 -0.0000
vn 0.0694 0.9976 -0.0000
vn -0.8986 -0.4387 -0.0000
vn -0.0694 -0.9976 -0.0000
vn -0.6354 -0.3102 0.7071
vn -0.0490 -0.7054 0.7071
vn 0.5864 -0.3952 0.7071
vn 0.6354 0.3102 0.7071
vn 0.0490 0.7054 0.7071
vn -0.5864 0.3952 0.7071
vn -0.9825 0.1863 -0.0000
vn 0.9825 -0.1863 -0.0000
vn 0.6526 0.7577 -0.0000
vn -0.3299 0.9440 -0.0000
vn -0.6526 -0.7577 -0.0000
vn 0.3299 -0.9440 -0.0000
vn -0.4614 -0.5358 0.7071
vn 0.2333 -0.6675 0.7071
vn 0.6947 -0.1317 0.7071
vn 0.4614 0.5358 0.7071
vn -0.2333 0.6675 0.7071
vn -0.6947 0.1317 0.7071
vn -0.7037 0.7105 -0.0000
vn 0.7037 -0.7105 -0.0000
vn -0.2635 -0.9647 -0.0000
vn -0.9672 -0.2542 -0.0000
vn 0.2635 0.9647 -0.0000
vn 0.9672 0.2542 -0.0000
vn 0.1863 0.6821 0.7071
vn 0.6839 0.1797 0.7071
vn 0.4976 -0.5024 0.7071
vn -0.1863 -0.6821 0.7071
vn -0.6839 -0.1797 0.7071
vn -0.4976 0.5024 0.7071
vn -0.5589 0.8293 -0.0000
vn 0.5589 -0.8293 -0.0000
vn -0.4387 -0.8986 -0.0000
vn -0.9976 -0.0694 -0.0000
vn 0.4387 0.8986 -0.0000
vn 0.9976 0.0694 -0.0000
vn 0.3102 0.6354 0.7071
vn 0.7054 0.0490 0.7071
vn 0.3952 -0.5864 0.7071
vn -0.3102 -0.6354 0.7071
vn -0.7054 -0.0490 0.7071
vn -0.3952 0.5864 0.7071
vn -0.1863 0.9825 -0.0000
vn 0.1863 -0.9825 -0.0000
vn -0.7577 -0.6526 -0.0000
vn -0.9440 0.3299 -0.0000
vn 0.7577 0.6526 -0.0000
vn 0.9440 -0.3299 -0.0000
vn 0.5358 0.4614 0.7071
vn 0.6675 -0.2333 0.7071
vn 0.1317 -0.6947 0.7071
vn -0.5358 -0.4614 0.7071
vn -0.6675 0.2333 0.7071
vn -0.1317 0.6947 0.7071
vn -0.9996 -0.0000 0.0298
vn 0.9996 -0.0000 0.0299
vn -0.0000 0.0270 0.9996
vn 0.0270 -0.0000 0.9996
vn -0.0270 -0.0000 0.9996
vn -0.0000 -0.0270 0.9996
vn 0.8467 -0.0000 -0.5321
vn -0.0000 -0.7466 -0.6653
vn -0.6549 -0.0000 -0.7557
vn -0.0000 0.7466 -0.6653
vn -0.0000 -0.9996 0.0299
vn 0.6965 -0.0000 0.7176
vn -0.0000 0.6965 0.7176
vn -0.0000 -0.6965 0.7176
vn -0.6965 -0.0000 0.7176
vn -0.0000 0.9996 0.0299
vn 0.5438 -0.5438 0.6392
vn -0.5438 0.5438 0.6392
vt 0.835339 0.982030
vt 0.869180 0.983135
vt 0.911715 0.959964
vt 0.929619 0.929430
vt 0.912182 0.851235
vt 0.929619 0.881317
vt 0.870276 0.827412
vt 0.835869 0.827694
vt 0.794356 0.851802
vt 0.777902 0.881523
vt 0.794343 0.958059
vt 0.777792 0.928551
vt 0.852767 0.934218
vt 0.852547 0.952602
vt 0.879198 0.920747
vt 0.895082 0.929430
vt 0.879808 0.890967
vt 0.895081 0.881317
vt 0.853847 0.875529
vt 0.853175 0.857494
vt 0.827371 0.890063
vt 0.811662 0.881602
vt 0.826626 0.919945
vt 0.811551 0.928631
vt 0.835339 0.982030
vt 0.869180 0.983135
vt 0.911715 0.959964
vt 0.929619 0.929430
vt 0.912182 0.851235
vt 0.929619 0.881317
vt 0.870276 0.827412
vt 0.835869 0.827694
vt 0.794356 0.851802
vt 0.777902 0.881523
vt 0.794343 0.958059
vt 0.777792 0.928551
vt 0.852767 0.934218
vt 0.852547 0.952602
vt 0.879198 0.920747
vt 0.895082 0.929430
vt 0.879808 0.890967
vt 0.895081 0.881317
vt 0.853847 0.875529
vt 0.853175 0.857494
vt 0.827371 0.890063
vt 0.811662 0.881602
vt 0.826626 0.919945
vt 0.811551 0.928631
vt 0.835339 0.982030
vt 0.869180 0.983135
vt 0.911715 0.959964
vt 0.929619 0.929430
vt 0.912182 0.851235
vt 0.929619 0.881317
vt 0.870276 0.827412
vt 0.835869 0.827694
vt 0.794356 0.851802
vt 0.777902 0.881523
vt 0.794343 0.958059
vt 0.777792 0.928551
vt 0.852767 0.934218
vt 0.852547 0.952602
vt 0.879198 0.920747
vt 0.895082 0.929430
vt 0.879808 0.890967
vt 0.895081 0.881317
vt 0.853847 0.875529
vt 0.853175 0.857494
vt 0.827371 0.890063
vt 0.811662 0.881602
vt 0.826626 0.919945
vt 0.811551 0.928631
vt 0.835339 0.982030
vt 0.869180 0.983135
vt 0.911715 0.959964
vt 0.929619 0.929430
vt 0.912182 0.851235
vt 0.929619 0.881317
vt 0.870276 0.827412
vt 0.835869 0.827694
vt 0.794356 0.851802
vt 0.777902 0.881523
vt 0.794343 0.958059
vt 0.777792 0.928551
vt 0.852767 0.934218
vt 0.852547 0.952602
vt 0.879198 0.920747
vt 0.895082 0.929430
vt 0.879808 0.890967
vt 0.895081 0.881317
vt 0.853847 0.875529
vt 0.853175 0.857494
vt 0.827371 0.890063
vt 0.811662 0.881602
vt 0.826626 0.919945
vt 0.811551 0.928631
vt 0.835339 0.982030
vt 0.869180 0.983135
vt 0.911715 0.959964
vt 0.929619 0.929430
vt 0.912182 0.851235
vt 0.929619 0.881317
vt 0.870276 0.827412
vt 0.835869 0.827694
vt 0.794356 0.851802
vt 0.777902 0.881523
vt 0.794343 0.958059
vt 0.777792 0.928551
vt 0.852767 0.934218
vt 0.852547 0.952602
vt 0.879198 0.920747
vt 0.895082 0.929430
vt 0.879808 0.890967
vt 0.895081 0.881317
vt 0.853847 0.875529
vt 0.853175 0.857494
vt 0.827371 0.890063
vt 0.811662 0.881602
vt 0.826626 0.919945
vt 0.811551 0.928631
vt 0.835339 0.982030
vt 0.869180 0.983135
vt 0.911715 0.959964
vt 0.929619 0.929430
vt 0.912182 0.851235
vt 0.929619 0.881317
vt 0.870276 0.827412
vt 0.835869 0.827694
vt 0.794356 0.851802
vt 0.777902 0.881523
vt 0.794343 0.958059
vt 0.777792 0.928551
vt 0.852767 0.934218
vt 0.852547 0.952602
vt 0.879198 0.920747
vt 0.895082 0.929430
vt 0.879808 0.890967
vt 0.895081 0.881317
vt 0.853847 0.875529
vt 0.853175 0.857494
vt 0.827371 0.890063
vt 0.811662 0.881602
vt 0.826626 0.919945
vt 0.811551 0.928631
vt 0.205927 0.908655
vt 0.441000 0.012374
vt 0.539160 0.505481
vt 0.205919 0.509851
vt 0.037765 0.012374
vt 0.372917 0.906328
vt 0.039632 0.908263
vt 0.037765 0.415610
vt 0.372928 0.509397
vt 0.039652 0.513121
vt 0.441001 0.415610
vt 0.539160 0.902359
vt 0.356122 0.987964
vt 0.688621 0.426347
vt 0.188491 0.432758
vt 0.688621 0.982444
vt 0.522376 0.982252
vt 0.356122 0.428661
vt 0.188491 0.984820
vt 0.522376 0.426962
vt 0.512618 0.423166
vt 0.178666 0.992891
vt 0.346264 0.423208
vt 0.512582 0.991335
vt 0.678809 0.987352
vt 0.178714 0.427282
vt 0.346253 0.994055
vt 0.678829 0.419258
vt 0.072916 0.909258
vt 0.406362 0.508400
vt 0.413606 0.503201
vt 0.080128 0.914435
vt 0.579834 0.908556
vt 0.080147 0.506954
vt 0.572590 0.903357
vt 0.072935 0.512129
vt 0.239510 0.508848
vt 0.406351 0.907327
vt 0.246789 0.503624
vt 0.413596 0.912527
vt 0.246797 0.914880
vt 0.579833 0.499285
vt 0.239518 0.909657
vt 0.572590 0.504483
vt 0.330110 0.994054
vt 0.662763 0.419258
vt 0.320267 0.988320
vt 0.652947 0.426198
vt 0.662743 0.987351
vt 0.162718 0.427281
vt 0.652948 0.981643
vt 0.152945 0.434190
vt 0.320257 0.430181
vt 0.486718 0.985625
vt 0.330120 0.423207
vt 0.496514 0.991334
vt 0.486732 0.430106
vt 0.152919 0.987206
vt 0.496549 0.423165
vt 0.162671 0.992889
vt 0.908480 0.799923
vt 0.790341 0.799923
vt 0.790341 0.034820
vt 0.908480 0.034820
vt 0.799661 0.799923
vt 0.790341 0.799923
vt 0.790341 0.034820
vt 0.799660 0.034820
vt 0.908480 0.799923
vt 0.899161 0.799923
vt 0.899160 0.034820
vt 0.908480 0.034820
vt 0.835339 0.982030
vt 0.869180 0.983135
vt 0.911715 0.959964
vt 0.929619 0.929430
vt 0.912182 0.851235
vt 0.929619 0.881317
vt 0.870276 0.827412
vt 0.835869 0.827694
vt 0.794356 0.851802
vt 0.777902 0.881523
vt 0.794343 0.958059
vt 0.777792 0.928551
vt 0.852767 0.934218
vt 0.852547 0.952602
vt 0.879198 0.920747
vt 0.895082 0.929430
vt 0.879808 0.890967
vt 0.895081 0.881317
vt 0.853847 0.875529
vt 0.853175 0.857494
vt 0.827371 0.890063
vt 0.811662 0.881602
vt 0.826626 0.919945
vt 0.811551 0.928631
vt 0.835339 0.982030
vt 0.869180 0.983135
vt 0.911715 0.959964
vt 0.929619 0.929430
vt 0.912182 0.851235
vt 0.929619 0.881317
vt 0.870276 0.827412
vt 0.835869 0.827694
vt 0.794356 0.851802
vt 0.777902 0.881523
vt 0.794343 0.958059
vt 0.777792 0.928551
vt 0.852767 0.934218
vt 0.852547 0.952602
vt 0.879198 0.920747
vt 0.895082 0.929430
vt 0.879808 0.890967
vt 0.895081 0.881317
vt 0.853847 0.875529
vt 0.853175 0.857494
vt 0.827371 0.890063
vt 0.811662 0.881602
vt 0.826626 0.919945
vt 0.811551 0.928631
vt 0.835339 0.982030
vt 0.869180 0.983135
vt 0.911715 0.959964
vt 0.929619 0.929430
vt 0.912182 0.851235
vt 0.929619 0.881317
vt 0.870276 0.827412
vt 0.835869 0.827694
vt 0.794356 0.851802
vt 0.777902 0.881523
vt 0.794343 0.958059
vt 0.777792 0.928551
vt 0.852767 0.934218
vt 0.852547 0.952602
vt 0.879198 0.920747
vt 0.895082 0.929430
vt 0.879808 0.890967
vt 0.895081 0.881317
vt 0.853847 0.875529
vt 0.853175 0.857494
vt 0.827371 0.890063
vt 0.811662 0.881602
vt 0.826626 0.919945
vt 0.811551 0.928631
vt 0.835339 0.982030
vt 0.869180 0.983135
vt 0.911715 0.959964
vt 0.929619 0.929430
vt 0.912182 0.851235
vt 0.929619 0.881317
vt 0.870276 0.827412
vt 0.835869 0.827694
vt 0.794356 0.851802
vt 0.777902 0.881523
vt 0.794343 0.958059
vt 0.777792 0.928551
vt 0.852767 0.934218
vt 0.852547 0.952602
vt 0.879198 0.920747
vt 0.895082 0.929430
vt 0.879808 0.890967
vt 0.895081 0.881317
vt 0.853847 0.875529
vt 0.853175 0.857494
vt 0.827371 0.890063
vt 0.811662 0.881602
vt 0.826626 0.919945
vt 0.811551 0.928631
vt 0.835339 0.982030
vt 0.869180 0.983135
vt 0.911715 0.959964
vt 0.929619 0.929430
vt 0.912182 0.851235
vt 0.929619 0.881317
vt 0.870276 0.827412
vt 0.835869 0.827694
vt 0.794356 0.851802
vt 0.777902 0.881523
vt 0.794343 0.958059
vt 0.777792 0.928551
vt 0.852767 0.934218
vt 0.852547 0.952602
vt 0.879198 0.920747
vt 0.895082 0.929430
vt 0.879808 0.890967
vt 0.895081 0.881317
vt 0.853847 0.875529
vt 0.853175 0.857494
vt 0.827371 0.890063
vt 0.811662 0.881602
vt 0.826626 0.919945
vt 0.811551 0.928631
vt 0.835339 0.982030
vt 0.869180 0.983135
vt 0.911715 0.959964
vt 0.929619 0.929430
vt 0.912182 0.851235
vt 0.929619 0.881317
vt 0.870276 0.827412
vt 0.835869 0.827694
vt 0.794356 0.851802
vt 0.777902 0.881523
vt 0.794343 0.958059
vt 0.777792 0.928551
vt 0.852767 0.934218
vt 0.852547 0.952602
vt 0.879198 0.920747
vt 0.895082 0.929430
vt 0.879808 0.890967
vt 0.895081 0.881317
vt 0.853847 0.875529
vt 0.853175 0.857494
vt 0.827371 0.890063
vt 0.811662 0.881602
vt 0.826626 0.919945
vt 0.811551 0.928631
vt 0.205927 0.908655
vt 0.037765 0.012374
vt 0.539160 0.505481
vt 0.205919 0.509851
vt 0.037765 0.415610
vt 0.372917 0.906328
vt 0.039632 0.908263
vt 0.441000 0.415610
vt 0.372928 0.509397
vt 0.039652 0.513121
vt 0.441000 0.012374
vt 0.539160 0.902359
vt 0.356122 0.987964
vt 0.688621 0.426347
vt 0.188491 0.432758
vt 0.688621 0.982444
vt 0.522376 0.982252
vt 0.356122 0.428661
vt 0.188491 0.984820
vt 0.522376 0.426962
vt 0.512618 0.423166
vt 0.178666 0.992891
vt 0.346264 0.423208
vt 0.512582 0.991335
vt 0.678809 0.987352
vt 0.178714 0.427282
vt 0.346253 0.994055
vt 0.678829 0.419258
vt 0.072916 0.909258
vt 0.406362 0.508400
vt 0.413606 0.503201
vt 0.080128 0.914435
vt 0.579834 0.908556
vt 0.080147 0.506954
vt 0.572590 0.903357
vt 0.072935 0.512129
vt 0.239510 0.508848
vt 0.406351 0.907327
vt 0.246789 0.503624
vt 0.413596 0.912527
vt 0.246797 0.914880
vt 0.579833 0.499285
vt 0.239518 0.909657
vt 0.572590 0.504483
vt 0.330110 0.994054
vt 0.662763 0.419258
vt 0.320267 0.988320
vt 0.652947 0.426198
vt 0.662743 0.987351
vt 0.162718 0.427281
vt 0.652948 0.981643
vt 0.152945 0.434190
vt 0.320257 0.430181
vt 0.486718 0.985625
vt 0.330120 0.423207
vt 0.496514 0.991334
vt 0.486732 0.430106
vt 0.152919 0.987206
vt 0.496549 0.423165
vt 0.162671 0.992889
vt 0.908480 0.799923
vt 0.790341 0.799923
vt 0.790341 0.034820
vt 0.908480 0.034820
vt 0.799661 0.799923
vt 0.790341 0.799923
vt 0.790341 0.034820
vt 0.799660 0.034820
vt 0.908480 0.799923
vt 0.899161 0.799923
vt 0.899160 0.034820
vt 0.908480 0.034820
vt 0.835339 0.982030
vt 0.869180 0.983135
vt 0.911715 0.959964
vt 0.929619 0.929430
vt 0.912182 0.851235
vt 0.929619 0.881317
vt 0.870276 0.827412
vt 0.835869 0.827694
vt 0.794356 0.851802
vt 0.777902 0.881523
vt 0.794343 0.958059
vt 0.777792 0.928551
vt 0.852767 0.934218
vt 0.852547 0.952602
vt 0.879198 0.920747
vt 0.895082 0.929430
vt 0.879808 0.890967
vt 0.895081 0.881317
vt 0.853847 0.875529
vt 0.853175 0.857494
vt 0.827371 0.890063
vt 0.811662 0.881602
vt 0.826626 0.919945
vt 0.811551 0.928631
vt 0.835339 0.982030
vt 0.869180 0.983135
vt 0.911715 0.959964
vt 0.929619 0.929430
vt 0.912182 0.851235
vt 0.929619 0.881317
vt 0.870276 0.827412
vt 0.835869 0.827694
vt 0.794356 0.851802
vt 0.777902 0.881523
vt 0.794343 0.958059
vt 0.777792 0.928551
vt 0.852767 0.934218
vt 0.852547 0.952602
vt 0.879198 0.920747
vt 0.895082 0.929430
vt 0.879808 0.890967
vt 0.895081 0.881317
vt 0.853847 0.875529
vt 0.853175 0.857494
vt 0.827371 0.890063
vt 0.811662 0.881602
vt 0.826626 0.919945
vt 0.811551 0.928631
vt 0.835339 0.982030
vt 0.869180 0.983135
vt 0.911715 0.959964
vt 0.929619 0.929430
vt 0.912182 0.851235
vt 0.929619 0.881317
vt 0.870276 0.827412
vt 0.835869 0.827694
vt 0.794356 0.851802
vt 0.777902 0.881523
vt 0.794343 0.958059
vt 0.777792 0.928551
vt 0.852767 0.934218
vt 0.852547 0.952602
vt 0.879198 0.920747
vt 0.895082 0.929430
vt 0.879808 0.890967
vt 0.895081 0.881317
vt 0.853847 0.875529
vt 0.853175 0.857494
vt 0.827371 0.890063
vt 0.811662 0.881602
vt 0.826626 0.919945
vt 0.811551 0.928631
vt 0.835339 0.982030
vt 0.869180 0.983135
vt 0.911715 0.959964
vt 0.929619 0.929430
vt 0.912182 0.851235
vt 0.929619 0.881317
vt 0.870276 0.827412
vt 0.835869 0.827694
vt 0.794356 0.851802
vt 0.777902 0.881523
vt 0.794343 0.958059
vt 0.777792 0.928551
vt 0.852767 0.934218
vt 0.852547 0.952602
vt 0.879198 0.920747
vt 0.895082 0.929430
vt 0.879808 0.890967
vt 0.895081 0.881317
vt 0.853847 0.875529
vt 0.853175 0.857494
vt 0.827371 0.890063
vt 0.811662 0.881602
vt 0.826626 0.919945
vt 0.811551 0.928631
vt 0.835339 0.982030
vt 0.869180 0.983135
vt 0.911715 0.959964
vt 0.929619 0.929430
vt 0.912182 0.851235
vt 0.929619 0.881317
vt 0.870276 0.827412
vt 0.835869 0.827694
vt 0.794356 0.851802
vt 0.777902 0.881523
vt 0.794343 0.958059
vt 0.777792 0.928551
vt 0.852767 0.934218
vt 0.852547 0.952602
vt 0.879198 0.920747
vt 0.895082 0.929430
vt 0.879808 0.890967
vt 0.895081 0.881317
vt 0.853847 0.875529
vt 0.853175 0.857494
vt 0.827371 0.890063
vt 0.811662 0.881602
vt 0.826626 0.919945
vt 0.811551 0.928631
vt 0.835339 0.982030
vt 0.869180 0.983135
vt 0.911715 0.959964
vt 0.929619 0.929430
vt 0.912182 0.851235
vt 0.929619 0.881317
vt 0.870276 0.827412
vt 0.835869 0.827694
vt 0.794356 0.851802
vt 0.777902 0.881523
vt 0.794343 0.958059
vt 0.777792 0.928551
vt 0.852767 0.934218
vt 0.852547 0.952602
vt 0.879198 0.920747
vt 0.895082 0.929430
vt 0.879808 0.890967
vt 0.895081 0.881317
vt 0.853847 0.875529
vt 0.853175 0.857494
vt 0.827371 0.890063
vt 0.811662 0.881602
vt 0.826626 0.919945
vt 0.811551 0.928631
vt 0.205927 0.908655
vt 0.441000 0.415610
vt 0.539160 0.505481
vt 0.205919 0.509851
vt 0.441000 0.012374
vt 0.372917 0.906328
vt 0.039632 0.908263
vt 0.037765 0.012374
vt 0.372928 0.509397
vt 0.039652 0.513121
vt 0.037765 0.415610
vt 0.539160 0.902359
vt 0.356122 0.987964
vt 0.688621 0.426347
vt 0.188491 0.432758
vt 0.688621 0.982444
vt 0.522376 0.982252
vt 0.356122 0.428661
vt 0.188491 0.984820
vt 0.522376 0.426962
vt 0.512618 0.423166
vt 0.178666 0.992891
vt 0.346264 0.423208
vt 0.512582 0.991335
vt 0.678809 0.987352
vt 0.178714 0.427282
vt 0.346253 0.994055
vt 0.678829 0.419258
vt 0.072916 0.909258
vt 0.406362 0.508400
vt 0.413606 0.503201
vt 0.080128 0.914435
vt 0.579834 0.908556
vt 0.080147 0.506954
vt 0.572590 0.903357
vt 0.072935 0.512129
vt 0.239510 0.508848
vt 0.406351 0.907327
vt 0.246789 0.503624
vt 0.413596 0.912527
vt 0.246797 0.914880
vt 0.579833 0.499285
vt 0.239518 0.909657
vt 0.572590 0.504483
vt 0.330110 0.994054
vt 0.662763 0.419258
vt 0.320267 0.988320
vt 0.652947 0.426198
vt 0.662743 0.987351
vt 0.162718 0.427281
vt 0.652948 0.981643
vt 0.152945 0.434190
vt 0.320257 0.430181
vt 0.486718 0.985625
vt 0.330120 0.423207
vt 0.496514 0.991334
vt 0.486732 0.430106
vt 0.152919 0.987206
vt 0.496549 0.423165
vt 0.162671 0.992889
vt 0.790341 0.034820
vt 0.908480 0.034820
vt 0.908480 0.799923
vt 0.790341 0.799923
vt 0.899160 0.034820
vt 0.908480 0.034820
vt 0.908480 0.799923
vt 0.899161 0.799923
vt 0.790341 0.034820
vt 0.799660 0.034820
vt 0.799661 0.799923
vt 0.790341 0.799923
vt 0.835339 0.982030
vt 0.869180 0.983135
vt 0.911715 0.959964
vt 0.929619 0.929430
vt 0.912182 0.851235
vt 0.929619 0.881317
vt 0.870276 0.827412
vt 0.835869 0.827694
vt 0.794356 0.851802
vt 0.777902 0.881523
vt 0.794343 0.958059
vt 0.777792 0.928551
vt 0.852767 0.934218
vt 0.852547 0.952602
vt 0.879198 0.920747
vt 0.895082 0.929430
vt 0.879808 0.890967
vt 0.895081 0.881317
vt 0.853847 0.875529
vt 0.853175 0.857494
vt 0.827371 0.890063
vt 0.811662 0.881602
vt 0.826626 0.919945
vt 0.811551 0.928631
vt 0.835339 0.982030
vt 0.869180 0.983135
vt 0.911715 0.959964
vt 0.929619 0.929430
vt 0.912182 0.851235
vt 0.929619 0.881317
vt 0.870276 0.827412
vt 0.835869 0.827694
vt 0.794356 0.851802
vt 0.777902 0.881523
vt 0.794343 0.958059
vt 0.777792 0.928551
vt 0.852767 0.934218
vt 0.852547 0.952602
vt 0.879198 0.920747
vt 0.895082 0.929430
vt 0.879808 0.890967
vt 0.895081 0.881317
vt 0.853847 0.875529
vt 0.853175 0.857494
vt 0.827371 0.890063
vt 0.811662 0.881602
vt 0.826626 0.919945
vt 0.811551 0.928631
vt 0.835339 0.982030
vt 0.869180 0.983135
vt 0.911715 0.959964
vt 0.929619 0.929430
vt 0.912182 0.851235
vt 0.929619 0.881317
vt 0.870276 0.827412
vt 0.835869 0.827694
vt 0.794356 0.851802
vt 0.777902 0.881523
vt 0.794343 0.958059
vt 0.777792 0.928551
vt 0.852767 0.934218
vt 0.852547 0.952602
vt 0.879198 0.920747
vt 0.895082 0.929430
vt 0.879808 0.890967
vt 0.895081 0.881317
vt 0.853847 0.875529
vt 0.853175 0.857494
vt 0.827371 0.890063
vt 0.811662 0.881602
vt 0.826626 0.919945
vt 0.811551 0.928631
vt 0.835339 0.982030
vt 0.869180 0.983135
vt 0.911715 0.959964
vt 0.929619 0.929430
vt 0.912182 0.851235
vt 0.929619 0.881317
vt 0.870276 0.827412
vt 0.835869 0.827694
vt 0.794356 0.851802
vt 0.777902 0.881523
vt 0.794343 0.958059
vt 0.777792 0.928551
vt 0.852767 0.934218
vt 0.852547 0.952602
vt 0.879198 0.920747
vt 0.895082 0.929430
vt 0.879808 0.890967
vt 0.895081 0.881317
vt 0.853847 0.875529
vt 0.853175 0.857494
vt 0.827371 0.890063
vt 0.811662 0.881602
vt 0.826626 0.919945
vt 0.811551 0.928631
vt 0.835339 0.982030
vt 0.869180 0.983135
vt 0.911715 0.959964
vt 0.929619 0.929430
vt 0.912182 0.851235
vt 0.929619 0.881317
vt 0.870276 0.827412
vt 0.835869 0.827694
vt 0.794356 0.851802
vt 0.777902 0.881523
vt 0.794343 0.958059
vt 0.777792 0.928551
vt 0.852767 0.934218
vt 0.852547 0.952602
vt 0.879198 0.920747
vt 0.895082 0.929430
vt 0.879808 0.890967
vt 0.895081 0.881317
vt 0.853847 0.875529
vt 0.853175 0.857494
vt 0.827371 0.890063
vt 0.811662 0.881602
vt 0.826626 0.919945
vt 0.811551 0.928631
vt 0.835339 0.982030
vt 0.869180 0.983135
vt 0.911715 0.959964
vt 0.929619 0.929430
vt 0.912182 0.851235
vt 0.929619 0.881317
vt 0.870276 0.827412
vt 0.835869 0.827694
vt 0.794356 0.851802
vt 0.777902 0.881523
vt 0.794343 0.958059
vt 0.777792 0.928551
vt 0.852767 0.934218
vt 0.852547 0.952602
vt 0.879198 0.920747
vt 0.895082 0.929430
vt 0.879808 0.890967
vt 0.895081 0.881317
vt 0.853847 0.875529
vt 0.853175 0.857494
vt 0.827371 0.890063
vt 0.811662 0.881602
vt 0.826626 0.919945
vt 0.811551 0.928631
vt 0.205927 0.908655
vt 0.441000 0.415610
vt 0.539160 0.505481
vt 0.205919 0.509851
vt 0.441000 0.012374
vt 0.372917 0.906328
vt 0.039632 0.908263
vt 0.037765 0.012374
vt 0.372928 0.509397
vt 0.039652 0.513121
vt 0.037765 0.415610
vt 0.539160 0.902359
vt 0.356122 0.987964
vt 0.688621 0.426347
vt 0.188491 0.432758
vt 0.688621 0.982444
vt 0.522376 0.982252
vt 0.356122 0.428661
vt 0.188491 0.984820
vt 0.522376 0.426962
vt 0.512618 0.423166
vt 0.178666 0.992891
vt 0.346264 0.423208
vt 0.512582 0.991335
vt 0.678809 0.987352
vt 0.178714 0.427282
vt 0.346253 0.994055
vt 0.678829 0.419258
vt 0.072916 0.909258
vt 0.406362 0.508400
vt 0.413606 0.503201
vt 0.080128 0.914435
vt 0.579834 0.908556
vt 0.080147 0.506954
vt 0.572590 0.903357
vt 0.072935 0.512129
vt 0.239510 0.508848
vt 0.406351 0.907327
vt 0.246789 0.503624
vt 0.413596 0.912527
vt 0.246797 0.914880
vt 0.579833 0.499285
vt 0.239518 0.909657
vt 0.572590 0.504483
vt 0.330110 0.994054
vt 0.662763 0.419258
vt 0.320267 0.988320
vt 0.652947 0.426198
vt 0.662743 0.987351
vt 0.162718 0.427281
vt 0.652948 0.981643
vt 0.152945 0.434190
vt 0.320257 0.430181
vt 0.486718 0.985625
vt 0.330120 0.423207
vt 0.496514 0.991334
vt 0.486732 0.430106
vt 0.152919 0.987206
vt 0.496549 0.423165
vt 0.162671 0.992889
vt 0.790341 0.034820
vt 0.908480 0.034820
vt 0.908480 0.799923
vt 0.790341 0.799923
vt 0.899160 0.034820
vt 0.908480 0.034820
vt 0.908480 0.799923
vt 0.899161 0.799923
vt 0.790341 0.034820
vt 0.799660 0.034820
vt 0.799661 0.799923
vt 0.790341 0.799923
vt 0.835339 0.982030
vt 0.869180 0.983135
vt 0.911715 0.959964
vt 0.929619 0.929430
vt 0.912182 0.851235
vt 0.929619 0.881317
vt 0.870276 0.827412
vt 0.835869 0.827694
vt 0.794356 0.851802
vt 0.777902 0.881523
vt 0.794343 0.958059
vt 0.777792 0.928551
vt 0.852767 0.934218
vt 0.852547 0.952602
vt 0.879198 0.920747
vt 0.895082 0.929430
vt 0.879808 0.890967
vt 0.895081 0.881317
vt 0.853847 0.875529
vt 0.853175 0.857494
vt 0.827371 0.890063
vt 0.811662 0.881602
vt 0.826626 0.919945
vt 0.811551 0.928631
vt 0.835339 0.982030
vt 0.869180 0.983135
vt 0.911715 0.959964
vt 0.929619 0.929430
vt 0.912182 0.851235
vt 0.929619 0.881317
vt 0.870276 0.827412
vt 0.835869 0.827694
vt 0.794356 0.851802
vt 0.777902 0.881523
vt 0.794343 0.958059
vt 0.777792 0.928551
vt 0.852767 0.934218
vt 0.852547 0.952602
vt 0.879198 0.920747
vt 0.895082 0.929430
vt 0.879808 0.890967
vt 0.895081 0.881317
vt 0.853847 0.875529
vt 0.853175 0.857494
vt 0.827371 0.890063
vt 0.811662 0.881602
vt 0.826626 0.919945
vt 0.811551 0.928631
vt 0.835339 0.982030
vt 0.869180 0.983135
vt 0.911715 0.959964
vt 0.929619 0.929430
vt 0.912182 0.851235
vt 0.929619 0.881317
vt 0.870276 0.827412
vt 0.835869 0.827694
vt 0.794356 0.851802
vt 0.777902 0.881523
vt 0.794343 0.958059
vt 0.777792 0.928551
vt 0.852767 0.934218
vt 0.852547 0.952602
vt 0.879198 0.920747
vt 0.895082 0.929430
vt 0.879808 0.890967
vt 0.895081 0.881317
vt 0.853847 0.875529
vt 0.853175 0.857494
vt 0.827371 0.890063
vt 0.811662 0.881602
vt 0.826626 0.919945
vt 0.811551 0.928631
vt 0.835339 0.982030
vt 0.869180 0.983135
vt 0.911715 0.959964
vt 0.929619 0.929430
vt 0.912182 0.851235
vt 0.929619 0.881317
vt 0.870276 0.827412
vt 0.835869 0.827694
vt 0.794356 0.851802
vt 0.777902 0.881523
vt 0.794343 0.958059
vt 0.777792 0.928551
vt 0.852767 0.934218
vt 0.852547 0.952602
vt 0.879198 0.920747
vt 0.895082 0.929430
vt 0.879808 0.890967
vt 0.895081 0.881317
vt 0.853847 0.875529
vt 0.853175 0.857494
vt 0.827371 0.890063
vt 0.811662 0.881602
vt 0.826626 0.919945
vt 0.811551 0.928631
vt 0.835339 0.982030
vt 0.869180 0.983135
vt 0.911715 0.959964
vt 0.929619 0.929430
vt 0.912182 0.851235
vt 0.929619 0.881317
vt 0.870276 0.827412
vt 0.835869 0.827694
vt 0.794356 0.851802
vt 0.777902 0.881523
vt 0.794343 0.958059
vt 0.777792 0.928551
vt 0.852767 0.934218
vt 0.852547 0.952602
vt 0.879198 0.920747
vt 0.895082 0.929430
vt 0.879808 0.890967
vt 0.895081 0.881317
vt 0.853847 0.875529
vt 0.853175 0.857494
vt 0.827371 0.890063
vt 0.811662 0.881602
vt 0.826626 0.919945
vt 0.811551 0.928631
vt 0.835339 0.982030
vt 0.869180 0.983135
vt 0.911715 0.959964
vt 0.929619 0.929430
vt 0.912182 0.851235
vt 0.929619 0.881317
vt 0.870276 0.827412
vt 0.835869 0.827694
vt 0.794356 0.851802
vt 0.777902 0.881523
vt 0.794343 0.958059
vt 0.777792 0.928551
vt 0.852767 0.934218
vt 0.852547 0.952602
vt 0.879198 0.920747
vt 0.895082 0.929430
vt 0.879808 0.890967
vt 0.895081 0.881317
vt 0.853847 0.875529
vt 0.853175 0.857494
vt 0.827371 0.890063
vt 0.811662 0.881602
vt 0.826626 0.919945
vt 0.811551 0.928631
vt 0.205927 0.908655
vt 0.441000 0.012374
vt 0.539160 0.505481
vt 0.205919 0.509851
vt 0.037765 0.012374
vt 0.372917 0.906328
vt 0.039632 0.908263
vt 0.037765 0.415610
vt 0.372928 0.509397
vt 0.039652 0.513121
vt 0.441001 0.415610
vt 0.539160 0.902359
vt 0.356122 0.987964
vt 0.688621 0.426347
vt 0.188491 0.432758
vt 0.688621 0.982444
vt 0.522376 0.982252
vt 0.356122 0.428661
vt 0.188491 0.984820
vt 0.522376 0.426962
vt 0.512618 0.423166
vt 0.178666 0.992891
vt 0.346264 0.423208
vt 0.512582 0.991335
vt 0.678809 0.987352
vt 0.178714 0.427282
vt 0.346253 0.994055
vt 0.678829 0.419258
vt 0.072916 0.909258
vt 0.406362 0.508400
vt 0.413606 0.503201
vt 0.080128 0.914435
vt 0.579834 0.908556
vt 0.080147 0.506954
vt 0.572590 0.903357
vt 0.072935 0.512129
vt 0.239510 0.508848
vt 0.406351 0.907327
vt 0.246789 0.503624
vt 0.413596 0.912527
vt 0.246797 0.914880
vt 0.579833 0.499285
vt 0.239518 0.909657
vt 0.572590 0.504483
vt 0.330110 0.994054
vt 0.662763 0.419258
vt 0.320267 0.988320
vt 0.652947 0.426198
vt 0.662743 0.987351
vt 0.162718 0.427281
vt 0.652948 0.981643
vt 0.152945 0.434190
vt 0.320257 0.430181
vt 0.486718 0.985625
vt 0.330120 0.423207
vt 0.496514 0.991334
vt 0.486732 0.430106
vt 0.152919 0.987206
vt 0.496549 0.423165
vt 0.162671 0.992889
vt 0.790341 0.034820
vt 0.908480 0.034820
vt 0.908480 0.799923
vt 0.790341 0.799923
vt 0.899160 0.034820
vt 0.908480 0.034820
vt 0.908480 0.799923
vt 0.899161 0.799923
vt 0.790341 0.034820
vt 0.799660 0.034820
vt 0.799661 0.799923
vt 0.790341 0.799923
vt 0.835339 0.982030
vt 0.869180 0.983135
vt 0.911715 0.959964
vt 0.929619 0.929430
vt 0.912182 0.851235
vt 0.929619 0.881317
vt 0.870276 0.827412
vt 0.835869 0.827694
vt 0.794356 0.851802
vt 0.777902 0.881523
vt 0.794343 0.958059
vt 0.777792 0.928551
vt 0.852767 0.934218
vt 0.852547 0.952602
vt 0.879198 0.920747
vt 0.895082 0.929430
vt 0.879808 0.890967
vt 0.895081 0.881317
vt 0.853847 0.875529
vt 0.853175 0.857494
vt 0.827371 0.890063
vt 0.811662 0.881602
vt 0.826626 0.919945
vt 0.811551 0.928631
vt 0.835339 0.982030
vt 0.869180 0.983135
vt 0.911715 0.959964
vt 0.929619 0.929430
vt 0.912182 0.851235
vt 0.929619 0.881317
vt 0.870276 0.827412
vt 0.835869 0.827694
vt 0.794356 0.851802
vt 0.777902 0.881523
vt 0.794343 0.958059
vt 0.777792 0.928551
vt 0.852767 0.934218
vt 0.852547 0.952602
vt 0.879198 0.920747
vt 0.895082 0.929430
vt 0.879808 0.890967
vt 0.895081 0.881317
vt 0.853847 0.875529
vt 0.853175 0.857494
vt 0.827371 0.890063
vt 0.811662 0.881602
vt 0.826626 0.919945
vt 0.811551 0.928631
vt 0.835339 0.982030
vt 0.869180 0.983135
vt 0.911715 0.959964
vt 0.929619 0.929430
vt 0.912182 0.851235
vt 0.929619 0.881317
vt 0.870276 0.827412
vt 0.835869 0.827694
vt 0.794356 0.851802
vt 0.777902 0.881523
vt 0.794343 0.958059
vt 0.777792 0.928551
vt 0.852767 0.934218
vt 0.852547 0.952602
vt 0.879198 0.920747
vt 0.895082 0.929430
vt 0.879808 0.890967
vt 0.895081 0.881317
vt 0.853847 0.875529
vt 0.853175 0.857494
vt 0.827371 0.890063
vt 0.811662 0.881602
vt 0.826626 0.919945
vt 0.811551 0.928631
vt 0.835339 0.982030
vt 0.869180 0.983135
vt 0.911715 0.959964
vt 0.929619 0.929430
vt 0.912182 0.851235
vt 0.929619 0.881317
vt 0.870276 0.827412
vt 0.835869 0.827694
vt 0.794356 0.851802
vt 0.777902 0.881523
vt 0.794343 0.958059
vt 0.777792 0.928551
vt 0.852767 0.934218
vt 0.852547 0.952602
vt 0.879198 0.920747
vt 0.895082 0.929430
vt 0.879808 0.890967
vt 0.895081 0.881317
vt 0.853847 0.875529
vt 0.853175 0.857494
vt 0.827371 0.890063
vt 0.811662 0.881602
vt 0.826626 0.919945
vt 0.811551 0.928631
vt 0.835339 0.982030
vt 0.869180 0.983135
vt 0.911715 0.959964
vt 0.929619 0.929430
vt 0.912182 0.851235
vt 0.929619 0.881317
vt 0.870276 0.827412
vt 0.835869 0.827694
vt 0.794356 0.851802
vt 0.777902 0.881523
vt 0.794343 0.958059
vt 0.777792 0.928551
vt 0.852767 0.934218
vt 0.852547 0.952602
vt 0.879198 0.920747
vt 0.895082 0.929430
vt 0.879808 0.890967
vt 0.895081 0.881317
vt 0.853847 0.875529
vt 0.853175 0.857494
vt 0.827371 0.890063
vt 0.811662 0.881602
vt 0.826626 0.919945
vt 0.811551 0.928631
vt 0.835339 0.982030
vt 0.869180 0.983135
vt 0.911715 0.959964
vt 0.929619 0.929430
vt 0.912182 0.851235
vt 0.929619 0.881317
vt 0.870276 0.827412
vt 0.835869 0.827694
vt 0.794356 0.851802
vt 0.777902 0.881523
vt 0.794343 0.958059
vt 0.777792 0.928551
vt 0.852767 0.934218
vt 0.852547 0.952602
vt 0.879198 0.920747
vt 0.895082 0.929430
vt 0.879808 0.890967
vt 0.895081 0.881317
vt 0.853847 0.875529
vt 0.853175 0.857494
vt 0.827371 0.890063
vt 0.811662 0.881602
vt 0.826626 0.919945
vt 0.811551 0.928631
vt 0.205927 0.908655
vt 0.441000 0.415610
vt 0.539160 0.505481
vt 0.205919 0.509851
vt 0.441000 0.012374
vt 0.372917 0.906328
vt 0.039632 0.908263
vt 0.037765 0.012374
vt 0.372928 0.509397
vt 0.039652 0.513121
vt 0.037765 0.415610
vt 0.539160 0.902359
vt 0.356122 0.987964
vt 0.688621 0.426347
vt 0.188491 0.432758
vt 0.688621 0.982444
vt 0.522376 0.982252
vt 0.356122 0.428661
vt 0.188491 0.984820
vt 0.522376 0.426962
vt 0.512618 0.423166
vt 0.178666 0.992891
vt 0.346264 0.423208
vt 0.512582 0.991335
vt 0.678809 0.987352
vt 0.178714 0.427282
vt 0.346253 0.994055
vt 0.678829 0.419258
vt 0.072916 0.909258
vt 0.406362 0.508400
vt 0.413606 0.503201
vt 0.080128 0.914435
vt 0.579834 0.908556
vt 0.080147 0.506954
vt 0.572590 0.903357
vt 0.072935 0.512129
vt 0.239510 0.508848
vt 0.406351 0.907327
vt 0.246789 0.503624
vt 0.413596 0.912527
vt 0.246797 0.914880
vt 0.579833 0.499285
vt 0.239518 0.909657
vt 0.572590 0.504483
vt 0.330110 0.994054
vt 0.662763 0.419258
vt 0.320267 0.988320
vt 0.652947 0.426198
vt 0.662743 0.987351
vt 0.162718 0.427281
vt 0.652948 0.981643
vt 0.152945 0.434190
vt 0.320257 0.430181
vt 0.486718 0.985625
vt 0.330120 0.423207
vt 0.496514 0.991334
vt 0.486732 0.430106
vt 0.152919 0.987206
vt 0.496549 0.423165
vt 0.162671 0.992889
vt 0.790341 0.034820
vt 0.908480 0.034820
vt 0.908480 0.799923
vt 0.790341 0.799923
vt 0.899160 0.034820
vt 0.908480 0.034820
vt 0.908480 0.799923
vt 0.899161 0.799923
vt 0.790341 0.034820
vt 0.799660 0.034820
vt 0.799661 0.799923
vt 0.790341 0.799923
s 0
f 6/11/1 18/24/1 8/14/1 1/1/1
f 3/5/2 12/18/2 14/20/2 4/7/2
f 4/8/3 14/20/3 16/22/3 5/9/3
f 5/10/4 16/22/4 18/24/4 6/12/4
f 1/2/5 8/14/5 10/16/5 2/3/5
f 2/4/6 10/16/6 12/18/6 3/6/6
f 10/16/7 8/14/7 7/13/7 9/15/7
f 12/18/8 10/16/8 9/15/8 11/17/8
f 14/20/9 12/18/9 11/17/9 13/19/9
f 16/22/10 14/20/10 13/19/10 15/21/10
f 18/24/11 16/22/11 15/21/11 17/23/11
f 8/14/12 18/24/12 17/23/12 7/13/12
f 9/15/13 7/13/13 17/23/13 15/21/13 13/19/13 11/17/13
f 24/35/14 36/48/14 26/38/14 19/25/14
f 21/29/15 30/42/15 32/44/15 22/31/15
f 22/32/16 32/44/16 34/46/16 23/33/16
f 23/34/17 34/46/17 36/48/17 24/36/17
f 19/26/18 26/38/18 28/40/18 20/27/18
f 20/28/19 28/40/19 30/42/19 21/30/19
f 28/40/20 26/38/20 25/37/20 27/39/20
f 30/42/21 28/40/21 27/39/21 29/41/21
f 32/44/22 30/42/22 29/41/22 31/43/22
f 34/46/23 32/44/23 31/43/23 33/45/23
f 36/48/24 34/46/24 33/45/24 35/47/24
f 26/38/25 36/48/25 35/47/25 25/37/25
f 27/39/13 25/37/13 35/47/13 33/45/13 31/43/13 29/41/13
f 42/59/26 54/72/26 44/62/26 37/49/26
f 39/53/27 48/66/27 50/68/27 40/55/27
f 40/56/28 50/68/28 52/70/28 41/57/28
f 41/58/29 52/70/29 54/72/29 42/60/29
f 37/50/30 44/62/30 46/64/30 38/51/30
f 38/52/31 46/64/31 48/66/31 39/54/31
f 46/64/32 44/62/32 43/61/32 45/63/32
f 48/66/33 46/64/33 45/63/33 47/65/33
f 50/68/34 48/66/34 47/65/34 49/67/34
f 52/70/35 50/68/35 49/67/35 51/69/35
f 54/72/36 52/70/36 51/69/36 53/71/36
f 44/62/37 54/72/37 53/71/37 43/61/37
f 45/63/13 43/61/13 53/71/13 51/69/13 49/67/13 47/65/13
f 60/83/38 55/73/38 62/86/38 72/96/38
f 57/77/39 58/79/39 68/92/39 66/90/39
f 58/80/40 59/81/40 70/94/40 68/92/40
f 59/82/41 60/84/41 72/96/41 70/94/41
f 55/74/42 56/75/42 64/88/42 62/86/42
f 56/76/43 57/78/43 66/90/43 64/88/43
f 64/88/44 63/87/44 61/85/44 62/86/44
f 66/90/45 65/89/45 63/87/45 64/88/45
f 68/92/46 67/91/46 65/89/46 66/90/46
f 70/94/47 69/93/47 67/91/47 68/92/47
f 72/96/48 71/95/48 69/93/48 70/94/48
f 62/86/49 61/85/49 71/95/49 72/96/49
f 63/87/13 65/89/13 67/91/13 69/93/13 71/95/13 61/85/13
f 78/107/50 73/97/50 80/110/50 90/120/50
f 75/101/51 76/103/51 86/116/51 84/114/51
f 76/104/52 77/105/52 88/118/52 86/116/52
f 77/106/53 78/108/53 90/120/53 88/118/53
f 73/98/54 74/99/54 82/112/54 80/110/54
f 74/100/55 75/102/55 84/114/55 82/112/55
f 82/112/56 81/111/56 79/109/56 80/110/56
f 84/114/57 83/113/57 81/111/57 82/112/57
f 86/116/58 85/115/58 83/113/58 84/114/58
f 88/118/59 87/117/59 85/115/59 86/116/59
f 90/120/60 89/119/60 87/117/60 88/118/60
f 80/110/61 79/109/61 89/119/61 90/120/61
f 81/111/13 83/113/13 85/115/13 87/117/13 89/119/13 79/109/13
f 96/131/62 91/121/62 98/134/62 108/144/62
f 93/125/63 94/127/63 104/140/63 102/138/63
f 94/128/64 95/129/64 106/142/64 104/140/64
f 95/130/65 96/132/65 108/144/65 106/142/65
f 91/122/66 92/123/66 100/136/66 98/134/66
f 92/124/67 93/126/67 102/138/67 100/136/67
f 100/136/68 99/135/68 97/133/68 98/134/68
f 102/138/69 101/137/69 99/135/69 100/136/69
f 104/140/70 103/139/70 101/137/70 102/138/70
f 106/142/71 105/141/71 103/139/71 104/140/71
f 108/144/72 107/143/72 105/141/72 106/142/72
f 98/134/73 97/133/73 107/143/73 108/144/73
f 99/135/13 101/137/13 103/139/13 105/141/13 107/143/13 97/133/13
f 129/189/74 134/199/74 118/167/74 120/171/74
f 124/180/75 121/173/75 111/151/75 112/154/75
f 125/181/76 128/187/76 109/145/76 110/148/76
f 126/184/77 122/175/77 135/201/77 133/198/77
f 110/149/13 109/146/13 112/155/13 111/152/13
f 127/185/78 126/183/78 133/197/78 130/191/78
f 122/176/79 123/178/79 132/196/79 135/202/79
f 123/177/80 127/186/80 130/192/80 132/195/80
f 117/166/81 119/170/81 114/159/81 116/163/81
f 118/168/82 117/165/82 116/164/82 115/161/82
f 120/171/83 118/167/83 115/162/83 113/157/83
f 119/169/84 120/172/84 113/158/84 114/160/84
f 128/188/85 124/179/85 112/156/85 109/147/85
f 134/200/86 136/203/86 117/165/86 118/168/86
f 131/193/87 129/190/87 120/172/87 119/169/87
f 136/204/88 131/194/88 119/170/88 117/166/88
f 130/191/89 133/197/89 134/199/89 129/189/89
f 136/203/90 134/200/90 133/198/90 135/201/90
f 129/190/91 131/193/91 132/195/91 130/192/91
f 131/194/92 136/204/92 135/202/92 132/196/92
f 128/187/93 125/181/93 126/183/93 127/185/93
f 122/175/94 126/184/94 125/182/94 121/174/94
f 127/186/95 123/177/95 124/179/95 128/188/95
f 123/178/96 122/176/96 121/173/96 124/180/96
f 121/174/97 125/182/97 110/150/97 111/153/97
f 142/210/98 138/206/98 139/207/98 143/211/98
f 148/216/99 140/208/99 137/205/99 145/213/99
f 141/209/100 142/210/100 143/211/100 144/212/100
f 147/215/101 148/216/101 145/213/101 146/214/101
f 141/209/13 144/212/13 147/215/13 146/214/13
f 154/227/102 149/217/102 156/230/102 166/240/102
f 151/221/103 152/223/103 162/236/103 160/234/103
f 152/224/104 153/225/104 164/238/104 162/236/104
f 153/226/105 154/228/105 166/240/105 164/238/105
f 149/218/106 150/219/106 158/232/106 156/230/106
f 150/220/107 151/222/107 160/234/107 158/232/107
f 158/232/108 157/231/108 155/229/108 156/230/108
f 160/234/109 159/233/109 157/231/109 158/232/109
f 162/236/110 161/235/110 159/233/110 160/234/110
f 164/238/111 163/237/111 161/235/111 162/236/111
f 166/240/112 165/239/112 163/237/112 164/238/112
f 156/230/113 155/229/113 165/239/113 166/240/113
f 157/231/114 159/233/114 161/235/114 163/237/114 165/239/114 155/229/114
f 172/251/115 167/241/115 174/254/115 184/264/115
f 169/245/116 170/247/116 180/260/116 178/258/116
f 170/248/117 171/249/117 182/262/117 180/260/117
f 171/250/118 172/252/118 184/264/118 182/262/118
f 167/242/119 168/243/119 176/256/119 174/254/119
f 168/244/120 169/246/120 178/258/120 176/256/120
f 176/256/121 175/255/121 173/253/121 174/254/121
f 178/258/122 177/257/122 175/255/122 176/256/122
f 180/260/123 179/259/123 177/257/123 178/258/123
f 182/262/124 181/261/124 179/259/124 180/260/124
f 184/264/125 183/263/125 181/261/125 182/262/125
f 174/254/126 173/253/126 183/263/126 184/264/126
f 175/255/114 177/257/114 179/259/114 181/261/114 183/263/114 173/253/114
f 190/275/127 185/265/127 192/278/127 202/288/127
f 187/269/128 188/271/128 198/284/128 196/282/128
f 188/272/129 189/273/129 200/286/129 198/284/129
f 189/274/130 190/276/130 202/288/130 200/286/130
f 185/266/131 186/267/131 194/280/131 192/278/131
f 186/268/132 187/270/132 196/282/132 194/280/132
f 194/280/133 193/279/133 191/277/133 192/278/133
f 196/282/134 195/281/134 193/279/134 194/280/134
f 198/284/135 197/283/135 195/281/135 196/282/135
f 200/286/136 199/285/136 197/283/136 198/284/136
f 202/288/137 201/287/137 199/285/137 200/286/137
f 192/278/138 191/277/138 201/287/138 202/288/138
f 193/279/114 195/281/114 197/283/114 199/285/114 201/287/114 191/277/114
f 208/299/139 220/312/139 210/302/139 203/289/139
f 205/293/140 214/306/140 216/308/140 206/295/140
f 206/296/141 216/308/141 218/310/141 207/297/141
f 207/298/142 218/310/142 220/312/142 208/300/142
f 203/290/143 210/302/143 212/304/143 204/291/143
f 204/292/144 212/304/144 214/306/144 205/294/144
f 212/304/145 210/302/145 209/301/145 211/303/145
f 214/306/146 212/304/146 211/303/146 213/305/146
f 216/308/147 214/306/147 213/305/147 215/307/147
f 218/310/148 216/308/148 215/307/148 217/309/148
f 220/312/149 218/310/149 217/309/149 219/311/149
f 210/302/150 220/312/150 219/311/150 209/301/150
f 211/303/114 209/301/114 219/311/114 217/309/114 215/307/114 213/305/114
f 226/323/151 238/336/151 228/326/151 221/313/151
f 223/317/152 232/330/152 234/332/152 224/319/152
f 224/320/153 234/332/153 236/334/153 225/321/153
f 225/322/154 236/334/154 238/336/154 226/324/154
f 221/314/155 228/326/155 230/328/155 222/315/155
f 222/316/156 230/328/156 232/330/156 223/318/156
f 230/328/157 228/326/157 227/325/157 229/327/157
f 232/330/158 230/328/158 229/327/158 231/329/158
f 234/332/159 232/330/159 231/329/159 233/331/159
f 236/334/160 234/332/160 233/331/160 235/333/160
f 238/336/161 236/334/161 235/333/161 237/335/161
f 228/326/162 238/336/162 237/335/162 227/325/162
f 229/327/114 227/325/114 237/335/114 235/333/114 233/331/114 231/329/114
f 244/347/163 256/360/163 246/350/163 239/337/163
f 241/341/164 250/354/164 252/356/164 242/343/164
f 242/344/165 252/356/165 254/358/165 243/345/165
f 243/346/166 254/358/166 256/360/166 244/348/166
f 239/338/167 246/350/167 248/352/167 240/339/167
f 240/340/168 248/352/168 250/354/168 241/342/168
f 248/352/169 246/350/169 245/349/169 247/351/169
f 250/354/170 248/352/170 247/351/170 249/353/170
f 252/356/171 250/354/171 249/353/171 251/355/171
f 254/358/172 252/356/172 251/355/172 253/357/172
f 256/360/173 254/358/173 253/357/173 255/359/173
f 246/350/174 256/360/174 255/359/174 245/349/174
f 247/351/114 245/349/114 255/359/114 253/357/114 251/355/114 249/353/114
f 277/405/86 268/387/86 266/383/86 282/415/86
f 272/396/175 260/370/175 259/367/175 269/389/175
f 273/397/176 258/364/176 257/361/176 276/403/176
f 274/400/177 281/414/177 283/417/177 270/391/177
f 258/365/114 259/368/114 260/371/114 257/362/114
f 275/401/178 278/407/178 281/413/178 274/399/178
f 270/392/179 283/418/179 280/412/179 271/394/179
f 271/393/180 280/411/180 278/408/180 275/402/180
f 265/382/181 264/379/181 262/375/181 267/386/181
f 266/384/182 263/377/182 264/380/182 265/381/182
f 268/387/183 261/373/183 263/378/183 266/383/183
f 267/385/184 262/376/184 261/374/184 268/388/184
f 276/404/185 257/363/185 260/372/185 272/395/185
f 282/416/88 266/384/88 265/381/88 284/419/88
f 279/409/74 267/385/74 268/388/74 277/406/74
f 284/420/87 265/382/87 267/386/87 279/410/87
f 278/407/186 277/405/186 282/415/186 281/413/186
f 284/419/187 283/417/187 281/414/187 282/416/187
f 277/406/188 278/408/188 280/411/188 279/409/188
f 279/410/189 280/412/189 283/418/189 284/420/189
f 276/403/190 275/401/190 274/399/190 273/397/190
f 270/391/191 269/390/191 273/398/191 274/400/191
f 275/402/192 276/404/192 272/395/192 271/393/192
f 271/394/193 272/396/193 269/389/193 270/392/193
f 269/390/194 259/369/194 258/366/194 273/398/194
f 290/426/195 291/427/195 287/423/195 286/422/195
f 296/432/196 293/429/196 285/421/196 288/424/196
f 289/425/197 292/428/197 291/427/197 290/426/197
f 295/431/198 294/430/198 293/429/198 296/432/198
f 289/425/114 294/430/114 295/431/114 292/428/114
f 302/443/199 314/456/199 304/446/199 297/433/199
f 299/437/200 308/450/200 310/452/200 300/439/200
f 300/440/201 310/452/201 312/454/201 301/441/201
f 301/442/202 312/454/202 314/456/202 302/444/202
f 297/434/203 304/446/203 306/448/203 298/435/203
f 298/436/204 306/448/204 308/450/204 299/438/204
f 306/448/205 304/446/205 303/445/205 305/447/205
f 308/450/206 306/448/206 305/447/206 307/449/206
f 310/452/207 308/450/207 307/449/207 309/451/207
f 312/454/208 310/452/208 309/451/208 311/453/208
f 314/456/209 312/454/209 311/453/209 313/455/209
f 304/446/210 314/456/210 313/455/210 303/445/210
f 305/447/88 303/445/88 313/455/88 311/453/88 309/451/88 307/449/88
f 320/467/211 332/480/211 322/470/211 315/457/211
f 317/461/212 326/474/212 328/476/212 318/463/212
f 318/464/213 328/476/213 330/478/213 319/465/213
f 319/466/214 330/478/214 332/480/214 320/468/214
f 315/458/215 322/470/215 324/472/215 316/459/215
f 316/460/216 324/472/216 326/474/216 317/462/216
f 324/472/217 322/470/217 321/469/217 323/471/217
f 326/474/218 324/472/218 323/471/218 325/473/218
f 328/476/219 326/474/219 325/473/219 327/475/219
f 330/478/220 328/476/220 327/475/220 329/477/220
f 332/480/221 330/478/221 329/477/221 331/479/221
f 322/470/222 332/480/222 331/479/222 321/469/222
f 323/471/88 321/469/88 331/479/88 329/477/88 327/475/88 325/473/88
f 338/491/223 350/504/223 340/494/223 333/481/223
f 335/485/224 344/498/224 346/500/224 336/487/224
f 336/488/225 346/500/225 348/502/225 337/489/225
f 337/490/226 348/502/226 350/504/226 338/492/226
f 333/482/227 340/494/227 342/496/227 334/483/227
f 334/484/228 342/496/228 344/498/228 335/486/228
f 342/496/229 340/494/229 339/493/229 341/495/229
f 344/498/230 342/496/230 341/495/230 343/497/230
f 346/500/231 344/498/231 343/497/231 345/499/231
f 348/502/232 346/500/232 345/499/232 347/501/232
f 350/504/233 348/502/233 347/501/233 349/503/233
f 340/494/234 350/504/234 349/503/234 339/493/234
f 341/495/88 339/493/88 349/503/88 347/501/88 345/499/88 343/497/88
f 356/515/235 351/505/235 358/518/235 368/528/235
f 353/509/236 354/511/236 364/524/236 362/522/236
f 354/512/237 355/513/237 366/526/237 364/524/237
f 355/514/238 356/516/238 368/528/238 366/526/238
f 351/506/239 352/507/239 360/520/239 358/518/239
f 352/508/240 353/510/240 362/522/240 360/520/240
f 360/520/241 359/519/241 357/517/241 358/518/241
f 362/522/242 361/521/242 359/519/242 360/520/242
f 364/524/243 363/523/243 361/521/243 362/522/243
f 366/526/244 365/525/244 363/523/244 364/524/244
f 368/528/245 367/527/245 365/525/245 366/526/245
f 358/518/246 357/517/246 367/527/246 368/528/246
f 359/519/88 361/521/88 363/523/88 365/525/88 367/527/88 357/517/88
f 374/539/247 369/529/247 376/542/247 386/552/247
f 371/533/248 372/535/248 382/548/248 380/546/248
f 372/536/249 373/537/249 384/550/249 382/548/249
f 373/538/250 374/540/250 386/552/250 384/550/250
f 369/530/251 370/531/251 378/544/251 376/542/251
f 370/532/252 371/534/252 380/546/252 378/544/252
f 378/544/253 377/543/253 375/541/253 376/542/253
f 380/546/254 379/545/254 377/543/254 378/544/254
f 382/548/255 381/547/255 379/545/255 380/546/255
f 384/550/256 383/549/256 381/547/256 382/548/256
f 386/552/257 385/551/257 383/549/257 384/550/257
f 376/542/258 375/541/258 385/551/258 386/552/258
f 377/543/88 379/545/88 381/547/88 383/549/88 385/551/88 375/541/88
f 392/563/259 387/553/259 394/566/259 404/576/259
f 389/557/260 390/559/260 400/572/260 398/570/260
f 390/560/261 391/561/261 402/574/261 400/572/261
f 391/562/262 392/564/262 404/576/262 402/574/262
f 387/554/263 388/555/263 396/568/263 394/566/263
f 388/556/264 389/558/264 398/570/264 396/568/264
f 396/568/265 395/567/265 393/565/265 394/566/265
f 398/570/266 397/569/266 395/567/266 396/568/266
f 400/572/267 399/571/267 397/569/267 398/570/267
f 402/574/268 401/573/268 399/571/268 400/572/268
f 404/576/269 403/575/269 401/573/269 402/574/269
f 394/566/270 393/565/270 403/575/270 404/576/270
f 395/567/88 397/569/88 399/571/88 401/573/88 403/575/88 393/565/88
f 425/621/86 430/631/86 414/599/86 416/603/86
f 420/612/271 417/605/271 407/583/271 408/586/271
f 421/613/272 424/619/272 405/577/272 406/580/272
f 422/616/273 418/607/273 431/633/273 429/630/273
f 406/581/88 405/578/88 408/587/88 407/584/88
f 423/617/274 422/615/274 429/629/274 426/623/274
f 418/608/275 419/610/275 428/628/275 431/634/275
f 419/609/276 423/618/276 426/624/276 428/627/276
f 413/598/277 415/602/277 410/591/277 412/595/277
f 414/600/278 413/597/278 412/596/278 411/593/278
f 416/603/279 414/599/279 411/594/279 409/589/279
f 415/601/280 416/604/280 409/590/280 410/592/280
f 424/620/281 420/611/281 408/588/281 405/579/281
f 430/632/114 432/635/114 413/597/114 414/600/114
f 427/625/13 425/622/13 416/604/13 415/601/13
f 432/636/87 427/626/87 415/602/87 413/598/87
f 426/623/98 429/629/98 430/631/98 425/621/98
f 432/635/187 430/632/187 429/630/187 431/633/187
f 425/622/92 427/625/92 428/627/92 426/624/92
f 427/626/195 432/636/195 431/634/195 428/628/195
f 424/619/282 421/613/282 422/615/282 423/617/282
f 418/607/283 422/616/283 421/614/283 417/606/283
f 423/618/284 419/609/284 420/611/284 424/620/284
f 419/610/285 418/608/285 417/605/285 420/612/285
f 417/606/286 421/614/286 406/582/286 407/585/286
f 438/642/189 434/638/189 435/639/189 439/643/189
f 444/648/90 436/640/90 433/637/90 441/645/90
f 437/641/287 438/642/287 439/643/287 440/644/287
f 443/647/288 444/648/288 441/645/288 442/646/288
f 437/641/88 440/644/88 443/647/88 442/646/88
f 450/659/199 445/649/199 452/662/199 462/672/199
f 447/653/200 448/655/200 458/668/200 456/666/200
f 448/656/201 449/657/201 460/670/201 458/668/201
f 449/658/202 450/660/202 462/672/202 460/670/202
f 445/650/203 446/651/203 454/664/203 452/662/203
f 446/652/204 447/654/204 456/666/204 454/664/204
f 454/664/289 453/663/289 451/661/289 452/662/289
f 456/666/290 455/665/290 453/663/290 454/664/290
f 458/668/291 457/667/291 455/665/291 456/666/291
f 460/670/292 459/669/292 457/667/292 458/668/292
f 462/672/293 461/671/293 459/669/293 460/670/293
f 452/662/294 451/661/294 461/671/294 462/672/294
f 453/663/74 455/665/74 457/667/74 459/669/74 461/671/74 451/661/74
f 468/683/211 463/673/211 470/686/211 480/696/211
f 465/677/212 466/679/212 476/692/212 474/690/212
f 466/680/213 467/681/213 478/694/213 476/692/213
f 467/682/214 468/684/214 480/696/214 478/694/214
f 463/674/215 464/675/215 472/688/215 470/686/215
f 464/676/216 465/678/216 474/690/216 472/688/216
f 472/688/295 471/687/295 469/685/295 470/686/295
f 474/690/296 473/689/296 471/687/296 472/688/296
f 476/692/297 475/691/297 473/689/297 474/690/297
f 478/694/298 477/693/298 475/691/298 476/692/298
f 480/696/299 479/695/299 477/693/299 478/694/299
f 470/686/300 469/685/300 479/695/300 480/696/300
f 471/687/74 473/689/74 475/691/74 477/693/74 479/695/74 469/685/74
f 486/707/223 481/697/223 488/710/223 498/720/223
f 483/701/224 484/703/224 494/716/224 492/714/224
f 484/704/225 485/705/225 496/718/225 494/716/225
f 485/706/226 486/708/226 498/720/226 496/718/226
f 481/698/227 482/699/227 490/712/227 488/710/227
f 482/700/228 483/702/228 492/714/228 490/712/228
f 490/712/301 489/711/301 487/709/301 488/710/301
f 492/714/302 491/713/302 489/711/302 490/712/302
f 494/716/303 493/715/303 491/713/303 492/714/303
f 496/718/304 495/717/304 493/715/304 494/716/304
f 498/720/305 497/719/305 495/717/305 496/718/305
f 488/710/306 487/709/306 497/719/306 498/720/306
f 489/711/74 491/713/74 493/715/74 495/717/74 497/719/74 487/709/74
f 504/731/235 516/744/235 506/734/235 499/721/235
f 501/725/236 510/738/236 512/740/236 502/727/236
f 502/728/237 512/740/237 514/742/237 503/729/237
f 503/730/238 514/742/238 516/744/238 504/732/238
f 499/722/239 506/734/239 508/736/239 500/723/239
f 500/724/240 508/736/240 510/738/240 501/726/240
f 508/736/307 506/734/307 505/733/307 507/735/307
f 510/738/308 508/736/308 507/735/308 509/737/308
f 512/740/309 510/738/309 509/737/309 511/739/309
f 514/742/310 512/740/310 511/739/310 513/741/310
f 516/744/311 514/742/311 513/741/311 515/743/311
f 506/734/312 516/744/312 515/743/312 505/733/312
f 507/735/74 505/733/74 515/743/74 513/741/74 511/739/74 509/737/74
f 522/755/247 534/768/247 524/758/247 517/745/247
f 519/749/248 528/762/248 530/764/248 520/751/248
f 520/752/249 530/764/249 532/766/249 521/753/249
f 521/754/250 532/766/250 534/768/250 522/756/250
f 517/746/251 524/758/251 526/760/251 518/747/251
f 518/748/252 526/760/252 528/762/252 519/750/252
f 526/760/313 524/758/313 523/757/313 525/759/313
f 528/762/314 526/760/314 525/759/314 527/761/314
f 530/764/315 528/762/315 527/761/315 529/763/315
f 532/766/316 530/764/316 529/763/316 531/765/316
f 534/768/317 532/766/317 531/765/317 533/767/317
f 524/758/318 534/768/318 533/767/318 523/757/318
f 525/759/74 523/757/74 533/767/74 531/765/74 529/763/74 527/761/74
f 540/779/259 552/792/259 542/782/259 535/769/259
f 537/773/260 546/786/260 548/788/260 538/775/260
f 538/776/261 548/788/261 550/790/261 539/777/261
f 539/778/262 550/790/262 552/792/262 540/780/262
f 535/770/263 542/782/263 544/784/263 536/771/263
f 536/772/264 544/784/264 546/786/264 537/774/264
f 544/784/319 542/782/319 541/781/319 543/783/319
f 546/786/320 544/784/320 543/783/320 545/785/320
f 548/788/321 546/786/321 545/785/321 547/787/321
f 550/790/322 548/788/322 547/787/322 549/789/322
f 552/792/323 550/790/323 549/789/323 551/791/323
f 542/782/324 552/792/324 551/791/324 541/781/324
f 543/783/74 541/781/74 551/791/74 549/789/74 547/787/74 545/785/74
f 573/837/86 564/819/86 562/815/86 578/847/86
f 568/828/325 556/802/325 555/799/325 565/821/325
f 569/829/326 554/796/326 553/793/326 572/835/326
f 570/832/327 577/846/327 579/849/327 566/823/327
f 554/797/74 555/800/74 556/803/74 553/794/74
f 571/833/328 574/839/328 577/845/328 570/831/328
f 566/824/329 579/850/329 576/844/329 567/826/329
f 567/825/330 576/843/330 574/840/330 571/834/330
f 561/814/331 560/811/331 558/807/331 563/818/331
f 562/816/332 559/809/332 560/812/332 561/813/332
f 564/819/333 557/805/333 559/810/333 562/815/333
f 563/817/334 558/808/334 557/806/334 564/820/334
f 572/836/335 553/795/335 556/804/335 568/827/335
f 578/848/114 562/816/114 561/813/114 580/851/114
f 575/841/13 563/817/13 564/820/13 573/838/13
f 580/852/87 561/814/87 563/818/87 575/842/87
f 574/839/196 573/837/196 578/847/196 577/845/196
f 580/851/188 579/849/188 577/846/188 578/848/188
f 573/838/89 574/840/89 576/843/89 575/841/89
f 575/842/99 576/844/99 579/850/99 580/852/99
f 572/835/336 571/833/336 570/831/336 569/829/336
f 566/823/337 565/822/337 569/830/337 570/832/337
f 571/834/338 572/836/338 568/827/338 567/825/338
f 567/826/339 568/828/339 565/821/339 566/824/339
f 565/822/340 555/801/340 554/798/340 569/830/340
f 586/858/189 587/859/189 583/855/189 582/854/189
f 592/864/90 589/861/90 581/853/90 584/856/90
f 585/857/341 588/860/341 587/859/341 586/858/341
f 591/863/342 590/862/342 589/861/342 592/864/342
f 585/857/74 590/862/74 591/863/74 588/860/74
f 598/875/343 610/888/343 600/878/343 593/865/343
f 595/869/344 604/882/344 606/884/344 596/871/344
f 596/872/345 606/884/345 608/886/345 597/873/345
f 597/874/346 608/886/346 610/888/346 598/876/346
f 593/866/347 600/878/347 602/880/347 594/867/347
f 594/868/348 602/880/348 604/882/348 595/870/348
f 602/880/349 600/878/349 599/877/349 601/879/349
f 604/882/350 602/880/350 601/879/350 603/881/350
f 606/884/351 604/882/351 603/881/351 605/883/351
f 608/886/352 606/884/352 605/883/352 607/885/352
f 610/888/353 608/886/353 607/885/353 609/887/353
f 600/878/354 610/888/354 609/887/354 599/877/354
f 601/879/86 599/877/86 609/887/86 607/885/86 605/883/86 603/881/86
f 616/899/355 628/912/355 618/902/355 611/889/355
f 613/893/356 622/906/356 624/908/356 614/895/356
f 614/896/357 624/908/357 626/910/357 615/897/357
f 615/898/358 626/910/358 628/912/358 616/900/358
f 611/890/359 618/902/359 620/904/359 612/891/359
f 612/892/360 620/904/360 622/906/360 613/894/360
f 620/904/361 618/902/361 617/901/361 619/903/361
f 622/906/362 620/904/362 619/903/362 621/905/362
f 624/908/363 622/906/363 621/905/363 623/907/363
f 626/910/364 624/908/364 623/907/364 625/909/364
f 628/912/365 626/910/365 625/909/365 627/911/365
f 618/902/366 628/912/366 627/911/366 617/901/366
f 619/903/86 617/901/86 627/911/86 625/909/86 623/907/86 621/905/86
f 634/923/367 646/936/367 636/926/367 629/913/367
f 631/917/368 640/930/368 642/932/368 632/919/368
f 632/920/369 642/932/369 644/934/369 633/921/369
f 633/922/370 644/934/370 646/936/370 634/924/370
f 629/914/371 636/926/371 638/928/371 630/915/371
f 630/916/372 638/928/372 640/930/372 631/918/372
f 638/928/373 636/926/373 635/925/373 637/927/373
f 640/930/374 638/928/374 637/927/374 639/929/374
f 642/932/375 640/930/375 639/929/375 641/931/375
f 644/934/376 642/932/376 641/931/376 643/933/376
f 646/936/377 644/934/377 643/933/377 645/935/377
f 636/926/378 646/936/378 645/935/378 635/925/378
f 637/927/86 635/925/86 645/935/86 643/933/86 641/931/86 639/929/86
f 652/947/379 647/937/379 654/950/379 664/960/379
f 649/941/380 650/943/380 660/956/380 658/954/380
f 650/944/381 651/945/381 662/958/381 660/956/381
f 651/946/382 652/948/382 664/960/382 662/958/382
f 647/938/383 648/939/383 656/952/383 654/950/383
f 648/940/384 649/942/384 658/954/384 656/952/384
f 656/952/385 655/951/385 653/949/385 654/950/385
f 658/954/386 657/953/386 655/951/386 656/952/386
f 660/956/387 659/955/387 657/953/387 658/954/387
f 662/958/388 661/957/388 659/955/388 660/956/388
f 664/960/389 663/959/389 661/957/389 662/958/389
f 654/950/390 653/949/390 663/959/390 664/960/390
f 655/951/86 657/953/86 659/955/86 661/957/86 663/959/86 653/949/86
f 670/971/391 665/961/391 672/974/391 682/984/391
f 667/965/392 668/967/392 678/980/392 676/978/392
f 668/968/393 669/969/393 680/982/393 678/980/393
f 669/970/394 670/972/394 682/984/394 680/982/394
f 665/962/395 666/963/395 674/976/395 672/974/395
f 666/964/396 667/966/396 676/978/396 674/976/396
f 674/976/397 673/975/397 671/973/397 672/974/397
f 676/978/398 675/977/398 673/975/398 674/976/398
f 678/980/399 677/979/399 675/977/399 676/978/399
f 680/982/400 679/981/400 677/979/400 678/980/400
f 682/984/401 681/983/401 679/981/401 680/982/401
f 672/974/402 671/973/402 681/983/402 682/984/402
f 673/975/86 675/977/86 677/979/86 679/981/86 681/983/86 671/973/86
f 688/995/403 683/985/403 690/998/403 700/1008/403
f 685/989/404 686/991/404 696/1004/404 694/1002/404
f 686/992/405 687/993/405 698/1006/405 696/1004/405
f 687/994/406 688/996/406 700/1008/406 698/1006/406
f 683/986/407 684/987/407 692/1000/407 690/998/407
f 684/988/408 685/990/408 694/1002/408 692/1000/408
f 692/1000/409 691/999/409 689/997/409 690/998/409
f 694/1002/410 693/1001/410 691/999/410 692/1000/410
f 696/1004/411 695/1003/411 693/1001/411 694/1002/411
f 698/1006/412 697/1005/412 695/1003/412 696/1004/412
f 700/1008/413 699/1007/413 697/1005/413 698/1006/413
f 690/998/414 689/997/414 699/1007/414 700/1008/414
f 691/999/86 693/1001/86 695/1003/86 697/1005/86 699/1007/86 689/997/86
f 721/1053/74 726/1063/74 710/1031/74 712/1035/74
f 716/1044/415 713/1037/415 703/1015/415 704/1018/415
f 717/1045/416 720/1051/416 701/1009/416 702/1012/416
f 718/1048/417 714/1039/417 727/1065/417 725/1062/417
f 702/1013/86 701/1010/86 704/1019/86 703/1016/86
f 719/1049/418 718/1047/418 725/1061/418 722/1055/418
f 714/1040/419 715/1042/419 724/1060/419 727/1066/419
f 715/1041/420 719/1050/420 722/1056/420 724/1059/420
f 709/1030/421 711/1034/421 706/1023/421 708/1027/421
f 710/1032/422 709/1029/422 708/1028/422 707/1025/422
f 712/1035/423 710/1031/423 707/1026/423 705/1021/423
f 711/1033/424 712/1036/424 705/1022/424 706/1024/424
f 720/1052/425 716/1043/425 704/1020/425 701/1011/425
f 726/1064/114 728/1067/114 709/1029/114 710/1032/114
f 723/1057/13 721/1054/13 712/1036/13 711/1033/13
f 728/1068/88 723/1058/88 711/1034/88 709/1030/88
f 722/1055/196 725/1061/196 726/1063/196 721/1053/196
f 728/1067/186 726/1064/186 725/1062/186 727/1065/186
f 721/1054/90 723/1057/90 724/1059/90 722/1056/90
f 723/1058/98 728/1068/98 727/1066/98 724/1060/98
f 720/1051/426 717/1045/426 718/1047/426 719/1049/426
f 714/1039/427 718/1048/427 717/1046/427 713/1038/427
f 719/1050/428 715/1041/428 716/1043/428 720/1052/428
f 715/1042/429 714/1040/429 713/1037/429 716/1044/429
f 713/1038/430 717/1046/430 702/1014/430 703/1017/430
f 734/1074/187 730/1070/187 731/1071/187 735/1075/187
f 740/1080/89 732/1072/89 729/1069/89 737/1077/89
f 733/1073/431 734/1074/431 735/1075/431 736/1076/431
f 739/1079/432 740/1080/432 737/1077/432 738/1078/432
f 733/1073/86 736/1076/86 739/1079/86 738/1078/86
f 746/1091/433 741/1081/433 748/1094/433 758/1104/433
f 743/1085/434 744/1087/434 754/1100/434 752/1098/434
f 744/1088/435 745/1089/435 756/1102/435 754/1100/435
f 745/1090/436 746/1092/436 758/1104/436 756/1102/436
f 741/1082/437 742/1083/437 750/1096/437 748/1094/437
f 742/1084/438 743/1086/438 752/1098/438 750/1096/438
f 750/1096/439 749/1095/439 747/1093/439 748/1094/439
f 752/1098/440 751/1097/440 749/1095/440 750/1096/440
f 754/1100/441 753/1099/441 751/1097/441 752/1098/441
f 756/1102/442 755/1101/442 753/1099/442 754/1100/442
f 758/1104/443 757/1103/443 755/1101/443 756/1102/443
f 748/1094/444 747/1093/444 757/1103/444 758/1104/444
f 749/1095/87 751/1097/87 753/1099/87 755/1101/87 757/1103/87 747/1093/87
f 764/1115/445 759/1105/445 766/1118/445 776/1128/445
f 761/1109/446 762/1111/446 772/1124/446 770/1122/446
f 762/1112/447 763/1113/447 774/1126/447 772/1124/447
f 763/1114/448 764/1116/448 776/1128/448 774/1126/448
f 759/1106/449 760/1107/449 768/1120/449 766/1118/449
f 760/1108/450 761/1110/450 770/1122/450 768/1120/450
f 768/1120/451 767/1119/451 765/1117/451 766/1118/451
f 770/1122/452 769/1121/452 767/1119/452 768/1120/452
f 772/1124/453 771/1123/453 769/1121/453 770/1122/453
f 774/1126/454 773/1125/454 771/1123/454 772/1124/454
f 776/1128/455 775/1127/455 773/1125/455 774/1126/455
f 766/1118/456 765/1117/456 775/1127/456 776/1128/456
f 767/1119/87 769/1121/87 771/1123/87 773/1125/87 775/1127/87 765/1117/87
f 782/1139/457 777/1129/457 784/1142/457 794/1152/457
f 779/1133/458 780/1135/458 790/1148/458 788/1146/458
f 780/1136/459 781/1137/459 792/1150/459 790/1148/459
f 781/1138/460 782/1140/460 794/1152/460 792/1150/460
f 777/1130/461 778/1131/461 786/1144/461 784/1142/461
f 778/1132/462 779/1134/462 788/1146/462 786/1144/462
f 786/1144/463 785/1143/463 783/1141/463 784/1142/463
f 788/1146/464 787/1145/464 785/1143/464 786/1144/464
f 790/1148/465 789/1147/465 787/1145/465 788/1146/465
f 792/1150/466 791/1149/466 789/1147/466 790/1148/466
f 794/1152/467 793/1151/467 791/1149/467 792/1150/467
f 784/1142/468 783/1141/468 793/1151/468 794/1152/468
f 785/1143/87 787/1145/87 789/1147/87 791/1149/87 793/1151/87 783/1141/87
f 800/1163/469 812/1176/469 802/1166/469 795/1153/469
f 797/1157/470 806/1170/470 808/1172/470 798/1159/470
f 798/1160/471 808/1172/471 810/1174/471 799/1161/471
f 799/1162/472 810/1174/472 812/1176/472 800/1164/472
f 795/1154/473 802/1166/473 804/1168/473 796/1155/473
f 796/1156/474 804/1168/474 806/1170/474 797/1158/474
f 804/1168/475 802/1166/475 801/1165/475 803/1167/475
f 806/1170/476 804/1168/476 803/1167/476 805/1169/476
f 808/1172/477 806/1170/477 805/1169/477 807/1171/477
f 810/1174/478 808/1172/478 807/1171/478 809/1173/478
f 812/1176/479 810/1174/479 809/1173/479 811/1175/479
f 802/1166/480 812/1176/480 811/1175/480 801/1165/480
f 803/1167/87 801/1165/87 811/1175/87 809/1173/87 807/1171/87 805/1169/87
f 818/1187/481 830/1200/481 820/1190/481 813/1177/481
f 815/1181/482 824/1194/482 826/1196/482 816/1183/482
f 816/1184/483 826/1196/483 828/1198/483 817/1185/483
f 817/1186/484 828/1198/484 830/1200/484 818/1188/484
f 813/1178/485 820/1190/485 822/1192/485 814/1179/485
f 814/1180/486 822/1192/486 824/1194/486 815/1182/486
f 822/1192/487 820/1190/487 819/1189/487 821/1191/487
f 824/1194/488 822/1192/488 821/1191/488 823/1193/488
f 826/1196/489 824/1194/489 823/1193/489 825/1195/489
f 828/1198/490 826/1196/490 825/1195/490 827/1197/490
f 830/1200/491 828/1198/491 827/1197/491 829/1199/491
f 820/1190/492 830/1200/492 829/1199/492 819/1189/492
f 821/1191/87 819/1189/87 829/1199/87 827/1197/87 825/1195/87 823/1193/87
f 836/1211/493 848/1224/493 838/1214/493 831/1201/493
f 833/1205/494 842/1218/494 844/1220/494 834/1207/494
f 834/1208/495 844/1220/495 846/1222/495 835/1209/495
f 835/1210/496 846/1222/496 848/1224/496 836/1212/496
f 831/1202/497 838/1214/497 840/1216/497 832/1203/497
f 832/1204/498 840/1216/498 842/1218/498 833/1206/498
f 840/1216/499 838/1214/499 837/1213/499 839/1215/499
f 842/1218/500 840/1216/500 839/1215/500 841/1217/500
f 844/1220/501 842/1218/501 841/1217/501 843/1219/501
f 846/1222/502 844/1220/502 843/1219/502 845/1221/502
f 848/1224/503 846/1222/503 845/1221/503 847/1223/503
f 838/1214/504 848/1224/504 847/1223/504 837/1213/504
f 839/1215/87 837/1213/87 847/1223/87 845/1221/87 843/1219/87 841/1217/87
f 869/1269/114 860/1251/114 858/1247/114 874/1279/114
f 864/1260/505 852/1234/505 851/1231/505 861/1253/505
f 865/1261/506 850/1228/506 849/1225/506 868/1267/506
f 866/1264/507 873/1278/507 875/1281/507 862/1255/507
f 850/1229/87 851/1232/87 852/1235/87 849/1226/87
f 867/1265/508 870/1271/508 873/1277/508 866/1263/508
f 862/1256/509 875/1282/509 872/1276/509 863/1258/509
f 863/1257/510 872/1275/510 870/1272/510 867/1266/510
f 857/1246/511 856/1243/511 854/1239/511 859/1250/511
f 858/1248/512 855/1241/512 856/1244/512 857/1245/512
f 860/1251/513 853/1237/513 855/1242/513 858/1247/513
f 859/1249/514 854/1240/514 853/1238/514 860/1252/514
f 868/1268/515 849/1227/515 852/1236/515 864/1259/515
f 874/1280/88 858/1248/88 857/1245/88 876/1283/88
f 871/1273/74 859/1249/74 860/1252/74 869/1270/74
f 876/1284/13 857/1246/13 859/1250/13 871/1274/13
f 870/1271/189 869/1269/189 874/1279/189 873/1277/189
f 876/1283/195 875/1281/195 873/1278/195 874/1280/195
f 869/1270/99 870/1272/99 872/1275/99 871/1273/99
f 871/1274/91 872/1276/91 875/1282/91 876/1284/91
f 868/1267/516 867/1265/516 866/1263/516 865/1261/516
f 862/1255/517 861/1254/517 865/1262/517 866/1264/517
f 867/1266/518 868/1268/518 864/1259/518 863/1257/518
f 863/1258/519 864/1260/519 861/1253/519 862/1256/519
f 861/1254/520 851/1233/520 850/1230/520 865/1262/520
f 882/1290/92 883/1291/92 879/1287/92 878/1286/92
f 888/1296/188 885/1293/188 877/1285/188 880/1288/188
f 881/1289/521 884/1292/521 883/1291/521 882/1290/521
f 887/1295/522 886/1294/522 885/1293/522 888/1296/522
f 881/1289/87 886/1294/87 887/1295/87 884/1292/87
