# Blender 3.3.1
# www.blender.org
o lp2.008
v 54.841526 2.872541 -53.831440
v 54.966469 0.015692 -53.770916
v 50.742840 2.971624 -53.029079
v 50.852795 0.015691 -52.676495
v 54.742252 5.540417 -53.748890
v 50.837334 5.601161 -52.873009
v 50.415569 5.579452 -52.420013
v 48.909554 2.803443 -52.480412
v 49.652531 5.991297 -52.096493
v 50.883976 5.862437 -50.667568
v 49.977104 6.508145 -51.901981
v 50.498871 6.329616 -50.558765
v 49.767494 6.372010 -50.751110
v 49.360832 4.322301 -49.920612
v 48.845608 0.015691 -52.987988
v 50.487534 0.015691 -53.222095
v 49.665977 0.015691 -49.746895
v 56.554970 2.495862 -54.402973
v 57.146832 0.015693 -54.464386
v 58.581768 0.015693 -54.041706
v 58.319679 0.015693 -51.448902
v 58.097839 2.496707 -51.655750
v 56.488304 2.593788 -51.735558
v 59.455070 0.015693 -49.791599
v 58.933861 2.533328 -51.430828
v 59.805580 2.508368 -49.898792
v 51.239456 9.904467 -52.669888
v 59.846100 5.095633 -50.012653
v 54.876343 9.594514 -53.399609
v 59.543911 7.211624 -50.280674
v 59.432255 5.233845 -51.562626
v 56.419449 4.985519 -51.939739
v 59.150589 7.257018 -51.580902
v 56.556446 7.272230 -51.709148
v 54.644192 7.230473 -53.699524
v 51.052807 7.727559 -52.865437
v 51.885490 10.857656 -52.525009
v 54.832176 10.378971 -53.046062
v 56.908691 9.402839 -51.284504
v 56.806961 10.049831 -51.235470
v 57.559143 9.055652 -50.040249
v 56.956867 10.178011 -49.684574
v 51.350006 10.724160 -51.448940
v 51.741413 10.999984 -51.338486
v 57.665207 7.660416 -49.901997
v 59.046219 7.698655 -50.201061
v 56.784618 0.104769 -48.412292
v 56.768127 2.691733 -48.346741
v 56.767403 5.545169 -48.346882
v 55.815231 2.689656 -47.216007
v 55.847584 5.569548 -47.594143
v 55.840153 0.015692 -47.374588
v 50.908081 1.679573 -48.224575
v 50.948471 5.672172 -48.253353
v 50.958450 0.015691 -48.280567
v 57.746544 7.468838 -49.158215
v 56.681923 7.831064 -48.094048
v 51.470005 9.360820 -48.500149
v 55.414219 7.884275 -47.776470
v 56.421368 9.984878 -48.280884
v 55.028156 10.469121 -48.227333
v 52.831421 10.646511 -48.532990
v 51.551041 10.303110 -49.055138
v 52.321266 10.833920 -49.147114
v 50.724701 3.933383 -50.119839
v 49.522392 1.605935 -49.585613
v 50.710449 1.688256 -49.406666
v 48.576225 0.015691 -48.317574
v 48.846733 1.515698 -48.657333
v 49.485435 0.015691 -47.715134
v 49.719307 1.605493 -47.734859
v 50.723961 1.580931 -47.740932
v 50.728928 0.015691 -47.676495
v 50.947929 7.957066 -50.640949
v 59.050907 7.649536 -51.325359
v 53.412109 10.624951 -53.069019
v 58.108444 2.497984 -53.319798
v 58.360558 2.041593 -54.014881
v 57.658447 2.497650 -54.065208
v 57.052227 7.411255 -48.918575
v 57.190483 7.677103 -49.194889
v 57.975891 7.716363 -49.481640
v -40.140484 2.872541 31.618649
v -40.231602 0.015692 31.723392
v -39.842068 2.971624 27.452839
v -40.211136 0.015691 27.466675
v -40.194164 5.540418 31.501221
v -40.017429 5.601162 27.503189
v -40.344242 5.579453 26.977554
v -39.891758 2.803443 25.539860
v -40.456760 5.991298 26.156445
v -42.158188 5.862438 26.970947
v -40.729439 6.508145 26.418789
v -42.162395 6.329617 26.570786
v -41.785332 6.372011 25.915249
v -42.480434 4.322301 25.305393
v -39.385139 0.015691 25.610994
v -39.588951 0.015691 27.256950
v -42.727955 0.015691 25.554424
v -40.037354 2.495862 33.421955
v -40.133003 0.015693 34.009254
v -40.916534 0.015693 35.283535
v -43.350346 0.015693 34.351933
v -43.092632 2.496707 34.191956
v -42.594334 2.593788 32.659439
v -45.247051 0.015693 35.013958
v -43.528542 2.533329 34.939964
v -45.235329 2.508369 35.380306
v -40.318729 9.904467 27.838127
v -45.136044 5.095634 35.449215
v -40.566368 9.594516 31.539217
v -44.798279 7.211625 35.227711
v -43.531792 5.233846 35.455486
v -42.379242 4.985519 32.646420
v -43.440430 7.257018 35.188431
v -42.637646 7.272231 32.718281
v -40.216148 7.230474 31.393667
v -40.081139 7.727560 27.709164
v -40.627644 10.857657 28.423717
v -40.896027 10.378974 31.404053
v -43.139690 9.402839 32.947102
v -43.160393 10.049831 32.836079
v -44.510815 9.055652 33.249207
v -44.696445 10.178012 32.574825
v -41.526031 10.724162 27.625242
v -41.735092 10.999985 27.974098
v -44.672012 7.660417 33.315380
v -44.744835 7.698656 34.726528
v -45.879288 0.104769 32.075573
v -45.938240 2.691733 32.042507
v -45.937916 5.545170 32.041843
v -46.780151 2.689656 30.826864
v -46.423668 5.569549 30.957064
v -46.633614 0.015692 30.892424
v -44.522324 1.679573 26.354771
v -44.505116 5.672174 26.401285
v -44.481464 0.015691 26.418045
v -45.411160 7.468839 33.199207
v -46.159569 7.831064 31.893154
v -44.403442 9.360819 26.969234
v -46.134262 7.884276 30.586529
v -45.911045 9.984879 31.690592
v -45.598061 10.469123 30.331936
v -44.728088 10.646512 28.291786
v -43.889011 10.303111 27.192719
v -44.001831 10.833921 27.960161
v -42.645138 3.933383 26.673861
v -42.846031 1.605935 25.373629
v -43.329720 1.688256 26.473438
v -43.822220 0.015691 24.128559
v -43.565121 1.515698 24.478565
v -44.641632 0.015691 24.848381
v -44.683819 1.605493 25.079266
v -44.940914 1.580931 26.050480
v -45.004410 0.015691 26.038410
v -42.200619 7.957066 27.025703
v -43.660965 7.649536 35.025326
v -40.502182 10.624952 30.039505
v -41.489376 2.497983 34.637753
v -40.884518 2.041593 35.063019
v -40.652172 2.497650 34.398544
v -45.460709 7.411255 32.466370
v -45.230213 7.677103 32.672131
v -45.159042 7.716363 33.505207
v -54.160973 4.170715 22.684143
v -54.170666 0.022784 22.482801
v -50.289223 4.314577 27.351158
v -49.916206 0.022783 26.965908
v -53.986740 8.044271 22.753321
v -50.155956 8.132469 27.122219
v -49.285343 8.100947 27.344986
v -48.315521 4.070390 29.306726
v -48.342560 8.698916 28.092770
v -47.377041 8.511821 25.529781
v -48.320213 9.449340 27.543825
v -46.970657 9.190130 25.945055
v -46.707462 9.251683 27.011059
v -45.366150 6.275659 26.952179
v -48.918102 0.022782 29.741047
v -50.357807 0.022783 27.810768
v -45.356804 0.022782 26.442451
v -56.080532 3.623805 20.897226
v -56.570202 0.022784 20.185461
v -57.028820 0.022785 18.062494
v -53.541508 0.022784 16.594357
v -53.650982 3.625033 17.020933
v -52.633942 3.765986 19.128119
v -52.218102 0.022785 13.995069
v -53.945385 3.678204 15.798891
v -52.598370 3.641963 13.622759
v -50.176552 14.380548 26.468430
v -52.771687 7.398479 13.650253
v -53.634716 13.930520 22.339613
v -52.903282 10.470740 14.221771
v -54.459824 7.599153 15.255181
v -52.846367 7.238601 19.357822
v -54.287338 10.536647 15.626921
v -52.647640 10.558734 19.022903
v -53.855656 10.498106 22.844002
v -50.296085 11.219840 26.842281
v -50.440922 15.764507 25.544209
v -53.153320 15.069493 22.150160
v -52.351192 13.652220 18.278715
v -52.217968 14.591606 18.374317
v -51.217224 13.148130 16.584700
v -50.345196 14.777713 17.105219
v -48.697018 15.570681 25.478844
v -48.828270 15.971155 24.903128
v -51.114693 11.122353 16.353399
v -52.455864 11.177874 14.800862
v -48.603657 0.152116 16.440432
v -48.508625 3.908195 16.415882
v -48.508305 8.051170 16.416910
v -46.404892 3.905180 16.844612
v -46.909401 8.086568 17.066206
v -46.624367 0.022784 16.923075
v -44.279625 2.438615 23.800949
v -44.344398 8.235571 23.769474
v -44.386024 0.022783 23.775661
v -50.223125 10.844196 15.732718
v -48.126583 11.370120 16.350136
v -45.021507 13.591211 23.276199
v -46.840595 11.447378 17.745369
v -48.183647 14.497297 16.812138
v -47.146973 15.200383 18.550884
v -46.009670 15.457937 21.563587
v -45.785297 14.959347 23.558661
v -46.437916 15.730043 22.640770
v -46.568115 5.710979 25.352089
v -45.051407 2.331697 26.513380
v -45.649105 2.451221 24.874531
v -42.777340 0.022782 26.838079
v -43.398468 2.200680 26.729416
v -42.641361 0.022782 25.260336
v -42.829071 2.331056 24.975918
v -43.535145 2.295394 23.699478
v -43.456448 0.022783 23.648357
v -47.387562 11.553065 25.429754
v -53.892303 11.106555 15.576368
v -52.195515 15.426637 23.976316
v -55.779564 3.626886 18.164059
v -56.840866 2.964241 18.325834
v -56.416981 3.626401 19.255827
v -49.435032 10.760589 16.451214
v -49.883366 11.146581 16.467045
v -50.794815 11.203583 15.665176
v -50.333885 2.372185 -10.783668
v -50.257271 0.012959 -10.868974
v -50.634373 2.454009 -7.347781
v -50.329449 0.012959 -7.354415
v -50.291065 4.575354 -10.686009
v -50.488922 4.625518 -7.387081
v -50.225899 4.607589 -6.948812
v -50.618187 2.315123 -5.767566
v -50.143646 4.947697 -6.269353
v -48.728176 4.841283 -6.919804
v -49.915077 5.374517 -6.482435
v -48.729893 5.227086 -6.589334
v -49.049755 5.262095 -6.052946
v -48.483730 3.569417 -5.540350
v -51.035587 0.012958 -5.832884
v -50.845913 0.012958 -7.189323
v -48.276104 0.012958 -5.742769
v -50.395615 2.061118 -12.274018
v -50.309010 0.012959 -12.757712
v -49.645496 0.012960 -13.799729
v -47.647957 0.012959 -12.998892
v -47.862823 2.061816 -12.870145
v -48.294193 2.141986 -11.611189
v -46.073231 0.012960 -13.520899
v -47.493187 2.092058 -13.482120
v -46.078148 2.071446 -13.823555
v -50.235786 8.179246 -7.659729
v -46.159233 4.208045 -13.881744
v -49.983246 7.923284 -10.712552
v -46.441017 5.955460 -13.703227
v -47.483810 4.322183 -13.907746
v -48.471962 4.117112 -11.603240
v -47.562714 5.992947 -13.688426
v -48.257645 6.005509 -11.659222
v -50.274315 5.971025 -10.596913
v -50.433632 6.381526 -7.556330
v -49.973110 8.966404 -8.139246
v -49.712795 8.571099 -10.596659
v -47.840145 7.764995 -11.841640
v -47.824490 8.299291 -11.749703
v -46.704060 7.478283 -12.073283
v -46.559540 8.405144 -11.514030
v -49.241653 8.856161 -7.468276
v -49.064514 9.083940 -7.753608
v -46.570099 6.326079 -12.125835
v -46.491642 6.357657 -13.290091
v -45.589329 0.086520 -11.086440
v -45.541084 2.222871 -11.058368
v -45.541363 4.579278 -11.057820
v -44.861710 2.221156 -10.043660
v -45.154373 4.599410 -10.155796
v -44.981850 0.012959 -10.099696
v -46.784088 1.387015 -6.380323
v -46.797691 4.684159 -6.418952
v -46.817001 0.012958 -6.433099
v -45.961296 6.167871 -12.020311
v -45.360283 6.467002 -10.932171
v -46.874283 7.730295 -6.889233
v -45.398140 6.510945 -9.853602
v -45.568119 8.245651 -10.768140
v -45.844185 8.645547 -9.650346
v -46.589031 8.792038 -7.977066
v -47.296146 8.508452 -7.080443
v -47.193008 8.946803 -7.712671
v -48.329960 3.248243 -6.668171
v -48.180958 1.326203 -5.591950
v -47.767296 1.394185 -6.493793
v -47.391079 0.012958 -4.551201
v -47.598831 1.251685 -4.843546
v -46.705128 0.012958 -5.134928
v -46.667301 1.325839 -5.325023
v -46.442398 1.305555 -6.123632
v -46.390125 0.012958 -6.112840
v -48.692440 6.571056 -6.964463
v -47.382729 6.317094 -13.550892
v -50.055717 8.774233 -9.475052
v -49.180862 2.062870 -13.259065
v -49.674786 1.685976 -13.618060
v -49.875271 2.062594 -13.072414
v -45.929886 6.120318 -11.414558
v -46.117546 6.339859 -11.587447
v -46.165497 6.372280 -12.276252
v -49.962337 3.614963 -18.759094
v -49.834320 0.019748 -18.878000
v -50.892010 3.739654 -13.586050
v -50.428322 0.019747 -13.554084
v -49.910820 6.972363 -18.604984
v -50.665844 7.048808 -13.625644
v -50.327080 7.021486 -12.924249
v -51.085266 3.528006 -11.185607
v -50.295910 7.539775 -11.881729
v -48.058079 7.377611 -12.673763
v -49.919659 8.190205 -12.173601
v -48.106232 7.965535 -12.172468
v -48.665615 8.018886 -11.402506
v -47.877243 5.439420 -10.546542
v -51.709724 0.019747 -11.342276
v -51.234898 0.019747 -13.374729
v -47.534225 0.019747 -10.825124
v -49.850578 3.140929 -21.029436
v -49.652473 0.019748 -21.751575
v -48.501854 0.019749 -23.241524
v -45.580685 0.019748 -21.750778
v -45.924530 3.141993 -21.585005
v -46.752735 3.264164 -19.733816
v -43.118851 0.019749 -22.325928
v -45.279190 3.188079 -22.462816
v -43.084595 3.156668 -22.785931
v -50.244102 12.464321 -14.004534
v -43.199627 6.412623 -22.885418
v -49.439999 12.074262 -18.602831
v -43.651882 9.075501 -22.653332
v -45.206291 6.586557 -23.107473
v -47.023621 6.274050 -19.746254
v -45.356266 9.132628 -22.785498
v -46.690659 9.151772 -19.801674
v -49.897686 9.099222 -18.467457
v -50.558613 9.724782 -13.874886
v -49.779339 13.663868 -14.696063
v -49.045536 13.061465 -18.389668
v -46.031876 11.833045 -20.020973
v -46.020805 12.647256 -19.879284
v -44.275772 11.396127 -20.215918
v -44.133541 12.808566 -19.347246
v -48.761753 13.495870 -13.576932
v -48.453571 13.842981 -13.985552
v -44.065231 9.640287 -20.277205
v -43.785664 9.688409 -22.033319
v -42.720051 0.131846 -18.564568
v -42.650696 3.387424 -18.515312
v -42.651196 6.978343 -18.514526
v -41.759506 3.384810 -16.881699
v -42.188213 7.009023 -17.092224
v -41.934120 0.019748 -16.983301
v -45.181999 2.113667 -11.587030
v -45.197304 7.138171 -11.647538
v -45.224674 0.019747 -11.671665
v -43.155819 9.399194 -20.033134
v -42.393696 9.855040 -18.298872
v -45.248711 11.780166 -12.371816
v -42.599834 9.922003 -16.667198
v -42.731731 12.565516 -18.078579
v -43.304802 13.174913 -16.420216
v -44.665863 13.398150 -13.983440
v -45.862602 12.965996 -12.720161
v -45.618938 13.633998 -13.665438
v -47.488396 4.949984 -12.236986
v -47.410622 2.020996 -10.583117
v -46.658516 2.124593 -11.894774
v -46.355328 0.019746 -8.894742
v -46.630337 1.907437 -9.367054
v -45.233833 0.019746 -9.686077
v -45.150223 2.020440 -9.969360
v -44.698822 1.989531 -11.150364
v -44.620975 0.019747 -11.126781
v -47.997673 10.013606 -12.736621
v -45.102074 9.626595 -22.551956
v -49.720573 13.371020 -16.734732
v -47.871235 3.143599 -22.356937
v -48.571358 2.569252 -22.969856
v -48.950825 3.143179 -22.169395
v -43.191669 9.326729 -19.109482
v -43.452618 9.661286 -19.397739
v -43.430439 9.710692 -20.449711
v -44.292999 3.594162 -23.568634
v -44.430641 0.019634 -23.462664
v -42.897896 3.718136 -28.604645
v -43.354027 0.019633 -28.678841
v -44.329849 6.932245 -23.725929
v -43.125439 7.008249 -28.586205
v -43.396450 6.981086 -29.311672
v -42.486286 3.507706 -30.963356
v -43.331635 7.496392 -30.346634
v -45.619789 7.335161 -29.767870
v -43.730907 8.143080 -30.092203
v -45.526100 7.919701 -30.259739
v -44.901661 7.972746 -30.970669
v -45.603600 5.408122 -31.890423
v -41.882462 0.019633 -30.750950
v -42.539043 0.019633 -28.782391
v -45.968746 0.019633 -31.646103
v -44.611977 3.122857 -21.331249
v -44.874367 0.019635 -20.634510
v -46.150215 0.019635 -19.265043
v -48.905365 0.019635 -21.008953
v -48.549751 3.123914 -21.141518
v -47.559963 3.245382 -22.898191
v -51.395378 0.019635 -20.665459
v -49.269203 3.169735 -20.331701
v -51.471516 3.138505 -20.213203
v -43.577740 12.392603 -28.249805
v -51.366745 6.375725 -20.104156
v -44.795765 12.004788 -23.771271
v -50.897720 9.023283 -20.292416
v -49.400528 6.548658 -19.700176
v -47.292923 6.237949 -22.861017
v -49.222496 9.080080 -20.005171
v -47.627632 9.099113 -22.836712
v -44.330231 9.046866 -23.863291
v -43.254463 9.668827 -28.349297
v -44.101307 13.585247 -27.607838
v -45.166737 12.986312 -24.018501
v -48.299950 11.764959 -22.680056
v -48.297916 12.574486 -22.821346
v -50.056393 11.330555 -22.648212
v -50.117496 12.734866 -23.521255
v -45.006035 13.418217 -28.809158
v -45.348625 13.763329 -28.432907
v -50.270458 9.584818 -22.606859
v -50.708378 9.632664 -20.893957
v -51.445019 0.131088 -24.425819
v -51.509171 3.367933 -24.480938
v -51.508595 6.938190 -24.481682
v -52.241528 3.365334 -26.180006
v -51.836433 6.968694 -25.932245
v -52.077984 0.019634 -26.063400
v -48.367393 2.101505 -31.107666
v -48.357780 7.097100 -31.046360
v -48.332905 0.019633 -31.019962
v -51.148369 9.345113 -22.931948
v -51.743725 9.798334 -24.718807
v -48.373352 11.712384 -30.324610
v -51.389923 9.864913 -26.315248
v -51.388866 12.493215 -24.905880
v -50.669342 13.099108 -26.495071
v -49.098263 13.321060 -28.782585
v -47.797569 12.891392 -29.923412
v -48.125546 13.555550 -29.009947
v -46.143677 4.921502 -30.252563
v -46.068913 2.009367 -31.897034
v -46.933868 2.112369 -30.667505
v -46.958717 0.019633 -33.665367
v -46.729805 1.896462 -33.172543
v -48.141621 0.019633 -32.984859
v -48.250389 2.008815 -32.712078
v -48.805660 1.978083 -31.584309
v -48.880554 0.019633 -31.614803
v -45.685356 9.955990 -29.711187
v -49.452728 9.571204 -20.259701
v -44.346569 13.294085 -25.594944
v -46.693352 3.125511 -20.198658
v -46.056469 2.554469 -19.527622
v -45.607338 3.125093 -20.285257
v -51.028130 9.273064 -23.843071
v -50.796223 9.605696 -23.533756
v -50.914719 9.654819 -22.494331
v 33.897259 5.344119 39.256149
v 34.111538 0.029194 39.111931
v 31.350296 5.528454 46.596844
v 32.020096 0.029193 46.750126
v 33.937046 10.307475 39.493046
v 31.689676 10.420485 46.591022
v 32.023140 10.380095 47.693180
v 30.516197 5.215567 50.057896
v 31.828966 11.146298 49.222790
v 35.279087 10.906566 48.580627
v 32.445534 12.107850 48.883053
v 35.093506 11.775712 49.301632
v 34.099602 11.854583 50.297428
v 35.054108 8.041272 51.728691
v 29.640301 0.029192 49.685543
v 30.800980 0.029193 46.826611
v 35.619064 0.029192 51.400730
v 34.582420 4.643340 35.966354
v 35.037743 0.029195 34.957321
v 37.060600 0.029195 33.046021
v 40.983772 0.029195 35.894615
v 40.443542 4.644912 36.057648
v 38.808483 4.825521 38.570610
v 44.711143 0.029195 35.620682
v 41.587776 4.713043 34.924110
v 44.866940 4.666607 34.956795
v 32.392689 18.426416 46.134674
v 44.721809 9.479991 34.785069
v 34.624111 17.849777 39.604427
v 44.008007 13.416614 35.020004
v 41.842449 9.737123 33.999443
v 38.415749 9.275135 38.490173
v 41.549397 13.501063 34.435162
v 38.914726 13.529365 38.485790
v 33.924614 13.451680 39.696899
v 31.903566 14.376466 46.251698
v 33.230381 20.199747 45.231647
v 35.151176 19.309193 40.006413
v 39.927193 17.493179 38.316994
v 39.910793 18.696854 38.526459
v 42.536533 16.847269 38.436047
v 42.544544 18.935324 39.737312
v 34.459126 19.951387 47.099915
v 35.003117 20.464533 46.574039
v 42.858089 14.251553 38.394947
v 43.670086 14.322694 35.894688
v 44.428780 0.194913 41.205257
v 44.518730 5.007741 41.293129
v 44.517822 10.316315 41.294174
v 45.444603 5.003876 43.883667
v 44.866951 10.361669 43.477661
v 45.212971 0.029194 43.695141
v 39.229321 3.124703 50.828861
v 39.220860 10.552593 50.736984
v 39.186455 0.029192 50.695461
v 44.130035 13.895138 38.960453
v 44.844288 14.569029 41.668301
v 39.312309 17.415009 49.667473
v 44.168129 14.668024 44.003712
v 44.299992 18.576015 41.912285
v 43.081844 19.476912 44.202320
v 40.533985 19.806927 47.447937
v 38.495907 19.168058 49.017628
v 39.069065 20.155586 47.693214
v 36.010590 7.317725 49.349461
v 35.743946 2.987705 51.782555
v 37.143833 3.140857 50.039997
v 36.896870 0.029192 54.490784
v 36.603859 2.819827 53.737820
v 38.716568 0.029192 53.592991
v 38.903797 2.986883 53.198528
v 39.834526 2.941188 51.577633
v 39.942776 0.029192 51.629978
v 35.381748 14.803444 48.502724
v 41.866917 14.231311 34.834648
v 33.784893 19.766819 42.267998
v 37.778145 4.647286 34.482803
v 36.896641 3.798210 33.426773
v 36.158455 4.646665 34.508476
v 43.865337 13.788010 40.301075
v 43.550518 14.282597 39.820114
v 43.824760 14.355638 38.288967
v 50.998745 2.872541 32.559486
v 51.016251 0.015692 32.697212
v 48.088673 2.971624 29.563732
v 47.853313 0.015691 29.848370
v 50.875374 5.540418 32.521385
v 48.009510 5.601162 29.728119
v 47.399708 5.579452 29.622108
v 46.628040 2.803443 28.327406
v 46.712051 5.991298 29.159481
v 46.187283 5.862437 30.971359
v 46.726311 6.508145 29.537601
v 45.885864 6.329617 30.708130
v 45.647675 6.372011 29.990372
v 44.729870 4.322301 30.103115
v 47.018368 0.015691 27.996704
v 48.110985 0.015691 29.244463
v 44.750931 0.015691 30.453609
v 52.413101 2.495862 33.682949
v 52.787697 0.015693 34.145256
v 53.217052 0.015693 35.578224
v 50.901730 0.015693 36.774303
v 50.953896 2.496707 36.475506
v 50.141964 2.593788 35.083477
v 50.133175 0.015693 38.630394
v 51.221928 2.533329 37.298717
v 50.414364 2.508368 38.865528
v 48.058895 9.904468 30.175920
v 50.531876 5.095633 38.837299
v 50.655968 9.594516 32.824429
v 50.591427 7.211625 38.437790
v 51.604462 5.233846 37.644299
v 50.275436 4.985519 34.914310
v 51.465996 7.257019 37.398354
v 50.157051 7.272231 35.154984
v 50.780483 7.230474 32.466190
v 48.120811 7.727560 29.912777
v 48.290253 10.857658 30.796259
v 50.335651 10.378974 32.980457
v 49.993610 9.402840 35.681950
v 49.896984 10.049832 35.623486
v 49.306328 9.055653 36.906250
v 48.679508 10.178012 36.595860
v 47.096359 10.724161 30.935162
v 47.217525 10.999986 31.323391
v 49.248413 7.660418 37.070587
v 50.252991 7.698657 38.064297
v 47.519562 0.104769 37.146221
v 47.455643 2.691734 37.168190
v 47.455360 5.545169 37.167503
v 45.988041 2.689656 36.987240
v 46.322506 5.569548 36.807888
v 46.134506 0.015692 36.921528
v 44.153732 1.679573 32.325405
v 44.199894 5.672173 32.343536
v 44.228146 0.015691 32.337036
v 48.669697 7.468840 37.544838
v 47.196861 7.831065 37.233936
v 44.691406 9.360821 32.645721
v 46.238644 7.884277 36.345261
v 47.211132 9.984879 36.913628
v 46.405590 10.469123 35.775654
v 45.462254 10.646513 33.768364
v 45.200626 10.303112 32.410599
v 45.698219 10.833922 33.005661
v 45.641434 3.933383 31.136974
v 44.537418 1.605935 30.421375
v 45.036171 1.688256 31.514420
v 42.958466 0.015691 30.321035
v 43.390808 1.515698 30.362150
v 42.950172 0.015691 31.411688
v 43.094383 1.605493 31.596855
v 43.648014 1.580932 32.435223
v 43.596733 0.015691 32.474564
v 46.199905 7.957067 31.039467
v 51.197479 7.649538 37.454365
v 49.579536 10.624954 31.778210
v 52.353806 2.497984 35.575832
v 53.073803 2.041593 35.407536
v 52.732613 2.497650 34.791836
v 48.089828 7.411256 37.093990
v 48.396812 7.677104 37.058949
v 49.065872 7.716364 37.560390
v 55.983677 3.704958 -41.479641
v 55.920399 0.020240 -41.647152
v 60.532848 3.832754 -38.594799
v 60.742691 0.020239 -39.022457
v 56.149864 7.145942 -41.468861
v 60.582832 7.224289 -38.824749
v 61.379585 7.196289 -38.874706
v 62.735985 3.615837 -37.482132
v 62.380966 7.727481 -38.500698
v 62.495667 7.561278 -40.930958
v 62.249638 8.394102 -38.970737
v 62.952747 8.163839 -40.691189
v 63.466866 8.218518 -39.862289
v 64.584343 5.574836 -40.279072
v 62.345577 0.020238 -36.950195
v 60.600651 0.020239 -38.187603
v 64.452759 0.020238 -40.712414
v 53.872456 3.219124 -42.464596
v 53.263855 0.020240 -42.932148
v 52.295364 0.020240 -44.600849
v 54.840889 0.020240 -46.795841
v 54.865093 3.220214 -46.405376
v 56.301208 3.345426 -44.902805
v 55.248119 0.020240 -49.354710
v 54.281910 3.267447 -47.357609
v 54.824860 3.235254 -49.565308
v 60.386539 12.774625 -39.371658
v 54.685917 6.572267 -49.494648
v 56.334175 12.374854 -41.914822
v 54.731075 9.301439 -48.975628
v 53.698364 6.750531 -47.676353
v 56.184536 6.430245 -44.650547
v 53.945850 9.359987 -47.409374
v 56.260841 9.379607 -44.987972
v 56.285465 9.325749 -41.428089
v 60.387814 9.966885 -39.022991
v 59.910217 14.004036 -40.080406
v 56.689171 13.386635 -42.206650
v 56.307762 12.127633 -45.698032
v 56.446503 12.962113 -45.653690
v 56.802597 11.679836 -47.439991
v 57.681999 13.127439 -47.238693
v 61.366173 13.831856 -40.612831
v 61.097713 14.187607 -41.063473
v 56.825943 9.880284 -47.663521
v 55.267662 9.929605 -48.608646
v 58.971931 0.135129 -48.277058
v 59.045517 3.471756 -48.323803
v 59.046082 7.152071 -48.323025
v 60.940773 3.469076 -48.537106
v 60.575031 7.183514 -48.211781
v 60.776756 0.020239 -48.410740
v 64.640343 2.166287 -43.239582
v 64.576996 7.315878 -43.248466
v 64.543510 0.020238 -43.231838
v 57.409607 9.633190 -48.432041
v 59.350410 10.100383 -48.483902
v 63.869774 12.073437 -43.480076
v 60.819023 10.169015 -47.656628
v 59.428596 12.878338 -48.077835
v 60.780491 13.502909 -46.892017
v 62.566013 13.731702 -44.657070
v 63.301556 13.288789 -43.032360
v 62.498844 13.973420 -43.629532
v 63.130699 5.073216 -41.302471
v 64.730270 2.071309 -40.736034
v 63.776707 2.177486 -41.957535
v 66.741020 0.020238 -41.083866
v 66.186356 1.954923 -41.005741
v 66.424225 0.020238 -42.454479
v 66.187759 2.070740 -42.643490
v 65.241768 2.039060 -43.529053
v 65.294289 0.020238 -43.593792
v 62.459408 10.262897 -41.012611
v 54.265881 9.866251 -47.560196
v 57.998333 13.703896 -40.925385
v 53.378944 3.221860 -44.856838
v 52.526264 2.633215 -44.429722
v 53.138977 3.221429 -43.759739
v 58.272255 9.558921 -48.040459
v 57.897686 9.901807 -47.904404
v 56.907974 9.952444 -48.332699
v 49.954197 4.491300 -57.764515
v 49.987968 0.024535 -57.550083
v 45.266785 4.646218 -62.310921
v 44.912209 0.024534 -61.855129
v 49.759613 8.662599 -57.818317
v 45.150719 8.757575 -62.050335
v 44.192764 8.723631 -62.187641
v 42.926506 4.383262 -64.175110
v 43.096546 9.367563 -62.878628
v 42.360752 9.166086 -60.022541
v 43.136421 10.175669 -62.288342
v 41.877430 9.896534 -60.419895
v 41.471767 9.962819 -61.530548
v 40.042625 6.758040 -61.311619
v 43.521126 0.024534 -64.710129
v 45.286789 0.024534 -62.810936
v 40.091866 0.024534 -60.764828
v 52.216888 3.902351 -56.074574
v 52.823849 0.024536 -55.369480
v 53.561562 0.024536 -53.149990
v 49.998764 0.024536 -51.172939
v 50.066383 3.903673 -51.642338
v 48.732677 4.055460 -53.780041
v 48.884041 0.024536 -48.236389
v 50.523590 3.960931 -50.368267
v 49.334438 3.921905 -47.882011
v 45.248737 15.485912 -61.352795
v 49.516781 7.967166 -47.931587
v 49.430820 15.001296 -57.334496
v 49.591248 11.275578 -48.558735
v 51.137524 8.183266 -49.845974
v 48.933395 7.795001 -54.050644
v 50.909668 11.346553 -50.223911
v 48.759567 11.370337 -53.668995
v 49.608738 11.305048 -57.900166
v 45.333260 12.082257 -61.766926
v 45.639187 16.976252 -60.394081
v 48.937481 16.227816 -57.075733
v 48.528675 14.701604 -52.837830
v 48.374939 15.713195 -52.924694
v 47.511555 14.158767 -50.892467
v 46.517487 15.913609 -51.348370
v 43.779793 16.767529 -60.121418
v 43.987225 17.198786 -59.520325
v 47.428696 11.977278 -50.632931
v 49.044941 12.037066 -49.126694
v 44.730301 0.163809 -50.434265
v 44.631432 4.208601 -50.396942
v 44.630962 8.670029 -50.398003
v 42.329391 4.205353 -50.611427
v 42.843758 8.708144 -50.907299
v 42.555237 0.024535 -50.720936
v 39.245670 2.626060 -57.811718
v 39.318657 8.868602 -57.785538
v 39.362511 0.024534 -57.797009
v 46.546326 11.677740 -49.864822
v 44.230061 12.244091 -50.282154
v 40.100883 14.635906 -57.336151
v 42.691151 12.327288 -51.626392
v 44.237453 15.611639 -50.783394
v 42.925541 16.368767 -52.524372
v 41.357838 16.646120 -55.617519
v 40.885754 16.109203 -57.727318
v 41.691113 16.939140 -56.820492
v 41.515392 6.149956 -59.738293
v 39.756676 2.510924 -60.805271
v 40.587025 2.639636 -59.120228
v 37.284370 0.024533 -60.888592
v 37.961964 2.369836 -60.844444
v 37.322166 0.024533 -59.183697
v 37.556179 2.510234 -58.901020
v 38.460426 2.471831 -57.616554
v 38.382126 0.024534 -57.552677
v 42.383640 12.441097 -59.916683
v 50.492626 11.960267 -50.123875
v 47.699837 16.612411 -58.919453
v 52.212341 3.905668 -53.113537
v 53.329739 3.192089 -53.410069
v 52.767853 3.905146 -54.356430
v 45.619110 11.587708 -50.542427
v 46.097244 12.003368 -50.611481
v 47.166210 12.064752 -49.858952
v 34.025040 2.872542 -56.442574
v 33.914410 0.015692 -56.526459
v 38.201485 2.971624 -56.424526
v 38.162895 0.015691 -56.791836
v 34.138596 5.540417 -56.504028
v 38.139473 5.601162 -56.596111
v 38.641979 5.579453 -56.957474
v 40.106812 2.803443 -56.602535
v 39.453686 5.991298 -57.124874
v 38.526787 5.862438 -58.767773
v 39.173626 6.508145 -57.379322
v 38.925758 6.329617 -58.798843
v 39.605133 6.372011 -58.466640
v 40.166946 4.322301 -59.201115
v 40.069847 0.015691 -56.092289
v 38.413921 0.015691 -56.185131
v 39.901855 0.015691 -59.431370
v 32.232723 2.495862 -56.218616
v 31.640331 0.015693 -56.274612
v 30.316317 0.015693 -56.970818
v 31.082417 0.015693 -59.461689
v 31.259335 2.496707 -59.215309
v 32.821854 2.593788 -58.821014
v 30.294542 0.015693 -61.309669
v 30.483749 2.533329 -59.600002
v 29.929808 2.508369 -61.273384
v 37.785065 9.904468 -56.874241
v 29.867718 5.095633 -61.169693
v 34.075699 9.594516 -56.872833
v 30.111399 7.211625 -60.847557
v 29.969175 5.233846 -59.568634
v 32.849274 4.985519 -58.607281
v 30.241760 7.257018 -59.495411
v 32.760231 7.272231 -58.860287
v 34.244438 7.230474 -56.533176
v 37.929688 7.727560 -56.645847
v 37.180054 10.857657 -57.143143
v 34.188431 10.378973 -57.210827
v 32.498215 9.402839 -59.345829
v 32.607597 10.049831 -59.373936
v 32.104744 9.055652 -60.693584
v 32.765137 10.178013 -60.924076
v 37.916409 10.724162 -58.093121
v 37.554314 10.999985 -58.278282
v 32.027893 7.660417 -60.849968
v 30.615040 7.698657 -60.827888
v 33.183842 0.104769 -62.137760
v 33.212883 2.691734 -62.198803
v 33.213570 5.545169 -62.198517
v 34.369255 2.689656 -63.120422
v 34.263290 5.569548 -62.756001
v 34.313686 0.015692 -62.969822
v 38.982845 1.679573 -61.167942
v 38.937595 5.672173 -61.147655
v 38.922459 0.015691 -61.122925
v 32.094181 7.468839 -61.595242
v 33.347038 7.831065 -62.429653
v 38.377754 9.360820 -61.008072
v 34.652412 7.884276 -62.492130
v 33.565830 9.984878 -62.195293
v 34.942436 10.469123 -61.974236
v 37.036385 10.646512 -61.243191
v 38.189316 10.303111 -60.479801
v 37.416027 10.833921 -60.540848
v 38.790508 3.933383 -59.273571
v 40.074318 1.605935 -59.561314
v 38.944519 1.688256 -59.970062
v 41.251041 0.015691 -60.618885
v 40.919090 1.515698 -60.338856
v 40.477829 0.015691 -61.388126
v 40.244629 1.605493 -61.414707
v 39.258347 1.580932 -61.606022
v 39.266132 0.015691 -61.670177
v 38.469307 7.957067 -58.806431
v 30.389681 7.649537 -59.726402
v 35.576340 10.624952 -56.909489
v 30.922180 2.497984 -57.585743
v 30.538485 2.041593 -56.953686
v 31.217060 2.497650 -56.766476
v 32.822037 7.411255 -61.693890
v 32.632217 7.677104 -61.450096
v 31.805794 7.716363 -61.323147
v 10.186846 2.872542 -83.837646
v 10.260160 0.015692 -83.719757
v 6.292936 2.971624 -85.347794
v 6.197641 0.015691 -84.990967
v 10.058820 5.540418 -83.820862
v 6.289498 5.601162 -85.165375
v 5.691005 5.579452 -85.007584
v 4.449913 2.803443 -85.862793
v 4.873105 5.991298 -85.141479
v 5.151311 5.862438 -83.275757
v 5.043672 6.508145 -84.803696
v 4.767602 6.329617 -83.389389
v 4.251916 6.372011 -83.942551
v 3.464631 4.322302 -83.457504
v 4.666872 0.015691 -86.326096
v 6.180138 0.015691 -85.647308
v 3.629873 0.015691 -83.147690
v 11.940752 2.495862 -83.405960
v 12.473963 0.015693 -83.141861
v 13.461521 0.015693 -82.018265
v 11.855457 0.015693 -79.965988
v 11.778334 2.496707 -80.259338
v 10.460079 2.593788 -81.186249
v 11.930498 0.015693 -77.958466
v 12.365095 2.533329 -79.622757
v 12.284103 2.508369 -77.861923
v 6.521035 9.904468 -84.778915
v 12.379159 5.095634 -77.936569
v 9.985691 9.594515 -83.453949
v 12.266767 7.211624 -78.324539
v 12.856870 5.233846 -79.468063
v 10.510888 4.985520 -81.395645
v 12.628484 7.257018 -79.633911
v 10.503585 7.272231 -81.127533
v 9.949552 7.230474 -83.831497
v 6.467637 7.727560 -85.043915
v 6.989899 10.857657 -84.311478
v 9.759565 10.378973 -83.178604
v 10.574675 9.402839 -80.580399
v 10.462479 10.049831 -80.593262
v 10.460246 9.055652 -79.181061
v 9.761097 10.178012 -79.201935
v 5.962561 10.724162 -83.687561
v 6.234520 10.999985 -83.385178
v 10.476100 7.660417 -79.007523
v 11.803451 7.698656 -78.522980
v 8.936111 0.104769 -78.218170
v 8.887177 2.691734 -78.171555
v 8.886632 5.545170 -78.172073
v 7.477714 2.689656 -77.724319
v 7.706977 5.569549 -78.026764
v 7.583458 0.015692 -77.845108
v 3.867220 1.679573 -81.197311
v 3.916739 5.672173 -81.200089
v 3.939707 0.015691 -81.217773
v 10.147723 7.468838 -78.335236
v 8.679351 7.831064 -78.003937
v 4.489474 9.360819 -81.130264
v 7.437918 7.884275 -78.412323
v 8.558811 9.984878 -78.301025
v 7.352248 10.469123 -78.999680
v 5.658098 10.646512 -80.431091
v 4.854342 10.303111 -81.556244
v 5.554684 10.833922 -81.222733
v 4.724172 3.933383 -82.897690
v 3.422352 1.605935 -83.087982
v 4.331317 1.688256 -82.302322
v 1.945280 0.015691 -82.521072
v 2.355415 1.515698 -82.663895
v 2.392340 0.015691 -81.526215
v 2.600610 1.605493 -81.418015
v 3.453296 1.580931 -80.886703
v 3.423086 0.015691 -80.829575
v 5.191170 7.957066 -83.219101
v 12.407748 7.649536 -79.471085
v 8.571146 10.624953 -83.956268
v 12.675842 2.497984 -81.660629
v 13.260166 2.041593 -82.113708
v 12.693390 2.497650 -82.531174
v 9.432714 7.411255 -78.503342
v 9.697152 7.677103 -78.663147
v 10.514331 7.716362 -78.486221
v -22.156977 2.872541 -70.895676
v -22.295805 0.015692 -70.894394
v -18.841511 2.971625 -73.435501
v -19.096676 0.015691 -73.702530
v -22.104717 5.540418 -71.013748
v -18.995514 5.601162 -73.533340
v -18.818920 5.579453 -74.126556
v -17.442875 2.803443 -74.741562
v -18.279074 5.991298 -74.755417
v -20.017155 5.862438 -75.488449
v -18.656265 6.508146 -74.785461
v -19.720493 6.329617 -75.757019
v -18.979807 6.372011 -75.909653
v -18.984465 4.322302 -76.834351
v -17.160078 0.015691 -74.315247
v -18.527042 0.015691 -73.376022
v -19.335022 0.015691 -76.854401
v -23.438107 2.495862 -69.622391
v -23.941044 0.015693 -69.304413
v -25.414385 0.015693 -69.045547
v -26.331541 0.015693 -71.484848
v -26.040886 2.496708 -71.398102
v -24.563482 2.593788 -72.041702
v -28.085039 0.015693 -72.465149
v -26.889797 2.533329 -71.228165
v -28.351431 2.508369 -72.213379
v -19.446012 9.904468 -73.536667
v -28.337147 5.095633 -72.093369
v -22.380022 9.594515 -71.267075
v -27.947338 7.211625 -71.987518
v -27.277740 5.233846 -70.888657
v -24.411077 4.985519 -71.889359
v -27.017286 7.257019 -70.997421
v -24.636265 7.272231 -72.035080
v -22.038799 7.230474 -71.101547
v -19.191919 7.727560 -73.444412
v -20.089151 10.857658 -73.379425
v -22.497528 10.378973 -71.603439
v -25.140497 9.402840 -72.259018
v -25.071138 10.049832 -72.348145
v -26.276035 9.055653 -73.084732
v -25.894489 10.178013 -73.670959
v -20.087505 10.724162 -74.581375
v -20.487236 10.999985 -74.506424
v -26.432480 7.660417 -73.161469
v -27.536837 7.698656 -72.279968
v -26.305439 0.104769 -74.887299
v -26.319794 2.691734 -74.953354
v -26.319075 5.545170 -74.953552
v -25.968479 2.689656 -76.389725
v -25.829464 5.569548 -76.036591
v -25.920353 0.015692 -76.236588
v -21.124149 1.679573 -77.666382
v -21.147549 5.672173 -77.622635
v -21.144400 0.015691 -77.593826
v -26.835802 7.468839 -73.791672
v -26.354826 7.831065 -75.218033
v -21.505131 9.360820 -77.169846
v -25.360216 7.884275 -76.065781
v -26.038397 9.984879 -75.166428
v -24.814024 10.469122 -75.833374
v -22.710209 10.646512 -76.535538
v -21.331160 10.303112 -76.636627
v -21.980322 10.833922 -76.212006
v -20.117817 3.933383 -76.049911
v -19.278044 1.605935 -77.062698
v -20.421902 1.688256 -76.695160
v -18.993767 0.015691 -78.619064
v -19.085159 1.515698 -78.194504
v -20.075972 0.015691 -78.754837
v -20.276728 1.605493 -78.633255
v -21.174080 1.580932 -78.181458
v -21.207163 0.015691 -78.236984
v -20.086279 7.957067 -75.483871
v -27.041521 7.649537 -71.270645
v -21.215124 10.624954 -72.213791
v -25.311081 2.497984 -69.902588
v -25.228123 2.041594 -69.167862
v -24.576744 2.497650 -69.434723
v -26.320251 7.411256 -74.314835
v -26.321342 7.677104 -74.005859
v -26.897575 7.716363 -73.400024
v -25.770016 6.077039 75.429428
v -25.612860 0.033198 75.181305
v -25.065487 6.286655 84.236923
v -24.298021 0.033196 84.090271
v -25.620287 11.721095 75.657898
v -24.714785 11.849604 84.075684
v -23.863661 11.803675 85.070755
v -24.351448 5.930857 88.221848
v -23.366453 12.674960 86.752136
v -20.067896 12.402348 84.506042
v -22.879837 13.768384 86.116486
v -19.931459 13.390695 85.341568
v -20.510975 13.480383 86.832825
v -18.862764 9.144094 87.886581
v -25.433670 0.033196 88.234650
v -25.532364 0.033196 84.727310
v -18.424500 0.033196 87.286804
v -26.560812 5.280151 71.690918
v -26.548101 0.033199 70.432159
v -25.315861 0.033199 67.517242
v -19.928696 0.033199 68.689362
v -20.416637 5.281940 69.106110
v -20.970013 5.487319 72.470139
v -16.173103 0.033199 66.699890
v -19.743568 5.359413 67.402725
v -16.314438 5.306609 65.937439
v -24.191496 20.953512 83.279099
v -16.544073 10.780126 65.824997
v -24.853985 20.297791 75.459717
v -17.179834 15.256639 66.395981
v -19.901190 11.072523 66.323547
v -21.415707 10.547174 72.565948
v -20.007090 15.352672 66.911194
v -20.898180 15.384853 72.333237
v -25.540009 15.296513 75.875839
v -24.647247 16.348129 83.624603
v -23.732195 22.970043 81.955887
v -24.121424 21.957357 75.637268
v -19.921209 19.892288 71.694565
v -19.842510 21.261042 71.920151
v -17.150000 19.157791 70.625473
v -16.546688 21.532211 71.976654
v -21.598648 22.687624 83.339264
v -21.272694 23.271145 82.542999
v -16.833992 16.206085 70.435654
v -17.131739 16.286983 67.461182
v -13.913685 0.221644 72.643509
v -13.779847 5.694529 72.693878
v -13.780321 11.731148 72.695374
v -11.631392 5.690134 74.967743
v -12.418474 11.782722 74.809143
v -11.958765 0.033197 74.877380
v -14.927064 3.553241 85.040680
v -14.977880 11.999831 84.948883
v -15.032696 0.033196 84.921402
v -15.251111 15.800791 70.442871
v -13.269351 16.567101 72.935638
v -15.371675 19.803392 83.793533
v -12.905547 16.679670 75.676376
v -13.724498 21.123627 73.438538
v -13.945742 22.148073 76.379837
v -15.114531 22.523354 80.924026
v -16.518820 21.796867 83.490204
v -16.527611 22.919828 81.849197
v -18.954748 8.321315 84.972061
v -18.119898 3.397454 87.627243
v -17.459112 3.571609 85.172882
v -15.681227 0.033195 89.919846
v -16.330574 3.206552 89.269852
v -14.197092 0.033195 88.153076
v -14.182517 3.396520 87.656754
v -13.954579 3.344558 85.543579
v -13.817947 0.033196 85.548584
v -19.996626 16.833666 84.377991
v -19.493830 16.183069 67.181946
v -24.509907 22.477743 78.616669
v -23.911833 5.284639 68.685104
v -25.312477 4.319117 67.988647
v -25.586468 5.283933 69.452408
v -14.913741 15.678968 71.959717
v -15.461427 16.241386 71.602921
v -15.875974 16.324442 69.883316
v -8.086057 3.476423 78.615784
v -8.175964 0.018991 78.757706
v -8.489091 3.596336 73.577377
v -8.928131 0.018990 73.661270
v -8.171718 6.705156 78.485077
v -8.689708 6.778671 73.669617
v -9.176606 6.752397 73.100372
v -8.897563 3.392799 71.297775
v -9.461036 7.250823 72.138535
v -11.348004 7.094874 73.423431
v -9.739411 7.876325 72.502151
v -11.426055 7.660265 72.945450
v -11.094539 7.711572 72.092377
v -12.037419 5.230960 71.489563
v -8.278473 0.018990 71.290451
v -8.222010 0.018990 73.296844
v -12.288124 0.018990 71.832657
v -7.633675 3.020557 80.754425
v -7.640947 0.018992 81.474503
v -8.345860 0.018992 83.142014
v -11.427635 0.018992 82.471497
v -11.148510 3.021580 82.233093
v -10.831944 3.139069 80.308670
v -13.576056 0.018992 83.609589
v -11.533538 3.065900 83.207535
v -13.495194 3.035693 84.045761
v -8.989065 11.986643 74.125305
v -13.363835 6.166866 84.110092
v -8.610079 11.611531 78.598450
v -13.000138 8.727695 83.783447
v -11.443370 6.334135 83.824875
v -10.576980 6.033604 80.253860
v -11.382792 8.782630 83.488708
v -10.873036 8.801043 80.386978
v -8.217635 8.750505 78.360413
v -8.728354 9.352093 73.927673
v -9.251812 13.140218 74.882263
v -9.029150 12.560902 78.496887
v -11.431925 11.379560 80.752335
v -11.476938 12.162568 80.623291
v -13.017218 10.959384 81.363937
v -13.362347 12.317693 80.590988
v -10.472334 12.978657 74.090881
v -10.658791 13.312466 74.546387
v -13.197987 9.270835 81.472519
v -13.027657 9.317113 83.174088
v -14.868574 0.126794 80.209488
v -14.945136 3.257605 80.180695
v -14.944867 6.710907 80.179825
v -16.174181 3.255091 78.879898
v -15.723927 6.740410 78.970627
v -15.986904 0.018991 78.931595
v -14.288862 2.032663 73.117569
v -14.259799 6.864610 73.170090
v -14.228436 0.018990 73.185822
v -14.103488 9.038981 81.468384
v -15.237164 9.477356 80.042374
v -14.034521 11.328706 73.831024
v -15.445293 9.541755 78.474518
v -14.976799 12.083958 79.754684
v -14.850239 12.670002 78.072098
v -14.181623 12.884684 75.472549
v -13.378288 12.469090 74.004532
v -13.373260 13.111491 74.943283
v -11.984792 4.760283 73.156845
v -12.462378 1.943544 71.637909
v -12.840385 2.043171 73.041946
v -13.857439 0.018990 70.326416
v -13.485973 1.834337 70.698242
v -14.706451 0.018990 71.337097
v -14.714790 1.943009 71.621033
v -14.845182 1.913284 72.829895
v -14.923346 0.018990 72.827042
v -11.388777 9.629848 73.496674
v -11.676399 9.257667 83.333817
v -8.806913 12.858592 76.792496
v -9.149050 3.023124 82.473923
v -8.347795 2.470789 82.872345
v -8.191053 3.022720 82.034988
v -14.296479 8.969293 80.600662
v -13.983177 9.291029 80.804764
v -13.746031 9.338542 81.788483
v -91.848305 7.750479 -67.633064
v -91.605476 -1.587904 -68.016441
v -90.759743 8.074358 -54.024555
v -89.573929 -1.587907 -54.251148
v -91.616936 16.471149 -67.280067
v -90.217873 16.669710 -54.273670
v -88.902786 16.598745 -52.736179
v -89.656487 7.524611 -47.867409
v -88.134544 17.944975 -50.138294
v -83.037918 17.523758 -53.608723
v -87.382675 19.634430 -51.120396
v -82.827103 19.050859 -52.317722
v -83.722527 19.189438 -50.013599
v -81.175842 12.489410 -48.385429
v -91.328606 -1.587908 -47.847633
v -91.481125 -1.587907 -53.266850
v -80.498703 -1.587908 -49.312138
v -93.070175 6.519202 -73.409477
v -93.050545 -1.587903 -75.354393
v -91.146584 -1.587903 -79.858253
v -82.822845 -1.587903 -78.047218
v -83.576759 6.521964 -77.403267
v -84.431793 6.839298 -72.205498
v -77.020035 -1.587903 -81.121147
v -82.536804 6.641671 -80.035194
v -77.238426 6.560082 -82.299217
v -89.409317 30.736225 -55.504475
v -77.593216 15.017253 -82.472969
v -90.432961 29.723064 -67.586266
v -78.575546 21.933941 -81.590721
v -82.780342 15.469038 -81.702644
v -85.120430 14.657318 -72.057442
v -82.943962 22.082323 -80.794655
v -84.320793 22.132048 -72.417015
v -91.492920 21.995554 -66.943336
v -90.113495 23.620417 -54.970661
v -88.699646 33.851982 -57.548985
v -89.301064 32.287270 -67.311928
v -82.811256 29.096516 -73.403831
v -82.689682 31.211386 -73.055275
v -78.529449 27.961641 -75.055702
v -77.597275 31.630377 -72.967995
v -85.403084 33.415615 -55.411518
v -84.899467 34.317219 -56.641804
v -78.041183 23.400940 -75.348991
v -78.501236 23.525936 -79.944878
v -73.528992 -1.296734 -71.937614
v -73.322212 7.159459 -71.859795
v -73.322945 16.486681 -71.857475
v -70.002625 7.152669 -68.346413
v -71.218735 16.566368 -68.591484
v -70.508438 -1.587905 -68.486061
v -75.094772 3.850940 -52.782627
v -75.173294 16.901827 -52.924473
v -75.257980 -1.587907 -52.966953
v -75.595467 22.774715 -75.337822
v -72.533440 23.958748 -71.486244
v -75.781754 28.959166 -54.709629
v -71.971298 24.132685 -67.251534
v -73.236702 30.999069 -70.709206
v -73.578545 32.581951 -66.164589
v -75.384422 33.161797 -59.143330
v -77.554214 32.039295 -55.178288
v -77.567810 33.774399 -57.713810
v -81.317993 11.218126 -52.888676
v -80.028038 3.610233 -48.786106
v -79.007065 3.879321 -52.578388
v -76.260040 -1.587909 -45.243813
v -77.263367 3.315269 -46.248123
v -73.966904 -1.587908 -47.973660
v -73.944366 3.608789 -48.740513
v -73.592178 3.528503 -52.005619
v -73.381065 -1.587907 -51.997898
v -82.927803 24.370619 -53.806568
v -82.150925 23.365376 -80.376320
v -89.901299 33.091320 -62.708439
v -88.977211 6.526137 -78.053764
v -91.141365 5.034300 -79.129890
v -91.564713 6.525044 -76.868217
v -75.074188 22.586489 -72.994148
v -75.920425 23.455484 -73.545464
v -76.560936 23.583815 -76.202400
v -101.633026 3.614963 53.310833
v -101.618172 0.019748 53.484913
v -105.136360 3.739655 49.392761
v -105.447105 0.019747 49.738422
v -101.786163 6.972364 53.256504
v -105.244446 7.048808 49.595333
v -106.005684 7.021487 49.430332
v -106.908653 3.528006 47.762287
v -106.846283 7.539776 48.812893
v -107.600296 7.377611 51.063831
v -106.848007 8.190206 49.289082
v -107.965622 7.965535 50.717186
v -108.227798 8.018887 49.802303
v -109.387711 5.439420 49.896366
v -106.400681 0.019747 47.366756
v -105.091713 0.019747 48.992466
v -109.379440 0.019747 50.338169
v -99.913048 3.140929 54.796963
v -99.466057 0.019748 55.397747
v -99.000694 0.019749 57.221836
v -101.974098 0.019748 58.605412
v -101.892982 3.141993 58.232418
v -102.841530 3.264164 56.439919
v -103.036949 0.019749 60.899281
v -101.598755 3.188079 59.281445
v -102.695610 3.156668 61.209545
v -105.205635 12.464322 50.160954
v -102.546371 6.412623 61.180172
v -102.077789 12.074262 53.626141
v -102.450729 9.075502 60.680920
v -101.135704 6.586557 59.735859
v -102.664894 6.274050 56.234138
v -101.297035 9.132628 59.419415
v -102.826279 9.151772 56.530602
v -101.902603 9.099222 53.182171
v -105.114105 9.724782 49.833302
v -104.946976 13.663868 50.952984
v -102.488670 13.061466 53.805683
v -103.059174 11.833046 57.184696
v -103.177635 12.647256 57.106182
v -103.986992 11.396128 58.688381
v -104.759003 12.808566 58.265526
v -106.455360 13.495869 51.065578
v -106.323196 13.842979 51.560020
v -104.068359 9.640287 58.892017
v -102.856873 9.688409 60.193699
v -106.246117 0.131846 58.897236
v -106.327621 3.387424 58.921543
v -106.327934 6.978343 58.920666
v -108.163551 3.384810 58.617733
v -107.733681 7.009023 58.409599
v -107.975975 0.019748 58.542728
v -110.227638 2.113667 52.660686
v -110.170532 7.138172 52.685879
v -110.134674 0.019747 52.679180
v -104.820679 9.399194 59.458241
v -106.656418 9.855040 58.990757
v -109.568230 11.780167 53.091389
v -107.815071 9.922004 57.823551
v -106.621819 12.565516 58.588760
v -107.575546 13.174915 57.116009
v -108.657333 13.398151 54.543056
v -108.915726 12.965998 52.822216
v -108.320984 13.633997 53.596306
v -108.295242 4.949985 51.243702
v -109.646233 2.020996 50.286537
v -109.075912 2.124593 51.686840
v -111.626358 0.019746 50.078293
v -111.084854 1.907437 50.152466
v -111.693489 0.019746 51.449223
v -111.521767 2.020440 51.689548
v -110.869225 1.989530 52.772476
v -110.935745 0.019747 52.819279
v -107.587975 10.013606 51.150131
v -101.637589 9.626595 59.475895
v -103.376900 13.371020 52.254704
v -100.085983 3.143599 57.173965
v -99.171921 2.569252 56.999771
v -99.568939 3.143179 56.207867
v -105.526352 9.326729 58.861210
v -105.138535 9.661286 58.833111
v -104.323334 9.710692 59.498390
v -103.030579 2.950192 47.047554
v -102.969017 0.354157 46.937435
v -102.520767 3.040229 50.808353
v -102.195076 0.354156 50.727364
v -102.960968 5.374507 47.142010
v -102.374161 5.429706 50.730938
v -101.985664 5.409978 51.137638
v -102.120583 2.887402 52.500603
v -101.732773 5.784225 51.847031
v -100.371017 5.667128 50.805958
v -101.539055 6.253887 51.562954
v -100.292816 6.091656 51.161091
v -100.506203 6.130180 51.814327
v -99.774452 4.267598 52.227406
v -102.584419 0.354156 52.531605
v -102.709450 0.354156 51.029682
v -99.600632 0.354156 51.959843
v -103.457878 2.607902 45.462795
v -103.482101 0.354157 44.922634
v -103.022324 0.354157 43.643417
v -100.684227 0.354157 44.019115
v -100.883659 2.608670 44.209358
v -101.041695 2.696887 45.665188
v -99.120407 0.354157 43.077316
v -100.635147 2.641948 43.462925
v -99.198982 2.619266 42.753639
v -102.168495 9.340144 50.376949
v -99.300125 4.970328 42.710831
v -102.636986 9.058489 47.038944
v -99.559334 6.893142 42.970707
v -100.728195 5.095923 43.003796
v -101.230583 4.870268 45.716789
v -100.759758 6.934391 43.258327
v -101.014099 6.948215 45.604778
v -102.921410 6.910270 47.233585
v -102.355827 7.361975 50.535873
v -102.002708 10.206312 49.798618
v -102.318619 9.771330 47.097828
v -100.610153 8.884311 45.307835
v -100.571091 9.472237 45.402729
v -99.446831 8.568821 44.783978
v -99.156212 9.588716 45.349251
v -101.055046 10.085004 50.341633
v -100.934013 10.335647 49.992443
v -99.315773 7.300962 44.695118
v -99.513588 7.335711 43.426422
v -98.011230 0.435101 45.573185
v -97.952652 2.785891 45.591633
v -97.952820 5.378825 45.592289
v -96.977592 2.784003 46.516212
v -97.318909 5.400978 46.466747
v -97.120132 0.354156 46.485172
v -98.153603 1.866135 50.914062
v -98.177551 5.494233 50.875896
v -98.201706 0.354156 50.865391
v -98.636719 7.126873 44.660892
v -97.728020 7.456031 45.683289
v -98.373688 8.846128 50.389652
v -97.507355 7.504385 46.850170
v -97.911346 9.413214 45.909702
v -97.936897 9.853250 47.176399
v -98.331039 10.014443 49.152905
v -98.872818 9.702393 50.286610
v -98.915298 10.184743 49.583019
v -99.882614 3.914185 50.979580
v -99.461967 1.799219 52.098675
v -99.236435 1.874025 51.030453
v -98.362007 0.354155 53.024448
v -98.655838 1.717220 52.760983
v -97.767136 0.354156 52.231712
v -97.772583 1.798818 52.018509
v -97.724648 1.776499 51.106815
v -97.665924 0.354156 51.105740
v -100.343483 7.570529 50.749355
v -100.533249 7.291075 43.362354
v -102.415001 9.994853 48.384808
v -102.392639 2.609829 44.111202
v -103.009781 2.195105 43.845516
v -103.092766 2.609526 44.479755
v -98.456268 7.074548 45.303493
v -98.699570 7.316125 45.163372
v -98.917908 7.351800 44.435642
v 104.563263 3.849366 59.529545
v 104.131439 -5.489016 59.669128
v 112.425339 4.173246 48.368702
v 111.368584 -5.489018 47.784931
v 104.610992 12.570040 59.110188
v 111.849396 12.768600 48.213898
v 111.820915 12.697635 46.190891
v 115.512848 3.623500 42.928596
v 112.890839 14.043863 43.702023
v 106.753052 13.622648 43.112789
v 111.684830 15.733318 43.976635
v 107.416206 15.149750 41.985249
v 109.577682 15.288327 40.785763
v 108.660095 8.588299 37.905750
v 116.811356 -5.489019 43.982285
v 113.464432 -5.489018 48.247162
v 107.546944 -5.489019 38.185524
v 101.810333 2.618090 64.752701
v 100.551949 -5.489015 66.235779
v 96.208733 -5.489014 68.482162
v 90.965454 -5.489015 61.768555
v 91.956856 2.620853 61.755306
v 95.937027 2.938186 58.304771
v 84.538094 -5.489014 60.423016
v 89.474670 2.740559 63.114468
v 83.952957 2.658970 61.468548
v 110.440819 26.835115 48.643520
v 84.114731 11.116141 61.828953
v 103.504753 25.821953 58.588791
v 85.434113 18.032831 61.778469
v 88.596046 11.567927 64.552414
v 96.561226 10.756207 58.631130
v 89.302307 18.181211 63.958782
v 95.716469 18.230936 58.396492
v 104.730881 18.094442 58.771961
v 111.323578 19.719305 48.683163
v 108.588135 29.950872 49.762100
v 102.809700 28.386162 57.654278
v 93.924812 25.195406 58.190388
v 94.054123 27.310276 57.844624
v 89.576141 24.060534 56.723557
v 90.193848 27.729269 54.522205
v 107.419434 29.514505 46.011063
v 106.245682 30.416107 46.635227
v 89.013184 19.499828 56.636963
v 86.429062 19.624825 60.465294
v 87.724007 -5.197846 51.129208
v 87.614731 3.258347 50.937176
v 87.616768 12.585572 50.935867
v 87.307861 3.251557 46.113361
v 88.086403 12.665258 47.079197
v 87.607574 -5.489016 46.544079
v 101.172829 -0.050172 37.399910
v 101.142548 13.000716 37.559170
v 101.180511 -5.489018 37.645985
v 87.139549 18.873604 55.064964
v 87.246948 20.057638 50.145695
v 100.469292 25.058056 39.320911
v 89.521698 20.231573 46.529850
v 88.284462 27.097961 49.997707
v 91.452469 28.680838 46.721401
v 97.329529 29.260687 42.476444
v 101.532730 28.138186 40.814354
v 99.922348 29.873283 42.772861
v 105.890709 7.317014 41.459614
v 107.521286 -0.290878 37.480148
v 104.311951 -0.021790 39.743748
v 106.888084 -5.489020 32.347435
v 107.017632 -0.585842 33.761112
v 103.379601 -5.489019 32.980793
v 102.872070 -0.292322 33.556118
v 100.514038 -0.372609 35.841854
v 100.356621 -5.489019 35.700962
v 106.541901 20.469509 43.194538
v 88.959900 19.464264 63.130123
v 106.214050 29.190216 54.497883
v 95.693993 2.625024 65.707748
v 96.670319 1.133189 67.918716
v 98.441643 2.623933 66.450104
v 88.236877 18.685379 52.929447
v 88.535210 19.554373 53.894360
v 87.329330 19.682705 56.347004
vn -0.2252 -0.0781 -0.9712
vn -0.2150 -0.0164 -0.9765
vn -0.2447 -0.0263 -0.9692
vn -0.2701 -0.0596 -0.9610
vn -0.2123 0.0329 -0.9767
vn -0.2122 0.0331 -0.9767
vn -0.2681 0.2351 -0.9343
vn -0.2618 0.1568 -0.9523
vn -0.2570 0.1534 -0.9542
vn -0.2160 0.3227 -0.9216
vn 0.0254 0.9922 0.1220
vn -0.9873 0.1216 0.1019
vn -0.9554 0.2950 0.0091
vn -0.9424 0.3346 -0.0047
vn -0.9872 0.0450 0.1532
vn -0.8289 0.5528 -0.0856
vn -0.2109 0.4027 0.8907
vn 0.1115 0.2283 0.9672
vn 0.0325 0.3085 0.9507
vn 0.8305 -0.0354 -0.5559
vn -0.2239 0.1303 -0.9659
vn -0.9759 -0.0510 0.2123
vn -0.9751 -0.0556 0.2147
vn -0.3124 -0.0418 -0.9490
vn 0.9876 0.1285 0.0898
vn 0.2531 0.0827 -0.9639
vn 0.1175 0.9928 -0.0251
vn 0.2048 0.9783 -0.0308
vn 0.0869 0.9959 -0.0231
vn 0.8335 -0.1698 -0.5258
vn 0.8756 -0.1424 -0.4615
vn 0.8771 -0.1413 -0.4590
vn 0.2617 -0.0569 -0.9635
vn 0.1878 -0.0650 -0.9801
vn 0.2622 -0.0791 -0.9618
vn 0.9459 0.0105 -0.3243
vn 0.9418 -0.0112 -0.3360
vn 0.9188 0.3326 -0.2124
vn 0.9160 0.3420 -0.2098
vn 0.1195 0.0081 -0.9928
vn 0.0443 -0.0837 -0.9955
vn 0.0932 -0.0009 -0.9956
vn 0.0842 0.1045 -0.9910
vn 0.0707 0.2857 -0.9557
vn -0.2077 0.1304 -0.9695
vn -0.2234 0.1391 -0.9648
vn -0.1780 0.1832 -0.9668
vn -0.1193 0.2166 -0.9689
vn 0.7436 0.0277 -0.6680
vn 0.7481 0.0235 -0.6631
vn 0.7625 0.0098 -0.6469
vn 0.7255 0.0301 -0.6876
vn 0.7655 0.0157 -0.6432
vn -0.2086 0.0746 -0.9752
vn -0.2100 0.0687 -0.9753
vn 0.6928 0.2598 -0.6727
vn 0.8159 0.3423 -0.4659
vn 0.8325 0.1845 -0.5225
vn 0.7137 0.1280 -0.6886
vn 0.8873 0.4039 -0.2224
vn 0.9038 0.1626 -0.3959
vn -0.7071 0.6532 -0.2709
vn -0.9529 0.2838 -0.1071
vn -0.8516 0.5226 -0.0400
vn -0.6423 0.7664 0.0049
vn 0.8663 -0.0199 -0.4992
vn 0.7969 0.5903 -0.1286
vn 0.0444 0.5530 -0.8320
vn 0.4559 -0.0227 0.8898
vn 0.4615 -0.0033 0.8871
vn 0.6063 0.0036 0.7952
vn 0.6151 -0.0228 0.7881
vn 0.4861 0.0729 0.8709
vn 0.6268 0.0396 0.7782
vn 0.7729 0.5758 -0.2667
vn 0.8411 0.4649 -0.2766
vn 0.8994 0.3339 -0.2821
vn 0.9418 0.1839 -0.2814
vn -0.1865 -0.0518 0.9811
vn -0.1791 0.0110 0.9838
vn -0.1808 -0.0028 0.9835
vn -0.0925 0.0678 0.9934
vn -0.1584 0.0677 0.9851
vn -0.9992 0.0349 0.0170
vn -0.9963 0.0793 0.0343
vn -0.9988 0.0491 -0.0000
vn 0.5148 0.2311 0.8256
vn 0.3752 0.4193 0.8267
vn 0.2035 0.1392 0.9691
vn 0.0326 0.1188 0.9924
vn -0.1368 0.1173 0.9836
vn 0.1669 0.1538 0.9739
vn -0.0137 0.1552 0.9878
vn -0.8785 0.4496 0.1614
vn -0.5612 0.8036 0.1985
vn -0.4371 0.5613 0.7028
vn -0.1230 0.1535 0.9805
vn 0.8677 0.2052 0.4528
vn 0.8919 0.1096 0.4387
vn 0.8698 0.1527 0.4691
vn 0.1359 0.2046 0.9694
vn 0.2631 0.1978 0.9443
vn -0.9634 -0.1117 0.2438
vn 0.0327 0.2075 0.9777
vn -0.8004 -0.0017 -0.5994
vn -0.6438 0.1913 0.7409
vn -0.0142 0.0277 0.9995
vn 0.9340 0.0169 0.3567
vn -0.9929 0.0792 0.0886
vn -0.9946 0.0476 0.0923
vn -0.9920 0.0234 0.1238
vn -0.9927 0.1112 0.0463
vn -0.9958 0.0879 -0.0262
vn -0.9831 0.1450 0.1115
vn -0.0883 0.9960 0.0096
vn -0.0650 0.9973 0.0340
vn -0.0687 0.9972 0.0301
vn -0.0356 0.9973 0.0645
vn -0.1036 0.9887 -0.1085
vn -0.0792 0.9921 -0.0974
vn -0.0959 0.9898 -0.1049
vn 0.1730 0.9842 -0.0384
vn 0.1680 0.9853 -0.0305
vn 0.1655 0.9858 -0.0267
vn 0.1479 0.9890 -0.0015
vn 0.1930 0.9799 0.0500
vn 0.1221 0.9919 0.0340
vn 0.1664 0.9828 0.0801
vn 0.3264 0.9116 0.2500
vn 0.0863 0.4134 -0.9065
vn 0.5319 0.7834 -0.3215
vn 0.0344 0.9992 -0.0196
vn -0.1471 0.4280 -0.8917
vn 0.4919 0.2434 0.8359
vn 0.7320 0.0096 0.6813
vn 0.7529 -0.0221 0.6578
vn 0.7348 0.0070 0.6783
vn 0.7675 -0.0420 0.6396
vn -0.0595 0.9943 -0.0884
vn 0.5160 0.4337 0.7387
vn 0.4495 0.4981 0.7415
vn 0.2070 0.6770 0.7063
vn 0.8258 0.1174 0.5516
vn 0.8898 0.0349 0.4550
vn 0.9081 0.0057 0.4187
vn 0.9963 -0.0781 0.0368
vn 0.9987 -0.0164 0.0481
vn 0.9995 -0.0263 0.0175
vn 0.9982 -0.0596 -0.0092
vn 0.9982 0.0329 0.0507
vn 0.9982 0.0331 0.0509
vn 0.9719 0.2351 -0.0142
vn 0.9876 0.1568 -0.0034
vn 0.9882 0.1534 0.0017
vn 0.9460 0.3226 0.0328
vn -0.1244 0.9922 -0.0074
vn 0.1600 0.1216 -0.9796
vn 0.2413 0.2950 -0.9245
vn 0.2512 0.3346 -0.9083
vn 0.1105 0.0450 -0.9929
vn 0.2996 0.5528 -0.7776
vn -0.8044 0.4027 -0.4367
vn -0.9627 0.2283 -0.1456
vn -0.9260 0.3085 -0.2175
vn 0.3192 -0.0354 0.9470
vn 0.9908 0.1303 0.0367
vn 0.0506 -0.0510 -0.9974
vn 0.0480 -0.0556 -0.9973
vn 0.9977 -0.0418 -0.0531
vn -0.3451 0.1285 0.9297
vn 0.8641 0.0827 0.4965
vn -0.0065 0.9928 0.1200
vn -0.0239 0.9783 0.2057
vn -0.0004 0.9959 0.0899
vn 0.2894 -0.1698 0.9420
vn 0.2162 -0.1424 0.9659
vn 0.2134 -0.1413 0.9667
vn 0.8614 -0.0569 0.5048
vn 0.8967 -0.0650 0.4378
vn 0.8596 -0.0791 0.5048
vn 0.0654 0.0105 0.9978
vn 0.0778 -0.0112 0.9969
vn -0.0355 0.3326 0.9424
vn -0.0372 0.3420 0.9390
vn 0.9269 0.0081 0.3752
vn 0.9492 -0.0837 0.3033
vn 0.9365 -0.0009 0.3505
vn 0.9344 0.1045 0.3406
vn 0.9039 0.2856 0.3184
vn 0.9900 0.1304 0.0533
vn 0.9896 0.1391 0.0369
vn 0.9797 0.1832 0.0812
vn 0.9664 0.2166 0.1384
vn 0.4501 0.0277 0.8926
vn 0.4442 0.0235 0.8956
vn 0.4248 0.0098 0.9052
vn 0.4737 0.0301 0.8801
vn 0.4204 0.0157 0.9072
vn 0.9958 0.0746 0.0539
vn 0.9962 0.0687 0.0526
vn 0.4679 0.2598 0.8447
vn 0.2361 0.3423 0.9094
vn 0.2863 0.1845 0.9402
vn 0.4778 0.1280 0.8691
vn -0.0176 0.4039 0.9146
vn 0.1456 0.1626 0.9759
vn 0.4465 0.6532 -0.6116
vn 0.3528 0.2838 -0.8916
vn 0.2615 0.5226 -0.8115
vn 0.1634 0.7664 -0.6212
vn 0.2550 -0.0199 0.9667
vn -0.0844 0.5903 0.8028
vn 0.7914 0.5529 0.2606
vn -0.9781 -0.0227 0.2071
vn -0.9770 -0.0033 0.2133
vn -0.9262 0.0036 0.3770
vn -0.9217 -0.0228 0.3873
vn -0.9677 0.0729 0.2412
vn -0.9151 0.0396 0.4012
vn 0.0551 0.5758 0.8158
vn 0.0468 0.4649 0.8841
vn 0.0368 0.3339 0.9419
vn 0.0251 0.1839 0.9826
vn -0.8981 -0.0518 -0.4368
vn -0.9026 0.0110 -0.4303
vn -0.9019 -0.0028 -0.4319
vn -0.9345 0.0678 -0.3493
vn -0.9093 0.0677 -0.4107
vn 0.2451 0.0349 -0.9689
vn 0.2276 0.0793 -0.9705
vn 0.2614 0.0491 -0.9640
vn -0.9315 0.2311 0.2808
vn -0.8961 0.4193 0.1457
vn -0.9886 0.1392 -0.0573
vn -0.9663 0.1188 -0.2282
vn -0.9135 0.1173 -0.3895
vn -0.9836 0.1538 -0.0938
vn -0.9498 0.1552 -0.2717
vn 0.0741 0.4496 -0.8902
vn -0.0447 0.8036 -0.5935
vn -0.5639 0.5613 -0.6058
vn -0.9141 0.1535 -0.3753
vn -0.6641 0.2052 0.7189
vn -0.6569 0.1096 0.7460
vn -0.6804 0.1527 0.7167
vn -0.9711 0.2046 -0.1226
vn -0.9802 0.1978 0.0068
vn 0.0168 -0.1117 -0.9936
vn -0.9522 0.2075 -0.2243
vn 0.7880 -0.0017 -0.6156
vn -0.5466 0.1913 -0.8153
vn -0.9610 0.0277 -0.2753
vn -0.5888 0.0169 0.8081
vn 0.1744 0.0791 -0.9815
vn 0.1713 0.0476 -0.9841
vn 0.1401 0.0234 -0.9899
vn 0.2152 0.1112 -0.9702
vn 0.2859 0.0879 -0.9542
vn 0.1497 0.1450 -0.9780
vn 0.0138 0.9960 -0.0878
vn -0.0158 0.9973 -0.0716
vn -0.0110 0.9972 -0.0742
vn -0.0530 0.9973 -0.0512
vn 0.1318 0.9887 -0.0716
vn 0.1147 0.9921 -0.0509
vn 0.1264 0.9898 -0.0651
vn -0.0082 0.9842 0.1770
vn -0.0145 0.9853 0.1701
vn -0.0176 0.9858 0.1668
vn -0.0372 0.9890 0.1431
vn -0.0988 0.9799 0.1731
vn -0.0648 0.9919 0.1090
vn -0.1208 0.9828 0.1397
vn -0.3267 0.9116 0.2496
vn 0.8523 0.4134 0.3205
vn 0.1710 0.7834 0.5975
vn 0.0100 0.9992 0.0384
vn 0.8992 0.4280 0.0914
vn -0.9355 0.2434 0.2560
vn -0.8491 0.0096 0.5282
vn -0.8319 -0.0221 0.5544
vn -0.8470 0.0070 0.5316
vn -0.8182 -0.0420 0.5734
vn 0.1009 0.9943 -0.0343
vn -0.8480 0.4337 0.3047
vn -0.8333 0.4981 0.2397
vn -0.7359 0.6770 0.0149
vn -0.7485 0.1174 0.6526
vn -0.6720 0.0349 0.7397
vn -0.6418 0.0057 0.7668
vn -0.7448 -0.0781 0.6627
vn -0.7544 -0.0164 0.6562
vn -0.7338 -0.0263 0.6788
vn -0.7144 -0.0596 0.6972
vn -0.7558 0.0329 0.6539
vn -0.7559 0.0331 0.6538
vn -0.6919 0.2351 0.6826
vn -0.7107 0.1568 0.6858
vn -0.7147 0.1534 0.6824
vn -0.7057 0.3226 0.6308
vn 0.0949 0.9922 -0.0807
vn 0.5622 0.1216 0.8180
vn 0.4654 0.2950 0.8345
vn 0.4470 0.3346 0.8296
vn 0.6071 0.0450 0.7934
vn 0.3217 0.5528 0.7687
vn 0.8830 0.4027 -0.2413
vn 0.7958 0.2283 -0.5609
vn 0.8191 0.3085 -0.4836
vn -0.8857 -0.0354 -0.4629
vn -0.7408 0.1303 0.6589
vn 0.6536 -0.0510 0.7552
vn 0.6553 -0.0556 0.7533
vn -0.6837 -0.0418 0.7286
vn -0.3940 0.1285 -0.9101
vn -0.9674 0.0827 0.2393
vn -0.0783 0.9928 -0.0911
vn -0.1251 0.9783 -0.1651
vn -0.0619 0.9959 -0.0652
vn -0.8607 -0.1698 -0.4800
vn -0.8244 -0.1424 -0.5478
vn -0.8229 -0.1413 -0.5503
vn -0.9712 -0.0569 0.2315
vn -0.9504 -0.0650 0.3043
vn -0.9699 -0.0791 0.2302
vn -0.7375 0.0105 -0.6752
vn -0.7459 -0.0112 -0.6660
vn -0.6263 0.3326 -0.7050
vn -0.6227 0.3420 -0.7037
vn -0.9288 0.0081 0.3704
vn -0.8952 -0.0837 0.4377
vn -0.9187 -0.0009 0.3948
vn -0.9103 0.1045 0.4005
vn -0.8729 0.2856 0.3954
vn -0.7517 0.1304 0.6465
vn -0.7401 0.1391 0.6580
vn -0.7636 0.1832 0.6192
vn -0.7936 0.2166 0.5686
vn -0.9425 0.0277 -0.3331
vn -0.9404 0.0235 -0.3394
vn -0.9330 0.0098 -0.3597
vn -0.9510 0.0301 -0.3078
vn -0.9312 0.0157 -0.3642
vn -0.7563 0.0746 0.6500
vn -0.7557 0.0687 0.6512
vn -0.9223 0.2598 -0.2862
vn -0.7997 0.3423 -0.4933
vn -0.8572 0.1845 -0.4808
vn -0.9463 0.1280 -0.2970
vn -0.6201 0.4039 -0.6726
vn -0.7803 0.1626 -0.6039
vn 0.1007 0.6532 0.7505
vn 0.3621 0.2838 0.8879
vn 0.3726 0.5226 0.7669
vn 0.3118 0.7664 0.5616
vn -0.8530 -0.0199 -0.5216
vn -0.4944 0.5903 -0.6381
vn -0.7517 0.5529 0.3594
vn 0.5629 -0.0227 -0.8262
vn 0.5579 -0.0033 -0.8299
vn 0.4079 0.0036 -0.9130
vn 0.3975 -0.0228 -0.9173
vn 0.5319 0.0729 -0.8437
vn 0.3832 0.0396 -0.9228
vn -0.6041 0.5758 -0.5509
vn -0.6455 0.4649 -0.6060
vn -0.6782 0.3339 -0.6546
vn -0.6980 0.1839 -0.6921
vn 0.9507 -0.0518 -0.3059
vn 0.9494 0.0110 -0.3137
vn 0.9500 -0.0028 -0.3121
vn 0.9165 0.0678 -0.3943
vn 0.9407 0.0677 -0.3325
vn 0.4933 0.0349 0.8692
vn 0.5071 0.0793 0.8582
vn 0.4782 0.0491 0.8769
vn 0.4784 0.2311 -0.8472
vn 0.5462 0.4193 -0.7252
vn 0.7534 0.1392 -0.6426
vn 0.8556 0.1188 -0.5037
vn 0.9291 0.1173 -0.3508
vn 0.7751 0.1538 -0.6128
vn 0.8738 0.1552 -0.4609
vn 0.5623 0.4496 0.6940
vn 0.4429 0.8036 0.3977
vn 0.8263 0.5613 0.0473
vn 0.9197 0.1535 -0.3614
vn -0.0179 0.2052 -0.9786
vn -0.0418 0.1096 -0.9931
vn -0.0046 0.1527 -0.9883
vn 0.7860 0.2046 -0.5834
vn 0.7031 0.1978 -0.6831
vn 0.6753 -0.1117 0.7291
vn 0.8427 0.2075 -0.4968
vn -0.1431 -0.0017 0.9897
vn 0.9587 0.1913 0.2105
vn 0.8843 0.0277 -0.4661
vn -0.1340 0.0169 -0.9908
vn 0.5532 0.0792 0.8293
vn 0.5572 0.0476 0.8290
vn 0.5836 0.0234 0.8117
vn 0.5159 0.1112 0.8494
vn 0.4537 0.0879 0.8868
vn 0.5685 0.1450 0.8098
vn 0.0508 0.9960 0.0730
vn 0.0610 0.9973 0.0408
vn 0.0593 0.9972 0.0460
vn 0.0737 0.9973 0.0003
vn -0.0456 0.9887 0.1429
vn -0.0476 0.9921 0.1161
vn -0.0462 0.9898 0.1344
vn -0.1165 0.9842 -0.1335
vn -0.1072 0.9853 -0.1329
vn -0.1027 0.9858 -0.1326
vn -0.0721 0.9890 -0.1291
vn -0.0484 0.9799 -0.1934
vn -0.0286 0.9919 -0.1235
vn -0.0094 0.9828 -0.1845
vn 0.0632 0.9116 -0.4063
vn -0.8371 0.4134 0.3582
vn -0.5369 0.7834 -0.3131
vn -0.0337 0.9992 -0.0208
vn -0.7125 0.4280 0.5561
vn 0.4984 0.2434 -0.8321
vn 0.2477 0.0096 -0.9688
vn 0.2171 -0.0221 -0.9759
vn 0.2437 0.0070 -0.9698
vn 0.1941 -0.0420 -0.9801
vn -0.0491 0.9943 0.0945
vn 0.4015 0.4337 -0.8067
vn 0.4358 0.4981 -0.7496
vn 0.5210 0.6770 -0.5198
vn 0.0890 0.1174 -0.9891
vn -0.0265 0.0349 -0.9990
vn -0.0671 0.0057 -0.9977
vn -0.9956 -0.0781 -0.0525
vn -0.9978 -0.0164 -0.0638
vn -0.9991 -0.0263 -0.0332
vn -0.9982 -0.0596 -0.0065
vn -0.9972 0.0329 -0.0664
vn -0.9972 0.0331 -0.0666
vn -0.9720 0.2351 -0.0011
vn -0.9876 0.1568 -0.0121
vn -0.9880 0.1534 -0.0173
vn -0.9453 0.3227 -0.0477
vn 0.1243 0.9922 0.0093
vn -0.1754 0.1216 0.9770
vn -0.2558 0.2950 0.9206
vn -0.2655 0.3346 0.9042
vn -0.1261 0.0450 0.9910
vn -0.3118 0.5528 0.7728
vn 0.7975 0.4027 0.4493
vn 0.9602 0.2283 0.1607
vn 0.9225 0.3085 0.2320
vn -0.3043 -0.0354 -0.9519
vn -0.9901 0.1303 -0.0523
vn -0.0662 -0.0510 0.9965
vn -0.0637 -0.0556 0.9964
vn -0.9984 -0.0418 0.0374
vn 0.3597 0.1285 -0.9242
vn -0.8561 0.0827 -0.5101
vn 0.0084 0.9928 -0.1199
vn 0.0271 0.9783 -0.2053
vn 0.0018 0.9959 -0.0899
vn -0.2745 -0.1698 -0.9465
vn -0.2010 -0.1424 -0.9692
vn -0.1982 -0.1413 -0.9699
vn -0.8533 -0.0569 -0.5182
vn -0.8897 -0.0650 -0.4518
vn -0.8516 -0.0791 -0.5183
vn -0.0497 0.0105 -0.9987
vn -0.0621 -0.0112 -0.9980
vn 0.0503 0.3326 -0.9417
vn 0.0520 0.3420 -0.9383
vn -0.9209 0.0081 -0.3897
vn -0.9443 -0.0837 -0.3182
vn -0.9309 -0.0009 -0.3652
vn -0.9289 0.1045 -0.3553
vn -0.8988 0.2857 -0.3326
vn -0.9891 0.1304 -0.0688
vn -0.9889 0.1391 -0.0525
vn -0.9783 0.1832 -0.0966
vn -0.9641 0.2166 -0.1536
vn -0.4360 0.0277 -0.8995
vn -0.4301 0.0235 -0.9025
vn -0.4105 0.0098 -0.9118
vn -0.4598 0.0301 -0.8875
vn -0.4061 0.0157 -0.9137
vn -0.9948 0.0746 -0.0696
vn -0.9953 0.0687 -0.0683
vn -0.4546 0.2598 -0.8520
vn -0.2218 0.3423 -0.9130
vn -0.2715 0.1845 -0.9446
vn -0.4641 0.1280 -0.8765
vn 0.0320 0.4039 -0.9142
vn -0.1302 0.1626 -0.9781
vn -0.4561 0.6532 0.6045
vn -0.3668 0.2838 0.8859
vn -0.2743 0.5226 0.8073
vn -0.1731 0.7664 0.6186
vn -0.2398 -0.0199 -0.9706
vn 0.0970 0.5903 -0.8014
vn -0.7872 0.5529 -0.2730
vn 0.9812 -0.0227 -0.1917
vn 0.9802 -0.0033 -0.1979
vn 0.9320 0.0036 -0.3624
vn 0.9276 -0.0228 -0.3728
vn 0.9714 0.0729 -0.2259
vn 0.9213 0.0396 -0.3868
vn -0.0422 0.5758 -0.8165
vn -0.0329 0.4649 -0.8848
vn -0.0220 0.3339 -0.9424
vn -0.0097 0.1839 -0.9829
vn 0.8911 -0.0518 0.4509
vn 0.8957 0.0110 0.4445
vn 0.8950 -0.0028 0.4460
vn 0.9289 0.0678 0.3640
vn 0.9027 0.0677 0.4249
vn -0.2603 0.0349 0.9649
vn -0.2428 0.0793 0.9668
vn -0.2765 0.0491 0.9598
vn 0.9358 0.2311 -0.2661
vn 0.8982 0.4193 -0.1316
vn 0.9876 0.1392 0.0728
vn 0.9626 0.1188 0.2434
vn 0.9073 0.1173 0.4038
vn 0.9820 0.1538 0.1093
vn 0.9454 0.1552 0.2866
vn -0.0881 0.4496 0.8889
vn 0.0353 0.8036 0.5942
vn 0.5543 0.5613 0.6146
vn 0.9081 0.1535 0.3897
vn 0.6753 0.2052 -0.7084
vn 0.6685 0.1096 -0.7356
vn 0.6916 0.1527 -0.7059
vn 0.9691 0.2046 0.1378
vn 0.9802 0.1978 0.0086
vn -0.0324 -0.1117 0.9932
vn 0.9485 0.2075 0.2393
vn -0.7976 -0.0017 0.6032
vn 0.5337 0.1913 0.8237
vn 0.9565 0.0277 0.2904
vn 0.6014 0.0169 -0.7988
vn -0.1898 0.0791 0.9786
vn -0.1867 0.0476 0.9813
vn -0.1557 0.0234 0.9875
vn -0.2304 0.1112 0.9667
vn -0.3009 0.0879 0.9496
vn -0.1651 0.1450 0.9756
vn -0.0152 0.9960 0.0876
vn 0.0147 0.9973 0.0719
vn 0.0099 0.9972 0.0744
vn 0.0522 0.9973 0.0520
vn -0.1329 0.9887 0.0696
vn -0.1155 0.9921 0.0491
vn -0.1274 0.9898 0.0631
vn 0.0110 0.9842 -0.1768
vn 0.0172 0.9853 -0.1699
vn 0.0202 0.9858 -0.1665
vn 0.0395 0.9890 -0.1425
vn 0.1015 0.9799 -0.1716
vn 0.0665 0.9919 -0.1079
vn 0.1230 0.9828 -0.1378
vn 0.3306 0.9116 -0.2445
vn -0.8471 0.4134 -0.3339
vn -0.1616 0.7834 -0.6001
vn -0.0093 0.9992 -0.0385
vn -0.8976 0.4280 -0.1056
vn 0.9394 0.2434 -0.2412
vn 0.8573 0.0096 -0.5147
vn 0.8406 -0.0221 -0.5413
vn 0.8552 0.0070 -0.5182
vn 0.8272 -0.0420 -0.5604
vn -0.1014 0.9943 0.0327
vn 0.8527 0.4337 -0.2913
vn 0.8370 0.4981 -0.2266
vn 0.7360 0.6770 -0.0033
vn 0.7587 0.1174 -0.6407
vn 0.6836 0.0349 -0.7290
vn 0.6538 0.0057 -0.7567
vn -0.9867 -0.0781 -0.1423
vn -0.9880 -0.0164 -0.1538
vn -0.9920 -0.0263 -0.1235
vn -0.9935 -0.0596 -0.0968
vn -0.9871 0.0329 -0.1564
vn -0.9871 0.0331 -0.1565
vn -0.9679 0.2351 -0.0890
vn -0.9824 0.1568 -0.1014
vn -0.9824 0.1534 -0.1066
vn -0.9371 0.3226 -0.1330
vn 0.1229 0.9922 0.0205
vn -0.2631 0.1216 0.9571
vn -0.3380 0.2950 0.8937
vn -0.3462 0.3346 0.8765
vn -0.2153 0.0450 0.9755
vn -0.3804 0.5528 0.7415
vn 0.7536 0.4027 0.5196
vn 0.9418 0.2283 0.2469
vn 0.8977 0.3085 0.3145
vn -0.2169 -0.0354 -0.9755
vn -0.9813 0.1303 -0.1417
vn -0.1561 -0.0510 0.9864
vn -0.1536 -0.0556 0.9866
vn -0.9977 -0.0418 -0.0531
vn 0.4418 0.1285 -0.8878
vn -0.8065 0.0827 -0.5854
vn 0.0192 0.9928 -0.1186
vn 0.0456 0.9783 -0.2020
vn 0.0100 0.9959 -0.0894
vn -0.1878 -0.1698 -0.9674
vn -0.1125 -0.1424 -0.9834
vn -0.1096 -0.1413 -0.9839
vn -0.8030 -0.0569 -0.5933
vn -0.8452 -0.0650 -0.5305
vn -0.8012 -0.0791 -0.5932
vn 0.0409 0.0105 -0.9991
vn 0.0284 -0.0112 -0.9995
vn 0.1353 0.3326 -0.9333
vn 0.1367 0.3420 -0.9297
vn -0.8819 0.0081 -0.4714
vn -0.9117 -0.0837 -0.4023
vn -0.8941 -0.0009 -0.4479
vn -0.8930 0.1045 -0.4378
vn -0.8650 0.2857 -0.4125
vn -0.9788 0.1304 -0.1580
vn -0.9801 0.1391 -0.1417
vn -0.9656 0.1832 -0.1847
vn -0.9463 0.2166 -0.2402
vn -0.3528 0.0277 -0.9353
vn -0.3467 0.0235 -0.9377
vn -0.3264 0.0098 -0.9452
vn -0.3777 0.0301 -0.9254
vn -0.3218 0.0157 -0.9467
vn -0.9844 0.0746 -0.1593
vn -0.9850 0.0687 -0.1580
vn -0.3756 0.2598 -0.8896
vn -0.1383 0.3423 -0.9294
vn -0.1850 0.1845 -0.9653
vn -0.3829 0.1280 -0.9149
vn 0.1145 0.4039 -0.9076
vn -0.0412 0.1626 -0.9858
vn -0.5089 0.6532 0.5607
vn -0.4454 0.2838 0.8491
vn -0.3462 0.5226 0.7791
vn -0.2284 0.7664 0.6004
vn -0.1510 -0.0199 -0.9883
vn 0.1691 0.5903 -0.7893
vn -0.7593 0.5529 -0.3431
vn 0.9945 -0.0227 -0.1021
vn 0.9941 -0.0033 -0.1084
vn 0.9610 0.0036 -0.2766
vn 0.9576 -0.0228 -0.2874
vn 0.9879 0.0729 -0.1371
vn 0.9525 0.0396 -0.3019
vn 0.0318 0.5758 -0.8170
vn 0.0473 0.4649 -0.8841
vn 0.0633 0.3339 -0.9405
vn 0.0793 0.1839 -0.9797
vn 0.8466 -0.0518 0.5297
vn 0.8518 0.0110 0.5237
vn 0.8510 -0.0028 0.5252
vn 0.8922 0.0678 0.4465
vn 0.8606 0.0677 0.5048
vn -0.3466 0.0349 0.9374
vn -0.3293 0.0793 0.9409
vn -0.3622 0.0491 0.9308
vn 0.9561 0.2311 -0.1803
vn 0.9065 0.4193 -0.0498
vn 0.9769 0.1392 0.1618
vn 0.9367 0.1188 0.3295
vn 0.8670 0.1173 0.4842
vn 0.9681 0.1538 0.1977
vn 0.9156 0.1552 0.3710
vn -0.1682 0.4496 0.8773
vn -0.0186 0.8036 0.5949
vn 0.4964 0.5613 0.6623
vn 0.8691 0.1535 0.4702
vn 0.7366 0.2052 -0.6444
vn 0.7323 0.1096 -0.6721
vn 0.7526 0.1527 -0.6405
vn 0.9527 0.2046 0.2249
vn 0.9754 0.1978 0.0973
vn -0.1221 -0.1117 0.9862
vn 0.9230 0.2075 0.3241
vn -0.8489 -0.0018 0.5285
vn 0.4570 0.1913 0.8686
vn 0.9263 0.0277 0.3757
vn 0.6712 0.0169 -0.7411
vn -0.2775 0.0791 0.9575
vn -0.2747 0.0476 0.9603
vn -0.2444 0.0234 0.9694
vn -0.3169 0.1112 0.9419
vn -0.3856 0.0879 0.9185
vn -0.2526 0.1450 0.9566
vn -0.0231 0.9960 0.0858
vn 0.0081 0.9973 0.0729
vn 0.0031 0.9972 0.0750
vn 0.0473 0.9973 0.0565
vn -0.1387 0.9887 0.0573
vn -0.1194 0.9921 0.0385
vn -0.1326 0.9898 0.0513
vn 0.0270 0.9842 -0.1751
vn 0.0325 0.9853 -0.1676
vn 0.0352 0.9858 -0.1639
vn 0.0522 0.9890 -0.1383
vn 0.1166 0.9799 -0.1617
vn 0.0760 0.9919 -0.1015
vn 0.1350 0.9828 -0.1261
vn 0.3513 0.9116 -0.2136
vn -0.8135 0.4134 -0.4091
vn -0.1067 0.7834 -0.6123
vn -0.0058 0.9992 -0.0392
vn -0.8844 0.4280 -0.1863
vn 0.9574 0.2434 -0.1552
vn 0.9003 0.0096 -0.4351
vn 0.8861 -0.0221 -0.4630
vn 0.8986 0.0070 -0.4387
vn 0.8745 -0.0420 -0.4833
vn -0.1039 0.9943 0.0234
vn 0.8755 0.4337 -0.2130
vn 0.8541 0.4981 -0.1500
vn 0.7333 0.6769 0.0633
vn 0.8136 0.1174 -0.5695
vn 0.7467 0.0349 -0.6642
vn 0.7196 0.0057 -0.6944
vn 0.9694 -0.0781 0.2328
vn 0.9696 -0.0164 0.2443
vn 0.9764 -0.0263 0.2145
vn 0.9803 -0.0596 0.1881
vn 0.9685 0.0329 0.2468
vn 0.9685 0.0331 0.2469
vn 0.9555 0.2351 0.1779
vn 0.9689 0.1568 0.1916
vn 0.9684 0.1534 0.1968
vn 0.9209 0.3226 0.2189
vn -0.1205 0.9922 -0.0318
vn 0.3503 0.1216 -0.9287
vn 0.4190 0.2950 -0.8587
vn 0.4256 0.3346 -0.8408
vn 0.3044 0.0450 -0.9515
vn 0.4472 0.5528 -0.7032
vn -0.7024 0.4027 -0.5869
vn -0.9150 0.2283 -0.3328
vn -0.8648 0.3085 -0.3960
vn 0.1260 -0.0354 0.9914
vn 0.9640 0.1303 0.2316
vn 0.2465 -0.0510 -0.9678
vn 0.2440 -0.0556 -0.9682
vn 0.9886 -0.0418 0.1450
vn -0.5219 0.1285 0.8433
vn 0.7490 0.0827 0.6574
vn -0.0300 0.9928 0.1164
vn -0.0640 0.9783 0.1970
vn -0.0182 0.9959 0.0881
vn 0.0977 -0.1698 0.9806
vn 0.0213 -0.1424 0.9896
vn 0.0184 -0.1413 0.9898
vn 0.7448 -0.0569 0.6649
vn 0.7926 -0.0650 0.6062
vn 0.7430 -0.0791 0.6646
vn -0.1329 0.0105 0.9911
vn -0.1206 -0.0112 0.9926
vn -0.2209 0.3326 0.9168
vn -0.2219 0.3420 0.9131
vn 0.8346 0.0081 0.5508
vn 0.8706 -0.0837 0.4848
vn 0.8489 -0.0009 0.5285
vn 0.8487 0.1045 0.5184
vn 0.8232 0.2857 0.4906
vn 0.9600 0.1304 0.2477
vn 0.9628 0.1391 0.2316
vn 0.9444 0.1832 0.2731
vn 0.9200 0.2166 0.3265
vn 0.2650 0.0277 0.9638
vn 0.2586 0.0235 0.9657
vn 0.2377 0.0098 0.9713
vn 0.2907 0.0301 0.9564
vn 0.2331 0.0157 0.9723
vn 0.9655 0.0746 0.2495
vn 0.9662 0.0687 0.2483
vn 0.2919 0.2598 0.9205
vn 0.0519 0.3423 0.9381
vn 0.0951 0.1845 0.9782
vn 0.2968 0.1280 0.9463
vn -0.1978 0.4039 0.8931
vn -0.0500 0.1626 0.9854
vn 0.5584 0.6532 -0.5114
vn 0.5219 0.2838 -0.8044
vn 0.4166 0.5226 -0.7439
vn 0.2828 0.7664 -0.5767
vn 0.0591 -0.0199 0.9981
vn -0.2413 0.5903 0.7703
vn 0.7244 0.5530 0.4117
vn -0.9997 -0.0227 0.0099
vn -0.9999 -0.0033 0.0162
vn -0.9824 0.0036 0.1867
vn -0.9800 -0.0228 0.1978
vn -0.9963 0.0729 0.0454
vn -0.9763 0.0396 0.2127
vn -0.1071 0.5758 0.8106
vn -0.1287 0.4649 0.8760
vn -0.1499 0.3339 0.9306
vn -0.1694 0.1839 0.9682
vn -0.7941 -0.0518 -0.6055
vn -0.7999 0.0110 -0.6001
vn -0.7989 -0.0028 -0.6015
vn -0.8472 0.0678 -0.5270
vn -0.8103 0.0677 -0.5821
vn 0.4316 0.0349 -0.9014
vn 0.4147 0.0793 -0.9065
vn 0.4466 0.0491 -0.8934
vn -0.9686 0.2311 0.0913
vn -0.9072 0.4193 -0.0340
vn -0.9578 0.1392 -0.2513
vn -0.9022 0.1188 -0.4145
vn -0.8186 0.1173 -0.5622
vn -0.9457 0.1538 -0.2862
vn -0.8774 0.1552 -0.4539
vn 0.2484 0.4496 -0.8580
vn 0.0734 0.8036 -0.5907
vn -0.4332 0.5613 -0.7052
vn -0.8220 0.1535 -0.5484
vn -0.7930 0.2052 0.5737
vn -0.7912 0.1096 0.6016
vn -0.8086 0.1527 0.5683
vn -0.9278 0.2046 -0.3119
vn -0.9623 0.1978 -0.1869
vn 0.2126 -0.1117 -0.9707
vn -0.8891 0.2075 -0.4079
vn 0.8941 -0.0017 -0.4479
vn -0.3749 0.1913 -0.9071
vn -0.8877 0.0277 -0.4596
vn -0.7367 0.0169 0.6760
vn 0.3647 0.0791 -0.9278
vn 0.3622 0.0476 -0.9309
vn 0.3328 0.0234 -0.9427
vn 0.4025 0.1112 -0.9087
vn 0.4687 0.0879 -0.8790
vn 0.3399 0.1450 -0.9292
vn 0.0309 0.9960 -0.0833
vn -0.0013 0.9973 -0.0733
vn 0.0038 0.9972 -0.0749
vn -0.0418 0.9973 -0.0607
vn 0.1434 0.9887 -0.0442
vn 0.1225 0.9921 -0.0273
vn 0.1368 0.9898 -0.0389
vn -0.0430 0.9842 0.1719
vn -0.0478 0.9853 0.1639
vn -0.0502 0.9858 0.1600
vn -0.0648 0.9890 0.1329
vn -0.1310 0.9799 0.1502
vn -0.0850 0.9919 0.0940
vn -0.1460 0.9828 0.1131
vn -0.3695 0.9116 0.1802
vn 0.7722 0.4134 0.4825
vn 0.0497 0.7834 0.6195
vn 0.0022 0.9992 0.0396
vn 0.8634 0.4280 0.2672
vn -0.9677 0.2434 0.0662
vn -0.9367 0.0096 0.3501
vn -0.9250 -0.0221 0.3793
vn -0.9352 0.0070 0.3539
vn -0.9153 -0.0420 0.4005
vn 0.1056 0.9943 -0.0137
vn -0.8915 0.4337 0.1313
vn -0.8643 0.4981 0.0705
vn -0.7243 0.6770 -0.1307
vn -0.8627 0.1174 0.4920
vn -0.8048 0.0349 0.5925
vn -0.7806 0.0057 0.6250
vn -0.9526 -0.0781 -0.2940
vn -0.9520 -0.0164 -0.3055
vn -0.9607 -0.0263 -0.2762
vn -0.9664 -0.0596 -0.2501
vn -0.9508 0.0329 -0.3080
vn -0.9508 0.0331 -0.3081
vn -0.9423 0.2351 -0.2384
vn -0.9547 0.1568 -0.2529
vn -0.9539 0.1534 -0.2581
vn -0.9051 0.3226 -0.2771
vn 0.1182 0.9922 0.0394
vn -0.4087 0.1216 0.9045
vn -0.4729 0.2950 0.8303
vn -0.4783 0.3346 0.8120
vn -0.3644 0.0450 0.9302
vn -0.4911 0.5528 0.6733
vn 0.6636 0.4027 0.6304
vn 0.8919 0.2283 0.3904
vn 0.8379 0.3085 0.4503
vn -0.0626 -0.0354 -0.9974
vn -0.9473 0.1303 -0.2926
vn -0.3076 -0.0510 0.9501
vn -0.3051 -0.0556 0.9507
vn -0.9773 -0.0418 -0.2076
vn 0.5745 0.1285 -0.8083
vn -0.7056 0.0827 -0.7037
vn 0.0374 0.9928 -0.1142
vn 0.0764 0.9783 -0.1925
vn 0.0237 0.9959 -0.0868
vn -0.0350 -0.1698 -0.9849
vn 0.0418 -0.1424 -0.9889
vn 0.0447 -0.1413 -0.9890
vn -0.7009 -0.0569 -0.7110
vn -0.7524 -0.0650 -0.6554
vn -0.6992 -0.0791 -0.7105
vn 0.1957 0.0105 -0.9806
vn 0.1835 -0.0112 -0.9830
vn 0.2788 0.3326 -0.9009
vn 0.2796 0.3420 -0.8972
vn -0.7978 0.0081 -0.6028
vn -0.8380 -0.0837 -0.5392
vn -0.8135 -0.0009 -0.5815
vn -0.8140 0.1045 -0.5714
vn -0.7903 0.2856 -0.5420
vn -0.9423 0.1304 -0.3083
vn -0.9461 0.1391 -0.2924
vn -0.9251 0.1832 -0.3327
vn -0.8974 0.2166 -0.3844
vn -0.2031 0.0277 -0.9788
vn -0.1966 0.0235 -0.9802
vn -0.1754 0.0098 -0.9844
vn -0.2292 0.0301 -0.9729
vn -0.1707 0.0157 -0.9852
vn -0.9477 0.0746 -0.3104
vn -0.9485 0.0687 -0.3093
vn -0.2327 0.2598 -0.9372
vn 0.0080 0.3423 -0.9395
vn -0.0326 0.1845 -0.9823
vn -0.2359 0.1280 -0.9633
vn 0.2543 0.4039 -0.8787
vn 0.1126 0.1626 -0.9802
vn -0.5899 0.6532 0.4748
vn -0.5721 0.2838 0.7695
vn -0.4631 0.5226 0.7158
vn -0.3189 0.7664 0.5575
vn 0.0045 -0.0199 -0.9998
vn 0.2898 0.5903 -0.7534
vn -0.6967 0.5529 -0.4570
vn 0.9983 -0.0227 0.0538
vn 0.9989 -0.0033 0.0475
vn 0.9923 0.0036 -0.1238
vn 0.9906 -0.0228 -0.1350
vn 0.9972 0.0729 0.0182
vn 0.9879 0.0396 -0.1501
vn 0.1585 0.5758 -0.8021
vn 0.1842 0.4649 -0.8660
vn 0.2088 0.3339 -0.9192
vn 0.2307 0.1839 -0.9555
vn 0.7540 -0.0518 0.6549
vn 0.7600 0.0110 0.6498
vn 0.7590 -0.0028 0.6511
vn 0.8119 0.0678 0.5798
vn 0.7716 0.0677 0.6325
vn -0.4881 0.0349 0.8721
vn -0.4716 0.0793 0.8782
vn -0.5025 0.0491 0.8632
vn 0.9725 0.2311 -0.0295
vn 0.9032 0.4193 0.0917
vn 0.9399 0.1392 0.3118
vn 0.8740 0.1188 0.4711
vn 0.7812 0.1173 0.6132
vn 0.9256 0.1538 0.3458
vn 0.8467 0.1552 0.5089
vn -0.3026 0.4496 0.8404
vn -0.1109 0.8036 0.5848
vn 0.3874 0.5613 0.7314
vn 0.7854 0.1535 0.5996
vn 0.8279 0.2052 -0.5220
vn 0.8279 0.1096 -0.5500
vn 0.8431 0.1527 -0.5156
vn 0.9061 0.2046 0.3704
vn 0.9484 0.1978 0.2478
vn -0.2740 -0.1117 0.9552
vn 0.8613 0.2075 0.4637
vn -0.9208 -0.0017 0.3901
vn 0.3164 0.1913 0.9292
vn 0.8566 0.0277 0.5152
vn 0.7783 0.0169 -0.6277
vn -0.4230 0.0792 0.9026
vn -0.4207 0.0476 0.9059
vn -0.3922 0.0234 0.9196
vn -0.4595 0.1112 0.8812
vn -0.5237 0.0879 0.8474
vn -0.3983 0.1450 0.9057
vn -0.0361 0.9960 0.0812
vn -0.0033 0.9973 0.0733
vn -0.0086 0.9972 0.0746
vn 0.0379 0.9973 0.0632
vn -0.1459 0.9887 0.0350
vn -0.1240 0.9921 0.0194
vn -0.1389 0.9898 0.0301
vn 0.0539 0.9842 -0.1688
vn 0.0581 0.9853 -0.1605
vn 0.0602 0.9858 -0.1565
vn 0.0731 0.9890 -0.1285
vn 0.1403 0.9799 -0.1416
vn 0.0908 0.9919 -0.0884
vn 0.1529 0.9828 -0.1036
vn 0.3803 0.9116 -0.1563
vn -0.7399 0.4134 -0.5307
vn -0.0102 0.7834 -0.6214
vn 0.0003 0.9992 -0.0396
vn -0.8446 0.4280 -0.3216
vn 0.9699 0.2434 -0.0045
vn 0.9570 0.0096 -0.2898
vn 0.9473 -0.0221 -0.3196
vn 0.9559 0.0070 -0.2937
vn 0.9390 -0.0420 -0.3414
vn -0.1063 0.9943 0.0069
vn 0.8980 0.4337 -0.0742
vn 0.8670 0.4981 -0.0153
vn 0.7145 0.6770 0.1766
vn 0.8922 0.1174 -0.4361
vn 0.8409 0.0349 -0.5400
vn 0.8188 0.0057 -0.5741
vn 0.6906 -0.0781 -0.7190
vn 0.7007 -0.0164 -0.7133
vn 0.6784 -0.0263 -0.7342
vn 0.6576 -0.0596 -0.7510
vn 0.7023 0.0329 -0.7111
vn 0.7024 0.0331 -0.7110
vn 0.6363 0.2351 -0.7347
vn 0.6549 0.1568 -0.7393
vn 0.6591 0.1534 -0.7363
vn 0.6542 0.3226 -0.6841
vn -0.0883 0.9922 0.0879
vn -0.6245 0.1216 -0.7715
vn -0.5293 0.2950 -0.7955
vn -0.5106 0.3346 -0.7921
vn -0.6673 0.0450 -0.7434
vn -0.3809 0.5528 -0.7412
vn -0.8614 0.4027 0.3096
vn -0.7495 0.2283 0.6215
vn -0.7787 0.3085 0.5463
vn 0.9192 -0.0354 0.3922
vn 0.6870 0.1303 -0.7149
vn -0.7107 -0.0510 -0.7017
vn -0.7123 -0.0556 -0.6997
vn 0.6245 -0.0418 -0.7799
vn 0.4640 0.1285 0.8764
vn 0.9457 0.0827 -0.3143
vn 0.0852 0.9928 0.0847
vn 0.1376 0.9783 0.1548
vn 0.0668 0.9959 0.0602
vn 0.8956 -0.1698 0.4112
vn 0.8647 -0.1424 0.4816
vn 0.8635 -0.1413 0.4842
vn 0.9501 -0.0569 -0.3068
vn 0.9236 -0.0650 -0.3778
vn 0.9489 -0.0791 -0.3054
vn 0.7881 0.0105 0.6154
vn 0.7957 -0.0112 0.6056
vn 0.6796 0.3326 0.6538
vn 0.6759 0.3420 0.6528
vn 0.8970 0.0081 -0.4420
vn 0.8582 -0.0837 -0.5064
vn 0.8850 -0.0009 -0.4656
vn 0.8762 0.1045 -0.4705
vn 0.8393 0.2856 -0.4626
vn 0.6988 0.1304 -0.7033
vn 0.6863 0.1391 -0.7139
vn 0.7128 0.1832 -0.6770
vn 0.7466 0.2166 -0.6290
vn 0.9657 0.0277 0.2583
vn 0.9640 0.0235 0.2647
vn 0.9583 0.0098 0.2856
vn 0.9722 0.0301 0.2324
vn 0.9569 0.0157 0.2901
vn 0.7031 0.0746 -0.7072
vn 0.7024 0.0687 -0.7084
vn 0.9418 0.2598 0.2131
vn 0.8358 0.3423 0.4292
vn 0.8922 0.1845 0.4122
vn 0.9666 0.1280 0.2220
vn 0.6708 0.4039 0.6220
vn 0.8252 0.1626 0.5410
vn -0.1592 0.6532 -0.7403
vn -0.4305 0.2838 -0.8568
vn -0.4315 0.5226 -0.7353
vn -0.3548 0.7664 -0.5354
vn 0.8912 -0.0199 0.4532
vn 0.5429 0.5903 0.5974
vn 0.7213 0.5529 -0.4171
vn -0.4965 -0.0227 0.8677
vn -0.4912 -0.0033 0.8710
vn -0.3352 0.0036 0.9421
vn -0.3245 -0.0228 0.9456
vn -0.4642 0.0729 0.8827
vn -0.3097 0.0396 0.9500
vn 0.6454 0.5758 0.5019
vn 0.6909 0.4649 0.5536
vn 0.7274 0.3339 0.5995
vn 0.7500 0.1839 0.6354
vn -0.9238 -0.0518 0.3794
vn -0.9220 0.0110 0.3871
vn -0.9227 -0.0028 0.3855
vn -0.8828 0.0678 0.4649
vn -0.9117 0.0677 0.4052
vn -0.5598 0.0349 -0.8279
vn -0.5727 0.0793 -0.8159
vn -0.5454 0.0491 -0.8368
vn -0.4106 0.2311 0.8821
vn -0.4877 0.4193 0.7657
vn -0.7008 0.1392 0.6996
vn -0.8136 0.1188 0.5692
vn -0.8988 0.1173 0.4224
vn -0.7248 0.1538 0.6716
vn -0.8350 0.1552 0.5279
vn -0.6149 0.4496 -0.6479
vn -0.4727 0.8036 -0.3618
vn -0.8275 0.5613 0.0175
vn -0.8886 0.1535 0.4323
vn 0.0944 0.2052 0.9742
vn 0.1194 0.1096 0.9868
vn 0.0819 0.1527 0.9849
vn -0.7379 0.2046 0.6431
vn -0.6475 0.1978 0.7360
vn -0.7303 -0.1117 -0.6740
vn -0.8012 0.2075 0.5612
vn 0.0652 -0.0017 -0.9979
vn -0.9722 0.1913 -0.1348
vn -0.8451 0.0277 0.5339
vn 0.2111 0.0169 0.9773
vn -0.6164 0.0792 -0.7835
vn -0.6204 0.0476 -0.7829
vn -0.6454 0.0234 -0.7635
vn -0.5808 0.1112 -0.8064
vn -0.5217 0.0879 -0.8486
vn -0.6302 0.1450 -0.7628
vn -0.0563 0.9960 -0.0688
vn -0.0640 0.9973 -0.0359
vn -0.0627 0.9972 -0.0412
vn -0.0735 0.9973 0.0055
vn 0.0343 0.9887 -0.1460
vn 0.0383 0.9921 -0.1195
vn 0.0356 0.9898 -0.1376
vn 0.1266 0.9842 0.1240
vn 0.1173 0.9853 0.1241
vn 0.1127 0.9858 0.1241
vn 0.0820 0.9890 0.1231
vn 0.0634 0.9799 0.1890
vn 0.0382 0.9919 0.1209
vn 0.0238 0.9828 0.1832
vn -0.0312 0.9116 0.4100
vn 0.8065 0.4134 -0.4227
vn 0.5597 0.7834 0.2701
vn 0.0353 0.9992 0.0181
vn 0.6668 0.4280 -0.6101
vn -0.4317 0.2434 0.8685
vn -0.1711 0.0096 0.9852
vn -0.1401 -0.0221 0.9899
vn -0.1671 0.0070 0.9859
vn -0.1168 -0.0420 0.9923
vn 0.0416 0.9943 -0.0981
vn -0.3371 0.4337 0.8356
vn -0.3758 0.4981 0.7814
vn -0.4788 0.6770 0.5590
vn -0.0113 0.1174 0.9930
vn 0.1047 0.0349 0.9939
vn 0.1450 0.0057 0.9894
vn -0.5045 -0.0781 0.8599
vn -0.5156 -0.0164 0.8567
vn -0.4890 -0.0263 0.8719
vn -0.4649 -0.0596 0.8834
vn -0.5177 0.0329 0.8550
vn -0.5178 0.0331 0.8549
vn -0.4480 0.2351 0.8626
vn -0.4650 0.1568 0.8713
vn -0.4698 0.1534 0.8694
vn -0.4771 0.3226 0.8175
vn 0.0654 0.9922 -0.1060
vn 0.7868 0.1216 0.6051
vn 0.6998 0.2950 0.6505
vn 0.6808 0.3346 0.6516
vn 0.8219 0.0450 0.5678
vn 0.5428 0.5528 0.6323
vn 0.7657 0.4027 -0.5015
vn 0.5843 0.2283 -0.7787
vn 0.6303 0.3085 -0.7124
vn -0.9852 -0.0354 -0.1676
vn -0.5018 0.1303 0.8551
vn 0.8544 -0.0510 0.5171
vn 0.8555 -0.0556 0.5148
vn -0.4260 -0.0418 0.9037
vn -0.6552 0.1285 -0.7445
vn -0.8467 0.0827 0.5256
vn -0.1026 0.9928 -0.0626
vn -0.1698 0.9783 -0.1185
vn -0.0790 0.9959 -0.0430
vn -0.9667 -0.1698 -0.1916
vn -0.9530 -0.1424 -0.2673
vn -0.9524 -0.1413 -0.2701
vn -0.8527 -0.0569 0.5194
vn -0.8104 -0.0650 0.5822
vn -0.8518 -0.0791 0.5178
vn -0.9097 0.0105 -0.4152
vn -0.9148 -0.0112 -0.4039
vn -0.8130 0.3326 -0.4778
vn -0.8092 0.3420 -0.4777
vn -0.7696 0.0081 0.6385
vn -0.7169 -0.0837 0.6922
vn -0.7525 -0.0009 0.6586
vn -0.7427 0.1045 0.6614
vn -0.7087 0.2857 0.6451
vn -0.5160 0.1304 0.8466
vn -0.5014 0.1391 0.8539
vn -0.5358 0.1832 0.8243
vn -0.5798 0.2166 0.7854
vn -0.9993 0.0277 -0.0266
vn -0.9992 0.0235 -0.0332
vn -0.9984 0.0098 -0.0548
vn -0.9995 0.0301 0.0001
vn -0.9981 0.0157 -0.0596
vn -0.5193 0.0746 0.8513
vn -0.5184 0.0687 0.8524
vn -0.9656 0.2598 0.0118
vn -0.9127 0.3423 -0.2230
vn -0.9636 0.1845 -0.1933
vn -0.9917 0.1280 0.0089
vn -0.7971 0.4039 -0.4489
vn -0.9284 0.1626 -0.3342
vn 0.3270 0.6532 0.6830
vn 0.6180 0.2838 0.7332
vn 0.5907 0.5226 0.6148
vn 0.4696 0.7664 0.4382
vn -0.9722 -0.0199 -0.2335
vn -0.6669 0.5903 -0.4547
vn -0.6045 0.5530 0.5734
vn 0.2811 -0.0227 -0.9594
vn 0.2751 -0.0033 -0.9614
vn 0.1069 0.0036 -0.9943
vn 0.0956 -0.0228 -0.9952
vn 0.2462 0.0729 -0.9665
vn 0.0803 0.0396 -0.9960
vn -0.7445 0.5758 -0.3381
vn -0.8008 0.4649 -0.3777
vn -0.8469 0.3339 -0.4139
vn -0.8772 0.1839 -0.4435
vn 0.8102 -0.0518 -0.5839
vn 0.8066 0.0110 -0.5909
vn 0.8077 -0.0028 -0.5896
vn 0.7504 0.0678 -0.6574
vn 0.7925 0.0677 -0.6061
vn 0.7370 0.0349 0.6750
vn 0.7468 0.0793 0.6603
vn 0.7250 0.0491 0.6870
vn 0.1941 0.2311 -0.9534
vn 0.2962 0.4193 -0.8581
vn 0.5189 0.1392 -0.8434
vn 0.6589 0.1188 -0.7428
vn 0.7759 0.1173 -0.6199
vn 0.5487 0.1538 -0.8217
vn 0.6893 0.1552 -0.7076
vn 0.7488 0.4496 0.4871
vn 0.5438 0.8036 0.2419
vn 0.8007 0.5613 -0.2095
vn 0.7636 0.1535 -0.6271
vn -0.3184 0.2052 -0.9255
vn -0.3457 0.1096 -0.9319
vn -0.3087 0.1527 -0.9388
vn 0.5681 0.2046 -0.7971
vn 0.4585 0.1978 -0.8664
vn 0.8670 -0.1117 0.4856
vn 0.6487 0.2075 -0.7322
vn 0.1687 -0.0017 0.9857
vn 0.9769 0.1913 -0.0951
vn 0.6978 0.0277 -0.7158
vn -0.4327 0.0169 -0.9014
vn 0.7817 0.0792 0.6186
vn 0.7854 0.0476 0.6171
vn 0.8053 0.0234 0.5924
vn 0.7524 0.1112 0.6492
vn 0.7048 0.0879 0.7039
vn 0.7903 0.1450 0.5953
vn 0.0708 0.9960 0.0538
vn 0.0706 0.9973 0.0200
vn 0.0706 0.9972 0.0254
vn 0.0702 0.9973 -0.0224
vn 0.0006 0.9887 0.1500
vn -0.0095 0.9921 0.1251
vn -0.0026 0.9898 0.1421
vn -0.1519 0.9842 -0.0911
vn -0.1429 0.9853 -0.0934
vn -0.1385 0.9858 -0.0945
vn -0.1084 0.9890 -0.1006
vn -0.1056 0.9799 -0.1690
vn -0.0653 0.9919 -0.1087
vn -0.0658 0.9828 -0.1726
vn -0.0650 0.9116 -0.4060
vn -0.6861 0.4134 0.5987
vn -0.6072 0.7834 -0.1325
vn -0.0385 0.9992 -0.0094
vn -0.5066 0.4280 0.7485
vn 0.2179 0.2434 -0.9451
vn -0.0628 0.0096 -0.9980
vn -0.0940 -0.0221 -0.9953
vn -0.0668 0.0070 -0.9977
vn -0.1172 -0.0420 -0.9922
vn -0.0176 0.9943 0.1051
vn 0.1335 0.4337 -0.8911
vn 0.1837 0.4981 -0.8474
vn 0.3356 0.6770 -0.6551
vn -0.2200 0.1174 -0.9684
vn -0.3330 0.0349 -0.9423
vn -0.3712 0.0057 -0.9285
vn 0.6689 -0.0781 -0.7392
vn 0.6791 -0.0164 -0.7338
vn 0.6563 -0.0263 -0.7541
vn 0.6350 -0.0596 -0.7702
vn 0.6808 0.0329 -0.7317
vn 0.6809 0.0331 -0.7316
vn 0.6142 0.2351 -0.7533
vn 0.6326 0.1568 -0.7585
vn 0.6369 0.1534 -0.7556
vn 0.6335 0.3226 -0.7033
vn -0.0857 0.9922 0.0905
vn -0.6472 0.1216 -0.7526
vn -0.5528 0.2950 -0.7794
vn -0.5339 0.3346 -0.7765
vn -0.6892 0.0450 -0.7232
vn -0.4028 0.5528 -0.7295
vn -0.8518 0.4027 0.3351
vn -0.7306 0.2283 0.6435
vn -0.7621 0.3085 0.5692
vn 0.9305 -0.0354 0.3647
vn 0.6654 0.1303 -0.7350
vn -0.7312 -0.0510 -0.6802
vn -0.7328 -0.0556 -0.6782
vn 0.6011 -0.0418 -0.7981
vn 0.4899 0.1285 0.8622
vn 0.9359 0.0827 -0.3423
vn 0.0877 0.9928 0.0821
vn 0.1422 0.9783 0.1506
vn 0.0686 0.9959 0.0582
vn 0.9075 -0.1698 0.3843
vn 0.8787 -0.1424 0.4557
vn 0.8775 -0.1413 0.4583
vn 0.9405 -0.0569 -0.3350
vn 0.9120 -0.0650 -0.4051
vn 0.9394 -0.0791 -0.3336
vn 0.8061 0.0105 0.5917
vn 0.8134 -0.0112 0.5816
vn 0.6988 0.3326 0.6333
vn 0.6950 0.3420 0.6324
vn 0.8834 0.0081 -0.4685
vn 0.8428 -0.0837 -0.5317
vn 0.8708 -0.0009 -0.4917
vn 0.8618 0.1045 -0.4964
vn 0.8252 0.2857 -0.4873
vn 0.6775 0.1304 -0.7238
vn 0.6647 0.1391 -0.7340
vn 0.6923 0.1832 -0.6979
vn 0.7276 0.2166 -0.6510
vn 0.9729 0.0277 0.2294
vn 0.9715 0.0235 0.2359
vn 0.9664 0.0098 0.2569
vn 0.9787 0.0301 0.2033
vn 0.9651 0.0157 0.2615
vn 0.6817 0.0746 -0.7278
vn 0.6810 0.0687 -0.7290
vn 0.9478 0.2598 0.1850
vn 0.8482 0.3423 0.4041
vn 0.9041 0.1845 0.3854
vn 0.9728 0.1280 0.1931
vn 0.6890 0.4039 0.6017
vn 0.8409 0.1626 0.5162
vn -0.1811 0.6532 -0.7352
vn -0.4558 0.2838 -0.8436
vn -0.4532 0.5226 -0.7222
vn -0.3706 0.7664 -0.5246
vn 0.9043 -0.0199 0.4265
vn 0.5604 0.5903 0.5810
vn 0.7086 0.5530 -0.4384
vn -0.4705 -0.0227 0.8821
vn -0.4651 -0.0033 0.8853
vn -0.3070 0.0036 0.9517
vn -0.2962 -0.0228 0.9549
vn -0.4377 0.0729 0.8961
vn -0.2813 0.0396 0.9588
vn 0.6601 0.5758 0.4825
vn 0.7071 0.4649 0.5328
vn 0.7449 0.3339 0.5776
vn 0.7686 0.1839 0.6127
vn -0.9121 -0.0518 0.4067
vn -0.9100 0.0110 0.4144
vn -0.9108 -0.0028 0.4128
vn -0.8686 0.0678 0.4909
vn -0.8993 0.0677 0.4321
vn -0.5842 0.0349 -0.8108
vn -0.5968 0.0793 -0.7985
vn -0.5700 0.0491 -0.8202
vn -0.3841 0.2311 0.8939
vn -0.4647 0.4193 0.7799
vn -0.6797 0.1392 0.7202
vn -0.7963 0.1188 0.5931
vn -0.8858 0.1173 0.4490
vn -0.7045 0.1538 0.6929
vn -0.8189 0.1552 0.5525
vn -0.6339 0.4496 -0.6293
vn -0.4832 0.8036 -0.3475
vn -0.8266 0.5613 0.0421
vn -0.8753 0.1535 0.4585
vn 0.1234 0.2052 0.9709
vn 0.1488 0.1096 0.9828
vn 0.1112 0.1527 0.9820
vn -0.7185 0.2046 0.6648
vn -0.6253 0.1978 0.7549
vn -0.7500 -0.1117 -0.6519
vn -0.7842 0.2075 0.5848
vn 0.0354 -0.0017 -0.9994
vn -0.9758 0.1913 -0.1058
vn -0.8289 0.0277 0.5588
vn 0.2401 0.0169 0.9706
vn -0.6394 0.0791 -0.7648
vn -0.6434 0.0476 -0.7641
vn -0.6678 0.0234 -0.7439
vn -0.6046 0.1112 -0.7888
vn -0.5468 0.0879 -0.8326
vn -0.6526 0.1450 -0.7437
vn -0.0583 0.9960 -0.0670
vn -0.0650 0.9973 -0.0340
vn -0.0639 0.9972 -0.0393
vn -0.0733 0.9973 0.0076
vn 0.0299 0.9887 -0.1470
vn 0.0348 0.9921 -0.1206
vn 0.0315 0.9898 -0.1386
vn 0.1302 0.9842 0.1201
vn 0.1209 0.9853 0.1205
vn 0.1164 0.9858 0.1207
vn 0.0856 0.9890 0.1206
vn 0.0690 0.9799 0.1870
vn 0.0418 0.9919 0.1197
vn 0.0292 0.9828 0.1824
vn -0.0190 0.9116 0.4107
vn 0.7936 0.4134 -0.4465
vn 0.5675 0.7834 0.2533
vn 0.0358 0.9992 0.0171
vn 0.6483 0.4280 -0.6297
vn -0.4057 0.2434 0.8810
vn -0.1417 0.0096 0.9899
vn -0.1105 -0.0221 0.9936
vn -0.1377 0.0070 0.9905
vn -0.0872 -0.0420 0.9953
vn 0.0386 0.9943 -0.0993
vn -0.3121 0.4337 0.8453
vn -0.3524 0.4981 0.7923
vn -0.4619 0.6770 0.5730
vn 0.0183 0.1174 0.9929
vn 0.1342 0.0349 0.9903
vn 0.1744 0.0057 0.9847
vn 0.0302 -0.0781 0.9965
vn 0.0191 -0.0164 0.9997
vn 0.0496 -0.0263 0.9984
vn 0.0762 -0.0596 0.9953
vn 0.0164 0.0329 0.9993
vn 0.0163 0.0331 0.9993
vn 0.0794 0.2351 0.9687
vn 0.0697 0.1568 0.9852
vn 0.0646 0.1534 0.9861
vn 0.0308 0.3226 0.9460
vn -0.0010 0.9922 -0.1246
vn 0.9881 0.1216 0.0939
vn 0.9386 0.2950 0.1786
vn 0.9231 0.3346 0.1897
vn 0.9980 0.0450 0.0436
vn 0.7960 0.5528 0.2467
vn 0.3817 0.4027 -0.8319
vn 0.0806 0.2283 -0.9703
vn 0.1548 0.3085 -0.9385
vn -0.9235 -0.0354 0.3821
vn 0.0299 0.1303 0.9910
vn 0.9986 -0.0510 -0.0165
vn 0.9983 -0.0556 -0.0190
vn 0.1199 -0.0418 0.9919
vn -0.9508 0.1285 -0.2819
vn -0.4374 0.0827 0.8954
vn -0.1202 0.9928 0.0016
vn -0.2069 0.9783 -0.0100
vn -0.0898 0.9959 0.0056
vn -0.9205 -0.1698 0.3520
vn -0.9492 -0.1424 0.2806
vn -0.9502 -0.1413 0.2778
vn -0.4458 -0.0569 0.8933
vn -0.3766 -0.0650 0.9241
vn -0.4460 -0.0791 0.8916
vn -0.9912 0.0105 0.1322
vn -0.9894 -0.0112 0.1446
vn -0.9426 0.3326 0.0278
vn -0.9394 0.3420 0.0259
vn -0.3121 0.0081 0.9500
vn -0.2389 -0.0837 0.9674
vn -0.2869 -0.0009 0.9580
vn -0.2771 0.1045 0.9551
vn -0.2570 0.2856 0.9232
vn 0.0133 0.1304 0.9914
vn 0.0296 0.1391 0.9898
vn -0.0153 0.1832 0.9830
vn -0.0732 0.2166 0.9735
vn -0.8603 0.0277 0.5090
vn -0.8638 0.0235 0.5033
vn -0.8747 0.0098 0.4846
vn -0.8464 0.0301 0.5318
vn -0.8769 0.0157 0.4804
vn 0.0130 0.0746 0.9971
vn 0.0144 0.0687 0.9975
vn -0.8114 0.2598 0.5236
vn -0.8915 0.3423 0.2966
vn -0.9188 0.1845 0.3488
vn -0.8351 0.1280 0.5351
vn -0.9137 0.4039 0.0439
vn -0.9639 0.1626 0.2108
vn 0.6402 0.6532 0.4044
vn 0.9133 0.2838 0.2922
vn 0.8272 0.5226 0.2065
vn 0.6308 0.7664 0.1213
vn -0.9474 -0.0199 0.3193
vn -0.8066 0.5903 -0.0303
vn -0.2069 0.5529 0.8071
vn -0.2723 -0.0227 -0.9620
vn -0.2784 -0.0033 -0.9605
vn -0.4383 0.0036 -0.8988
vn -0.4483 -0.0228 -0.8936
vn -0.3056 0.0729 -0.9494
vn -0.4618 0.0396 -0.8861
vn -0.8102 0.5758 0.1097
vn -0.8790 0.4649 0.1061
vn -0.9373 0.3339 0.1000
vn -0.9787 0.1839 0.0910
vn 0.3756 -0.0518 -0.9254
vn 0.3688 0.0110 -0.9295
vn 0.3704 -0.0028 -0.9289
vn 0.2858 0.0678 -0.9559
vn 0.3487 0.0677 -0.9348
vn 0.9831 0.0349 0.1795
vn 0.9836 0.0793 0.1619
vn 0.9794 0.0491 0.1961
vn -0.3427 0.2311 -0.9106
vn -0.2056 0.4193 -0.8843
vn -0.0092 0.1392 -0.9902
vn 0.1629 0.1188 -0.9795
vn 0.3273 0.1173 -0.9376
vn 0.0276 0.1538 -0.9877
vn 0.2074 0.1552 -0.9659
vn 0.8931 0.4496 0.0142
vn 0.5892 0.8036 -0.0844
vn 0.5666 0.5613 -0.6033
vn 0.3131 0.1535 -0.9372
vn -0.7619 0.2052 -0.6143
vn -0.7884 0.1096 -0.6053
vn -0.7608 0.1527 -0.6308
vn 0.0571 0.2046 -0.9772
vn -0.0726 0.1978 -0.9776
vn 0.9925 -0.1117 -0.0499
vn 0.1599 0.2075 -0.9651
vn 0.6671 -0.0018 0.7449
vn 0.7767 0.1913 -0.6001
vn 0.2102 0.0277 -0.9773
vn -0.8458 0.0169 -0.5332
vn 0.9910 0.0791 0.1081
vn 0.9934 0.0476 0.1048
vn 0.9970 0.0234 0.0734
vn 0.9825 0.1112 0.1495
vn 0.9713 0.0879 0.2212
vn 0.9859 0.1450 0.0837
vn 0.0885 0.9960 0.0079
vn 0.0704 0.9973 -0.0206
vn 0.0733 0.9972 -0.0160
vn 0.0475 0.9973 -0.0563
vn 0.0803 0.9887 0.1267
vn 0.0585 0.9921 0.1110
vn 0.0734 0.9898 0.1217
vn -0.1771 0.9842 0.0037
vn -0.1707 0.9853 -0.0030
vn -0.1676 0.9858 -0.0063
vn -0.1453 0.9890 -0.0275
vn -0.1794 0.9799 -0.0870
vn -0.1131 0.9919 -0.0573
vn -0.1475 0.9828 -0.1112
vn -0.2710 0.9116 -0.3092
vn -0.2626 0.4134 0.8719
vn -0.5847 0.7834 0.2108
vn -0.0376 0.9992 0.0125
vn -0.0309 0.4280 0.9033
vn -0.3182 0.2434 -0.9162
vn -0.5840 0.0096 -0.8117
vn -0.6090 -0.0221 -0.7928
vn -0.5873 0.0070 -0.8094
vn -0.6270 -0.0420 -0.7779
vn 0.0410 0.9943 0.0983
vn -0.3609 0.4337 -0.8256
vn -0.2951 0.4981 -0.8153
vn -0.0642 0.6770 -0.7332
vn -0.7014 0.1174 -0.7030
vn -0.7832 0.0349 -0.6208
vn -0.8082 0.0057 -0.5889
vn 0.3281 -0.0781 -0.9414
vn 0.3396 -0.0164 -0.9404
vn 0.3106 -0.0263 -0.9502
vn 0.2847 -0.0596 -0.9568
vn 0.3420 0.0329 -0.9391
vn 0.3421 0.0331 -0.9391
vn 0.2722 0.2351 -0.9331
vn 0.2871 0.1568 -0.9450
vn 0.2922 0.1534 -0.9440
vn 0.3095 0.3227 -0.8945
vn -0.0436 0.9922 0.1167
vn -0.8892 0.1216 -0.4410
vn -0.8127 0.2950 -0.5024
vn -0.7943 0.3346 -0.5072
vn -0.9165 0.0450 -0.3976
vn -0.6552 0.5528 -0.5150
vn -0.6539 0.4027 0.6405
vn -0.4222 0.2283 0.8773
vn -0.4802 0.3085 0.8211
vn 0.9990 -0.0354 -0.0266
vn 0.3265 0.1303 -0.9362
vn -0.9385 -0.0510 -0.3416
vn -0.9391 -0.0556 -0.3392
vn 0.2426 -0.0418 -0.9692
vn 0.7871 0.1285 0.6033
vn 0.7287 0.0827 -0.6799
vn 0.1128 0.9928 0.0415
vn 0.1896 0.9783 0.0833
vn 0.0858 0.9959 0.0269
vn 0.9855 -0.1698 0.0004
vn 0.9868 -0.1424 0.0774
vn 0.9867 -0.1413 0.0803
vn 0.7357 -0.0569 -0.6749
vn 0.6821 -0.0650 -0.7284
vn 0.7353 -0.0791 -0.6732
vn 0.9729 0.0105 0.2309
vn 0.9757 -0.0112 0.2188
vn 0.8903 0.3327 0.3110
vn 0.8865 0.3420 0.3117
vn 0.6311 0.0081 -0.7756
vn 0.5690 -0.0837 -0.8180
vn 0.6104 -0.0009 -0.7921
vn 0.6003 0.1045 -0.7929
vn 0.5701 0.2856 -0.7703
vn 0.3420 0.1304 -0.9306
vn 0.3263 0.1391 -0.9350
vn 0.3657 0.1832 -0.9125
vn 0.4165 0.2166 -0.8830
vn 0.9854 0.0277 -0.1677
vn 0.9866 0.0235 -0.1612
vn 0.9901 0.0098 -0.1399
vn 0.9805 0.0301 -0.1940
vn 0.9907 0.0157 -0.1351
vn 0.3443 0.0746 -0.9359
vn 0.3432 0.0687 -0.9367
vn 0.9450 0.2598 -0.1988
vn 0.9387 0.3423 0.0418
vn 0.9828 0.1845 0.0028
vn 0.9712 0.1280 -0.2011
vn 0.8690 0.4039 0.2857
vn 0.9756 0.1626 0.1478
vn -0.4533 0.6532 -0.6066
vn -0.7484 0.2838 -0.5994
vn -0.6987 0.5226 -0.4886
vn -0.5457 0.7664 -0.3388
vn 0.9990 -0.0199 0.0405
vn 0.7425 0.5903 0.3167
vn 0.4818 0.5529 -0.6798
vn -0.0897 -0.0227 0.9957
vn -0.0835 -0.0033 0.9965
vn 0.0880 0.0036 0.9961
vn 0.0992 -0.0228 0.9948
vn -0.0540 0.0729 0.9959
vn 0.1144 0.0396 0.9926
vn 0.7959 0.5758 0.1872
vn 0.8588 0.4649 0.2152
vn 0.9111 0.3339 0.2418
vn 0.9466 0.1839 0.2649
vn -0.6816 -0.0518 0.7299
vn -0.6767 0.0110 0.7362
vn -0.6780 -0.0028 0.7350
vn -0.6087 0.0678 0.7905
vn -0.6599 0.0677 0.7483
vn -0.8539 0.0349 -0.5192
vn -0.8607 0.0793 -0.5029
vn -0.8445 0.0491 -0.5333
vn -0.0056 0.2311 0.9729
vn -0.1242 0.4193 0.8993
vn -0.3454 0.1392 0.9281
vn -0.5023 0.1188 0.8565
vn -0.6409 0.1173 0.7586
vn -0.3789 0.1538 0.9126
vn -0.5390 0.1552 0.8279
vn -0.8290 0.4496 -0.3326
vn -0.5804 0.8036 -0.1318
vn -0.7449 0.5613 0.3608
vn -0.6275 0.1535 0.7633
vn 0.4919 0.2052 0.8461
vn 0.5199 0.1096 0.8472
vn 0.4850 0.1527 0.8611
vn -0.4027 0.2046 0.8922
vn -0.2817 0.1978 0.9389
vn -0.9447 -0.1117 -0.3082
vn -0.4944 0.2075 0.8441
vn -0.3567 -0.0017 -0.9342
vn -0.9399 0.1913 0.2827
vn -0.5457 0.0277 0.8375
vn 0.5993 0.0169 0.8004
vn -0.8868 0.0791 -0.4552
vn -0.8902 0.0476 -0.4531
vn -0.9049 0.0234 -0.4250
vn -0.8641 0.1112 -0.4909
vn -0.8280 0.0879 -0.5539
vn -0.8908 0.1450 -0.4307
vn -0.0798 0.9960 -0.0390
vn -0.0731 0.9973 -0.0060
vn -0.0742 0.9972 -0.0113
vn -0.0645 0.9973 0.0356
vn -0.0297 0.9887 -0.1470
vn -0.0150 0.9921 -0.1246
vn -0.0250 0.9898 -0.1399
vn 0.1667 0.9842 0.0599
vn 0.1583 0.9853 0.0639
vn 0.1542 0.9858 0.0658
vn 0.1258 0.9890 0.0777
vn 0.1364 0.9799 0.1453
vn 0.0851 0.9919 0.0939
vn 0.0980 0.9828 0.1566
vn 0.1425 0.9116 0.3857
vn 0.5569 0.4134 -0.7204
vn 0.6214 0.7834 0.0122
vn 0.0396 0.9992 0.0018
vn 0.3518 0.4280 -0.8325
vn -0.0304 0.2434 0.9694
vn 0.2551 0.0096 0.9669
vn 0.2853 -0.0221 0.9582
vn 0.2591 0.0070 0.9658
vn 0.3074 -0.0421 0.9506
vn -0.0031 0.9943 -0.1065
vn 0.0419 0.4337 0.9001
vn -0.0159 0.4981 0.8670
vn -0.2022 0.6769 0.7077
vn 0.4037 0.1174 0.9073
vn 0.5094 0.0350 0.8598
vn 0.5442 0.0057 0.8389
vn 0.6333 -0.0781 0.7700
vn 0.6265 -0.0164 0.7793
vn 0.6498 -0.0263 0.7596
vn 0.6690 -0.0596 0.7409
vn 0.6241 0.0329 0.7806
vn 0.6240 0.0331 0.7807
vn 0.6553 0.2351 0.7179
vn 0.6576 0.1568 0.7368
vn 0.6541 0.1534 0.7407
vn 0.6029 0.3226 0.7296
vn -0.0770 0.9922 -0.0980
vn 0.8392 0.1216 -0.5300
vn 0.8519 0.2950 -0.4327
vn 0.8463 0.3346 -0.4145
vn 0.8163 0.0450 -0.5758
vn 0.7807 0.5528 -0.2916
vn -0.2068 0.4027 -0.8917
vn -0.5296 0.2283 -0.8170
vn -0.4515 0.3085 -0.8372
vn -0.4970 -0.0354 0.8670
vn 0.6297 0.1303 0.7659
vn 0.7800 -0.0510 -0.6237
vn 0.7782 -0.0556 -0.6256
vn 0.7015 -0.0418 0.7115
vn -0.9247 0.1285 0.3584
vn 0.2015 0.0827 0.9760
vn -0.0941 0.9928 0.0747
vn -0.1698 0.9783 0.1186
vn -0.0676 0.9959 0.0593
vn -0.5131 -0.1698 0.8414
vn -0.5794 -0.1424 0.8025
vn -0.5819 -0.1413 0.8009
vn 0.1936 -0.0569 0.9794
vn 0.2672 -0.0650 0.9615
vn 0.1924 -0.0791 0.9781
vn -0.7033 0.0105 0.7108
vn -0.6944 -0.0112 0.7195
vn -0.7288 0.3326 0.5985
vn -0.7274 0.3420 0.5949
vn 0.3340 0.0081 0.9425
vn 0.4026 -0.0837 0.9115
vn 0.3589 -0.0009 0.9334
vn 0.3649 0.1045 0.9252
vn 0.3612 0.2856 0.8876
vn 0.6168 0.1304 0.7762
vn 0.6287 0.1391 0.7651
vn 0.5890 0.1832 0.7871
vn 0.5374 0.2166 0.8150
vn -0.3694 0.0277 0.9289
vn -0.3756 0.0235 0.9265
vn -0.3957 0.0098 0.9183
vn -0.3444 0.0301 0.9383
vn -0.4000 0.0157 0.9164
vn 0.6201 0.0746 0.7810
vn 0.6214 0.0687 0.7805
vn -0.3218 0.2598 0.9105
vn -0.5240 0.3423 0.7799
vn -0.5137 0.1845 0.8379
vn -0.3335 0.1280 0.9340
vn -0.6961 0.4039 0.5935
vn -0.6338 0.1626 0.7562
vn 0.7538 0.6532 -0.0715
vn 0.9013 0.2838 -0.3274
vn 0.7807 0.5226 -0.3425
vn 0.5732 0.7664 -0.2898
vn -0.5543 -0.0199 0.8321
vn -0.6568 0.5903 0.4693
vn 0.3299 0.5529 0.7651
vn -0.8037 -0.0227 -0.5946
vn -0.8076 -0.0033 -0.5897
vn -0.8965 0.0036 -0.4431
vn -0.9012 -0.0228 -0.4328
vn -0.8224 0.0729 -0.5642
vn -0.9073 0.0396 -0.4187
vn -0.5740 0.5758 0.5823
vn -0.6306 0.4649 0.6215
vn -0.6805 0.3339 0.6523
vn -0.7187 0.1839 0.6706
vn -0.2688 -0.0518 -0.9618
vn -0.2766 0.0110 -0.9609
vn -0.2750 -0.0028 -0.9614
vn -0.3585 0.0678 -0.9311
vn -0.2958 0.0677 -0.9529
vn 0.8877 0.0349 -0.4592
vn 0.8773 0.0793 -0.4734
vn 0.8948 0.0491 -0.4438
vn -0.8280 0.2311 -0.5109
vn -0.7034 0.4193 -0.5739
vn -0.6129 0.1392 -0.7778
vn -0.4701 0.1188 -0.8745
vn -0.3144 0.1173 -0.9420
vn -0.5822 0.1538 -0.7983
vn -0.4266 0.1552 -0.8910
vn 0.7153 0.4496 -0.5349
vn 0.4145 0.8036 -0.4271
vn 0.0794 0.5613 -0.8238
vn -0.3254 0.1535 -0.9330
vn -0.9785 0.2052 -0.0201
vn -0.9940 0.1096 0.0033
vn -0.9877 0.1527 -0.0338
vn -0.5524 0.2046 -0.8081
vn -0.6553 0.1978 -0.7291
vn 0.7547 -0.1117 -0.6465
vn -0.4637 0.2075 -0.8614
vn 0.9834 -0.0017 0.1814
vn 0.2475 0.1913 -0.9498
vn -0.4314 0.0277 -0.9017
vn -0.9953 0.0169 0.0954
vn 0.8502 0.0792 -0.5205
vn 0.8500 0.0476 -0.5246
vn 0.8337 0.0234 -0.5517
vn 0.8688 0.1112 -0.4825
vn 0.9037 0.0879 -0.4189
vn 0.8312 0.1450 -0.5367
vn 0.0749 0.9960 -0.0479
vn 0.0431 0.9973 -0.0593
vn 0.0482 0.9972 -0.0575
vn 0.0032 0.9973 -0.0736
vn 0.1410 0.9887 0.0511
vn 0.1142 0.9921 0.0520
vn 0.1325 0.9898 0.0514
vn -0.1379 0.9842 0.1112
vn -0.1369 0.9853 0.1020
vn -0.1365 0.9858 0.0975
vn -0.1318 0.9890 0.0670
vn -0.1951 0.9799 0.0409
vn -0.1245 0.9919 0.0238
vn -0.1847 0.9828 0.0022
vn -0.4035 0.9116 -0.0789
vn 0.3255 0.4134 0.8504
vn -0.3337 0.7834 0.5243
vn -0.0221 0.9992 0.0329
vn 0.5280 0.4280 0.7335
vn -0.8121 0.2434 -0.5303
vn -0.9584 0.0096 -0.2851
vn -0.9667 -0.0221 -0.2548
vn -0.9596 0.0070 -0.2812
vn -0.9718 -0.0420 -0.2320
vn 0.0925 0.9943 0.0528
vn -0.7905 0.4337 -0.4325
vn -0.7321 0.4981 -0.4646
vn -0.4992 0.6770 -0.5408
vn -0.9849 0.1174 -0.1273
vn -0.9993 0.0349 -0.0123
vn -0.9996 0.0057 0.0283
vn -0.9904 -0.0781 0.1138
vn -0.9945 -0.0164 0.1030
vn -0.9907 -0.0263 0.1334
vn -0.9854 -0.0596 0.1596
vn -0.9944 0.0329 0.1003
vn -0.9944 0.0331 0.1002
vn -0.9586 0.2351 0.1606
vn -0.9758 0.1568 0.1523
vn -0.9771 0.1534 0.1473
vn -0.9401 0.3226 0.1102
vn 0.1241 0.9922 -0.0115
vn -0.0105 0.1216 0.9925
vn -0.0991 0.2950 0.9503
vn -0.1114 0.3346 0.9358
vn 0.0404 0.0450 0.9982
vn -0.1789 0.5528 0.8139
vn 0.8611 0.4027 0.3104
vn 0.9736 0.2283 -0.0012
vn 0.9482 0.3085 0.0754
vn -0.4583 -0.0354 -0.8881
vn -0.9850 0.1303 0.1130
vn 0.1004 -0.0510 0.9936
vn 0.1029 -0.0556 0.9931
vn -0.9783 -0.0418 0.2029
vn 0.2010 0.1285 -0.9711
vn -0.9290 0.0827 -0.3606
vn -0.0117 0.9928 -0.1196
vn -0.0074 0.9783 -0.2070
vn -0.0131 0.9959 -0.0890
vn -0.4281 -0.1698 -0.8876
vn -0.3594 -0.1424 -0.9223
vn -0.3567 -0.1413 -0.9235
vn -0.9276 -0.0569 -0.3691
vn -0.9525 -0.0650 -0.2976
vn -0.9259 -0.0791 -0.3694
vn -0.2151 0.0105 -0.9765
vn -0.2272 -0.0112 -0.9738
vn -0.1070 0.3326 -0.9370
vn -0.1047 0.3420 -0.9339
vn -0.9729 0.0081 -0.2312
vn -0.9841 -0.0837 -0.1568
vn -0.9787 -0.0009 -0.2053
vn -0.9750 0.1045 -0.1959
vn -0.9416 0.2857 -0.1785
vn -0.9867 0.1304 0.0966
vn -0.9838 0.1391 0.1127
vn -0.9808 0.1832 0.0674
vn -0.9762 0.2166 0.0088
vn -0.5795 0.0277 -0.8145
vn -0.5741 0.0235 -0.8184
vn -0.5564 0.0098 -0.8308
vn -0.6010 0.0301 -0.7987
vn -0.5524 0.0157 -0.8334
vn -0.9925 0.0746 0.0968
vn -0.9928 0.0687 0.0982
vn -0.5899 0.2598 -0.7645
vn -0.3705 0.3423 -0.8634
vn -0.4248 0.1845 -0.8863
vn -0.6034 0.1280 -0.7871
vn -0.1205 0.4039 -0.9068
vn -0.2910 0.1626 -0.9428
vn -0.3492 0.6532 0.6719
vn -0.2144 0.2838 0.9346
vn -0.1362 0.5226 0.8416
vn -0.0678 0.7664 0.6387
vn -0.3978 -0.0199 -0.9172
vn -0.0376 0.5903 -0.8063
vn -0.8217 0.5530 -0.1383
vn 0.9357 -0.0227 -0.3522
vn 0.9337 -0.0033 -0.3581
vn 0.8588 0.0036 -0.5123
vn 0.8527 -0.0228 -0.5219
vn 0.9203 0.0729 -0.3843
vn 0.8442 0.0396 -0.5346
vn -0.1774 0.5758 -0.7981
vn -0.1796 0.4649 -0.8670
vn -0.1784 0.3339 -0.9256
vn -0.1730 0.1839 -0.9676
vn 0.9536 -0.0518 0.2965
vn 0.9572 0.0110 0.2893
vn 0.9567 -0.0028 0.2910
vn 0.9765 0.0678 0.2044
vn 0.9608 0.0677 0.2689
vn -0.0963 0.0349 0.9947
vn -0.0787 0.0793 0.9937
vn -0.1131 0.0491 0.9924
vn 0.8786 0.2311 -0.4180
vn 0.8638 0.4193 -0.2792
vn 0.9859 0.1392 -0.0924
vn 0.9897 0.1188 0.0800
vn 0.9618 0.1173 0.2473
vn 0.9865 0.1538 -0.0555
vn 0.9799 0.1552 0.1255
vn 0.0609 0.4496 0.8912
vn 0.1336 0.8036 0.5800
vn 0.6488 0.5613 0.5139
vn 0.9602 0.1535 0.2332
vn 0.5481 0.2052 -0.8108
vn 0.5369 0.1096 -0.8365
vn 0.5646 0.1527 -0.8111
vn 0.9785 0.2046 -0.0252
vn 0.9680 0.1978 -0.1545
vn 0.1332 -0.1117 0.9848
vn 0.9751 0.2075 0.0782
vn -0.6862 -0.0017 0.7274
vn 0.6633 0.1913 0.7235
vn 0.9915 0.0277 0.1273
vn 0.4602 0.0169 -0.8876
vn -0.0244 0.0792 0.9966
vn -0.0210 0.0476 0.9986
vn 0.0107 0.0234 0.9997
vn -0.0664 0.1112 0.9916
vn -0.1388 0.0879 0.9864
vn -0.0006 0.1450 0.9894
vn -0.0004 0.9960 0.0889
vn 0.0264 0.9973 0.0684
vn 0.0221 0.9972 0.0717
vn 0.0601 0.9973 0.0426
vn -0.1195 0.9887 0.0907
vn -0.1057 0.9921 0.0676
vn -0.1151 0.9898 0.0834
vn -0.0185 0.9842 -0.1762
vn -0.0113 0.9853 -0.1704
vn -0.0078 0.9858 -0.1675
vn 0.0152 0.9890 -0.1471
vn 0.0716 0.9799 -0.1861
vn 0.0476 0.9919 -0.1175
vn 0.0984 0.9828 -0.1563
vn 0.2853 0.9116 -0.2960
vn -0.8909 0.4134 -0.1884
vn -0.2592 0.7834 -0.5649
vn -0.0156 0.9992 -0.0364
vn -0.9027 0.4280 0.0452
vn 0.8863 0.2434 -0.3941
vn 0.7598 0.0096 -0.6501
vn 0.7388 -0.0221 -0.6735
vn 0.7571 0.0070 -0.6532
vn 0.7224 -0.0420 -0.6901
vn -0.0945 0.9943 0.0491
vn 0.7924 0.4337 -0.4290
vn 0.7877 0.4981 -0.3626
vn 0.7252 0.6770 -0.1256
vn 0.6416 0.1174 -0.7580
vn 0.5528 0.0349 -0.8326
vn 0.5189 0.0057 -0.8548
vn 0.9904 -0.0781 -0.1138
vn 0.9945 -0.0164 -0.1030
vn 0.9907 -0.0263 -0.1334
vn 0.9854 -0.0596 -0.1596
vn 0.9944 0.0329 -0.1003
vn 0.9944 0.0331 -0.1002
vn 0.9586 0.2351 -0.1606
vn 0.9758 0.1568 -0.1523
vn 0.9771 0.1534 -0.1473
vn 0.9401 0.3226 -0.1102
vn -0.1241 0.9922 0.0114
vn 0.0105 0.1216 -0.9925
vn 0.0991 0.2950 -0.9503
vn 0.1114 0.3346 -0.9358
vn -0.0404 0.0450 -0.9982
vn 0.1789 0.5528 -0.8139
vn -0.8611 0.4027 -0.3104
vn -0.9736 0.2283 0.0012
vn -0.9482 0.3085 -0.0754
vn 0.4583 -0.0354 0.8881
vn 0.9850 0.1303 -0.1130
vn -0.1004 -0.0510 -0.9936
vn -0.1029 -0.0556 -0.9931
vn 0.9783 -0.0418 -0.2029
vn -0.2010 0.1285 0.9711
vn 0.9290 0.0827 0.3606
vn 0.0117 0.9928 0.1196
vn 0.0074 0.9783 0.2070
vn 0.0131 0.9959 0.0890
vn 0.4281 -0.1698 0.8876
vn 0.3594 -0.1424 0.9223
vn 0.3567 -0.1413 0.9235
vn 0.9276 -0.0569 0.3691
vn 0.9525 -0.0650 0.2976
vn 0.9259 -0.0791 0.3694
vn 0.2151 0.0105 0.9765
vn 0.2272 -0.0112 0.9738
vn 0.1070 0.3326 0.9370
vn 0.1047 0.3420 0.9339
vn 0.9729 0.0081 0.2312
vn 0.9841 -0.0837 0.1568
vn 0.9787 -0.0009 0.2053
vn 0.9750 0.1045 0.1959
vn 0.9416 0.2856 0.1785
vn 0.9867 0.1304 -0.0966
vn 0.9838 0.1391 -0.1127
vn 0.9808 0.1832 -0.0674
vn 0.9762 0.2166 -0.0088
vn 0.5795 0.0277 0.8145
vn 0.5741 0.0235 0.8184
vn 0.5564 0.0098 0.8308
vn 0.6010 0.0301 0.7987
vn 0.5524 0.0157 0.8334
vn 0.9925 0.0746 -0.0968
vn 0.9928 0.0687 -0.0982
vn 0.5899 0.2598 0.7645
vn 0.3705 0.3423 0.8634
vn 0.4248 0.1845 0.8863
vn 0.6034 0.1280 0.7871
vn 0.1205 0.4039 0.9068
vn 0.2910 0.1626 0.9428
vn 0.3492 0.6532 -0.6719
vn 0.2144 0.2838 -0.9346
vn 0.1362 0.5226 -0.8416
vn 0.0678 0.7664 -0.6387
vn 0.3978 -0.0199 0.9172
vn 0.0376 0.5903 0.8063
vn 0.8217 0.5529 0.1383
vn -0.9357 -0.0227 0.3522
vn -0.9337 -0.0033 0.3581
vn -0.8588 0.0036 0.5123
vn -0.8527 -0.0228 0.5219
vn -0.9203 0.0729 0.3843
vn -0.8442 0.0396 0.5346
vn 0.1774 0.5758 0.7981
vn 0.1796 0.4649 0.8670
vn 0.1784 0.3339 0.9256
vn 0.1730 0.1839 0.9676
vn -0.9536 -0.0518 -0.2965
vn -0.9572 0.0110 -0.2893
vn -0.9567 -0.0028 -0.2910
vn -0.9765 0.0678 -0.2044
vn -0.9608 0.0677 -0.2689
vn 0.0963 0.0349 -0.9947
vn 0.0787 0.0793 -0.9937
vn 0.1131 0.0491 -0.9924
vn -0.8786 0.2311 0.4180
vn -0.8638 0.4193 0.2792
vn -0.9859 0.1392 0.0924
vn -0.9897 0.1188 -0.0800
vn -0.9618 0.1173 -0.2473
vn -0.9865 0.1538 0.0555
vn -0.9799 0.1552 -0.1254
vn -0.0609 0.4496 -0.8912
vn -0.1336 0.8036 -0.5800
vn -0.6488 0.5613 -0.5139
vn -0.9602 0.1535 -0.2332
vn -0.5481 0.2052 0.8108
vn -0.5369 0.1096 0.8365
vn -0.5646 0.1527 0.8111
vn -0.9785 0.2046 0.0252
vn -0.9680 0.1978 0.1545
vn -0.1332 -0.1117 -0.9848
vn -0.9751 0.2075 -0.0782
vn 0.6862 -0.0017 -0.7274
vn -0.6633 0.1913 -0.7235
vn -0.9915 0.0277 -0.1273
vn -0.4602 0.0169 0.8876
vn 0.0244 0.0791 -0.9966
vn 0.0210 0.0476 -0.9986
vn -0.0107 0.0234 -0.9997
vn 0.0664 0.1112 -0.9916
vn 0.1388 0.0879 -0.9864
vn 0.0006 0.1450 -0.9894
vn 0.0004 0.9960 -0.0889
vn -0.0264 0.9973 -0.0684
vn -0.0221 0.9972 -0.0717
vn -0.0601 0.9973 -0.0426
vn 0.1195 0.9887 -0.0907
vn 0.1057 0.9921 -0.0676
vn 0.1151 0.9898 -0.0834
vn 0.0185 0.9842 0.1762
vn 0.0113 0.9853 0.1704
vn 0.0078 0.9858 0.1675
vn -0.0152 0.9890 0.1471
vn -0.0716 0.9799 0.1861
vn -0.0476 0.9919 0.1175
vn -0.0984 0.9828 0.1563
vn -0.2853 0.9116 0.2960
vn 0.8909 0.4134 0.1884
vn 0.2592 0.7834 0.5649
vn 0.0156 0.9992 0.0364
vn 0.9027 0.4280 -0.0452
vn -0.8863 0.2434 0.3941
vn -0.7598 0.0096 0.6501
vn -0.7388 -0.0221 0.6735
vn -0.7571 0.0070 0.6532
vn -0.7224 -0.0420 0.6901
vn 0.0945 0.9943 -0.0491
vn -0.7924 0.4337 0.4290
vn -0.7877 0.4981 0.3626
vn -0.7252 0.6770 0.1256
vn -0.6416 0.1174 0.7580
vn -0.5528 0.0349 0.8326
vn -0.5189 0.0057 0.8548
vn 0.1241 0.9922 -0.0114
vn 0.9799 0.1552 0.1254
vn -0.0244 0.0791 0.9966
vn 0.7198 -0.0781 -0.6898
vn 0.7296 -0.0164 -0.6837
vn 0.7082 -0.0263 -0.7056
vn 0.6881 -0.0596 -0.7232
vn 0.7311 0.0329 -0.6815
vn 0.7312 0.0331 -0.6814
vn 0.6661 0.2351 -0.7078
vn 0.6849 0.1568 -0.7116
vn 0.6889 0.1534 -0.7084
vn 0.6819 0.3227 -0.6565
vn -0.0919 0.9922 0.0842
vn -0.5921 0.1216 -0.7967
vn -0.4960 0.2950 -0.8167
vn -0.4774 0.3346 -0.8125
vn -0.6360 0.0450 -0.7703
vn -0.3499 0.5528 -0.7563
vn -0.8734 0.4027 0.2738
vn -0.7745 0.2283 0.5900
vn -0.8006 0.3086 0.5136
vn 0.9022 -0.0354 0.4298
vn 0.7159 0.1303 -0.6859
vn -0.6811 -0.0510 -0.7304
vn -0.6827 -0.0556 -0.7285
vn 0.6562 -0.0418 -0.7534
vn 0.4274 0.1285 0.8949
vn 0.9579 0.0827 -0.2749
vn 0.0817 0.9928 0.0882
vn 0.1311 0.9783 0.1603
vn 0.0643 0.9959 0.0629
vn 0.8779 -0.1698 0.4478
vn 0.8441 -0.1424 0.5169
vn 0.8427 -0.1413 0.5195
vn 0.9619 -0.0569 -0.2673
vn 0.9384 -0.0650 -0.3393
vn 0.9607 -0.0791 -0.2660
vn 0.7620 0.0105 0.6474
vn 0.7700 -0.0112 0.6379
vn 0.6520 0.3326 0.6813
vn 0.6484 0.3420 0.6802
vn 0.9145 0.0081 -0.4045
vn 0.8784 -0.0837 -0.4705
vn 0.9035 -0.0009 -0.4286
vn 0.8949 0.1045 -0.4339
vn 0.8577 0.2857 -0.4275
vn 0.7272 0.1304 -0.6739
vn 0.7152 0.1391 -0.6849
vn 0.7402 0.1832 -0.6470
vn 0.7720 0.2166 -0.5976
vn 0.9542 0.0277 0.2979
vn 0.9523 0.0235 0.3043
vn 0.9457 0.0098 0.3249
vn 0.9617 0.0301 0.2723
vn 0.9441 0.0157 0.3294
vn 0.7317 0.0746 -0.6775
vn 0.7311 0.0687 -0.6788
vn 0.9322 0.2598 0.2518
vn 0.8174 0.3423 0.4634
vn 0.8744 0.1845 0.4487
vn 0.9566 0.1280 0.2617
vn 0.6446 0.4039 0.6491
vn 0.8021 0.1626 0.5746
vn -0.1285 0.6532 -0.7462
vn -0.3947 0.2838 -0.8739
vn -0.4007 0.5226 -0.7525
vn -0.3324 0.7664 -0.5496
vn 0.8717 -0.0199 0.4896
vn 0.5177 0.5903 0.6193
vn 0.7379 0.5530 -0.3870
vn -0.5320 -0.0227 0.8465
vn -0.5268 -0.0033 0.8500
vn -0.3738 0.0036 0.9275
vn -0.3632 -0.0228 0.9314
vn -0.5003 0.0729 0.8628
vn -0.3487 0.0396 0.9364
vn 0.6241 0.5758 0.5282
vn 0.6675 0.4649 0.5817
vn 0.7020 0.3339 0.6291
vn 0.7231 0.1839 0.6658
vn -0.9387 -0.0518 0.3409
vn -0.9372 0.0110 0.3487
vn -0.9378 -0.0028 0.3471
vn -0.9012 0.0678 0.4280
vn -0.9277 0.0677 0.3672
vn -0.5252 0.0349 -0.8503
vn -0.5385 0.0793 -0.8389
vn -0.5103 0.0491 -0.8586
vn -0.4467 0.2311 0.8643
vn -0.5189 0.4193 0.7449
vn -0.7291 0.1392 0.6701
vn -0.8364 0.1188 0.5351
vn -0.9155 0.1173 0.3849
vn -0.7519 0.1538 0.6411
vn -0.8561 0.1552 0.4929
vn -0.5876 0.4496 -0.6727
vn -0.4573 0.8036 -0.3810
vn -0.8275 0.5613 -0.0167
vn -0.9057 0.1535 0.3952
vn 0.0541 0.2052 0.9772
vn 0.0786 0.1096 0.9909
vn 0.0412 0.1527 0.9874
vn -0.7639 0.2046 0.6121
vn -0.6773 0.1978 0.7086
vn -0.7018 -0.1117 -0.7035
vn -0.8237 0.2075 0.5276
vn 0.1063 -0.0017 -0.9943
vn -0.9658 0.1913 -0.1748
vn -0.8665 0.0277 0.4985
vn 0.1706 0.0169 0.9852
vn -0.5835 0.0791 -0.8083
vn -0.5875 0.0476 -0.8078
vn -0.6133 0.0234 -0.7895
vn -0.5470 0.1112 -0.8297
vn -0.4863 0.0879 -0.8694
vn -0.5981 0.1450 -0.7882
vn -0.0534 0.9960 -0.0710
vn -0.0624 0.9973 -0.0385
vn -0.0610 0.9972 -0.0437
vn -0.0737 0.9973 0.0024
vn 0.0403 0.9887 -0.1445
vn 0.0432 0.9921 -0.1178
vn 0.0412 0.9898 -0.1361
vn 0.1214 0.9842 0.1291
vn 0.1121 0.9853 0.1288
vn 0.1075 0.9858 0.1287
vn 0.0768 0.9890 0.1263
vn 0.0556 0.9799 0.1914
vn 0.0332 0.9919 0.1223
vn 0.0162 0.9828 0.1840
vn -0.0481 0.9116 0.4083
vn 0.8233 0.4134 -0.3890
vn 0.5481 0.7834 0.2930
vn 0.0345 0.9992 0.0196
vn 0.6914 0.4280 -0.5820
vn -0.4673 0.2434 0.8499
vn -0.2116 0.0096 0.9773
vn -0.1808 -0.0221 0.9833
vn -0.2077 0.0070 0.9782
vn -0.1577 -0.0420 0.9866
vn 0.0456 0.9943 -0.0963
vn -0.3713 0.4337 0.8210
vn -0.4078 0.4981 0.7653
vn -0.5014 0.6770 0.5388
vn -0.0523 0.1174 0.9917
vn 0.0635 0.0349 0.9974
vn 0.1040 0.0057 0.9946
vn -0.9827 -0.0781 0.1680
vn -0.9874 -0.0164 0.1575
vn -0.9819 -0.0263 0.1875
vn -0.9751 -0.0596 0.2134
vn -0.9874 0.0329 0.1547
vn -0.9874 0.0331 0.1546
vn -0.9484 0.2351 0.2129
vn -0.9660 0.1568 0.2056
vn -0.9676 0.1534 0.2007
vn -0.9326 0.3226 0.1616
vn 0.1233 0.9922 -0.0182
vn 0.0440 0.1216 0.9916
vn -0.0468 0.2950 0.9543
vn -0.0599 0.3346 0.9405
vn 0.0951 0.0450 0.9944
vn -0.1340 0.5528 0.8225
vn 0.8768 0.4027 0.2627
vn 0.9721 0.2283 -0.0546
vn 0.9509 0.3086 0.0232
vn -0.5064 -0.0354 -0.8616
vn -0.9773 0.1303 0.1669
vn 0.1548 -0.0510 0.9866
vn 0.1572 -0.0556 0.9860
vn -0.9657 -0.0418 0.2563
vn 0.1474 0.1285 -0.9807
vn -0.9474 0.0827 -0.3091
vn -0.0182 0.9928 -0.1188
vn -0.0188 0.9783 -0.2063
vn -0.0180 0.9959 -0.0881
vn -0.4761 -0.1698 -0.8628
vn -0.4094 -0.1424 -0.9012
vn -0.4069 -0.1413 -0.9025
vn -0.9465 -0.0569 -0.3177
vn -0.9674 -0.0650 -0.2449
vn -0.9448 -0.0791 -0.3181
vn -0.2683 0.0105 -0.9633
vn -0.2803 -0.0112 -0.9598
vn -0.1582 0.3326 -0.9297
vn -0.1558 0.3420 -0.9267
vn -0.9841 0.0081 -0.1774
vn -0.9912 -0.0837 -0.1025
vn -0.9885 -0.0009 -0.1513
vn -0.9843 0.1045 -0.1421
vn -0.9499 0.2856 -0.1266
vn -0.9800 0.1304 0.1506
vn -0.9762 0.1391 0.1665
vn -0.9756 0.1831 0.1211
vn -0.9743 0.2166 0.0624
vn -0.6233 0.0277 -0.7815
vn -0.6182 0.0235 -0.7857
vn -0.6012 0.0098 -0.7990
vn -0.6439 0.0301 -0.7645
vn -0.5973 0.0157 -0.8019
vn -0.9857 0.0746 0.1511
vn -0.9859 0.0687 0.1525
vn -0.6310 0.2598 -0.7310
vn -0.4173 0.3423 -0.8418
vn -0.4728 0.1845 -0.8616
vn -0.6456 0.1280 -0.7528
vn -0.1701 0.4039 -0.8988
vn -0.3423 0.1626 -0.9254
vn -0.3118 0.6532 0.6900
vn -0.1628 0.2838 0.9450
vn -0.0898 0.5226 0.8478
vn -0.0327 0.7664 0.6415
vn -0.4476 -0.0199 -0.8940
vn -0.0818 0.5903 -0.8031
vn -0.8280 0.5529 -0.0930
vn 0.9149 -0.0227 -0.4030
vn 0.9126 -0.0033 -0.4088
vn 0.8294 0.0036 -0.5587
vn 0.8228 -0.0228 -0.5679
vn 0.8978 0.0729 -0.4343
vn 0.8136 0.0396 -0.5801
vn -0.2209 0.5758 -0.7872
vn -0.2269 0.4649 -0.8558
vn -0.2289 0.3339 -0.9144
vn -0.2258 0.1839 -0.9567
vn 0.9685 -0.0518 0.2437
vn 0.9716 0.0110 0.2364
vn 0.9712 -0.0028 0.2381
vn 0.9863 0.0678 0.1505
vn 0.9741 0.0677 0.2158
vn -0.0415 0.0349 0.9985
vn -0.0240 0.0793 0.9966
vn -0.0584 0.0491 0.9971
vn 0.8543 0.2311 -0.4656
vn 0.8472 0.4193 -0.3262
vn 0.9794 0.1392 -0.1464
vn 0.9926 0.1188 0.0255
vn 0.9739 0.1173 0.1942
vn 0.9820 0.1538 -0.1096
vn 0.9853 0.1552 0.0715
vn 0.1097 0.4496 0.8865
vn 0.1653 0.8036 0.5718
vn 0.6760 0.5613 0.4775
vn 0.9716 0.1535 0.1802
vn 0.5028 0.2052 -0.8397
vn 0.4902 0.1096 -0.8647
vn 0.5192 0.1527 -0.8409
vn 0.9757 0.2046 -0.0789
vn 0.9581 0.1978 -0.2074
vn 0.1870 -0.1117 0.9760
vn 0.9779 0.2075 0.0246
vn -0.6453 -0.0017 0.7640
vn 0.7020 0.1913 0.6860
vn 0.9970 0.0277 0.0727
vn 0.4108 0.0169 -0.9116
vn 0.0303 0.0792 0.9964
vn 0.0339 0.0476 0.9983
vn 0.0655 0.0234 0.9976
vn -0.0119 0.1112 0.9937
vn -0.0845 0.0879 0.9925
vn 0.0537 0.1450 0.9880
vn 0.0044 0.9960 0.0888
vn 0.0301 0.9973 0.0669
vn 0.0260 0.9972 0.0704
vn 0.0624 0.9973 0.0393
vn -0.1143 0.9887 0.0971
vn -0.1018 0.9921 0.0733
vn -0.1104 0.9898 0.0896
vn -0.0282 0.9842 -0.1749
vn -0.0206 0.9853 -0.1695
vn -0.0169 0.9858 -0.1668
vn 0.0071 0.9890 -0.1477
vn 0.0613 0.9799 -0.1897
vn 0.0411 0.9919 -0.1199
vn 0.0897 0.9828 -0.1615
vn 0.2686 0.9116 -0.3113
vn -0.8999 0.4134 -0.1392
vn -0.2898 0.7834 -0.5498
vn -0.0176 0.9992 -0.0355
vn -0.8988 0.4280 0.0946
vn 0.8633 0.2434 -0.4421
vn 0.7229 0.0096 -0.6908
vn 0.7008 -0.0221 -0.7131
vn 0.7201 0.0070 -0.6938
vn 0.6835 -0.0420 -0.7288
vn -0.0917 0.9943 0.0542
vn 0.7676 0.4337 -0.4719
vn 0.7666 0.4981 -0.4053
vn 0.7172 0.6769 -0.1653
vn 0.5990 0.1174 -0.7921
vn 0.5063 0.0349 -0.8616
vn 0.4712 0.0057 -0.8820
vn 0.8344 -0.0781 0.5456
vn 0.8307 -0.0164 0.5565
vn 0.8471 -0.0263 0.5308
vn 0.8598 -0.0596 0.5072
vn 0.8288 0.0329 0.5585
vn 0.8288 0.0331 0.5586
vn 0.8398 0.2351 0.4893
vn 0.8478 0.1568 0.5067
vn 0.8456 0.1534 0.5114
vn 0.7934 0.3226 0.5162
vn -0.1027 0.9922 -0.0705
vn 0.6426 0.1216 -0.7565
vn 0.6837 0.2950 -0.6674
vn 0.6839 0.3346 -0.6484
vn 0.6070 0.0450 -0.7934
vn 0.6579 0.5528 -0.5115
vn -0.4637 0.4027 -0.7891
vn -0.7495 0.2283 -0.6214
vn -0.6810 0.3085 -0.6641
vn -0.2152 -0.0354 0.9759
vn 0.8297 0.1303 0.5427
vn 0.5580 -0.0510 -0.8283
vn 0.5558 -0.0556 -0.8295
vn 0.8820 -0.0418 0.4694
vn -0.7754 0.1285 0.6183
vn 0.4839 0.0827 0.8712
vn -0.0675 0.9928 0.0994
vn -0.1266 0.9783 0.1639
vn -0.0468 0.9959 0.0768
vn -0.2382 -0.1698 0.9562
vn -0.3132 -0.1424 0.9389
vn -0.3160 -0.1413 0.9382
vn 0.4774 -0.0569 0.8768
vn 0.5422 -0.0650 0.8377
vn 0.4758 -0.0791 0.8760
vn -0.4589 0.0105 0.8884
vn -0.4478 -0.0112 0.8941
vn -0.5167 0.3326 0.7889
vn -0.5164 0.3420 0.7851
vn 0.6004 0.0081 0.7997
vn 0.6565 -0.0837 0.7496
vn 0.6214 -0.0009 0.7835
vn 0.6246 0.1045 0.7739
vn 0.6099 0.2856 0.7392
vn 0.8205 0.1304 0.5565
vn 0.8286 0.1391 0.5423
vn 0.7973 0.1832 0.5751
vn 0.7564 0.2166 0.6173
vn -0.0750 0.0277 0.9968
vn -0.0817 0.0235 0.9964
vn -0.1032 0.0098 0.9946
vn -0.0484 0.0301 0.9984
vn -0.1080 0.0157 0.9940
vn 0.8251 0.0746 0.5600
vn 0.8262 0.0687 0.5592
vn -0.0351 0.2598 0.9650
vn -0.2670 0.3423 0.9008
vn -0.2399 0.1845 0.9531
vn -0.0392 0.1280 0.9910
vn -0.4870 0.4039 0.7744
vn -0.3789 0.1626 0.9111
vn 0.6980 0.6532 -0.2935
vn 0.7623 0.2838 -0.5817
vn 0.6427 0.5226 -0.5601
vn 0.4605 0.7664 -0.4478
vn -0.2804 -0.0199 0.9597
vn -0.4866 0.5903 0.6441
vn 0.5434 0.5529 0.6316
vn -0.9446 -0.0227 -0.3273
vn -0.9469 -0.0033 -0.3215
vn -0.9879 0.0036 -0.1550
vn -0.9893 -0.0228 -0.1438
vn -0.9534 0.0729 -0.2928
vn -0.9909 0.0396 -0.1285
vn -0.3738 0.5758 0.7272
vn -0.4161 0.4649 0.7815
vn -0.4545 0.3339 0.8258
vn -0.4855 0.1839 0.8547
vn -0.5438 -0.0518 -0.8376
vn -0.5511 0.0110 -0.8344
vn -0.5497 -0.0028 -0.8354
vn -0.6203 0.0678 -0.7815
vn -0.5670 0.0677 -0.8210
vn 0.7099 0.0349 -0.7034
vn 0.6958 0.0793 -0.7139
vn 0.7213 0.0491 -0.6909
vn -0.9428 0.2311 -0.2402
vn -0.8428 0.4193 -0.3375
vn -0.8173 0.1392 -0.5592
vn -0.7100 0.1188 -0.6941
vn -0.5815 0.1173 -0.8050
vn -0.7941 0.1538 -0.5879
vn -0.6733 0.1552 -0.7229
vn 0.5228 0.4496 -0.7242
vn 0.2680 0.8036 -0.5315
vn -0.1704 0.5613 -0.8099
vn -0.5893 0.1535 -0.7932
vn -0.9398 0.2052 0.2732
vn -0.9476 0.1096 0.3001
vn -0.9527 0.1527 0.2628
vn -0.7686 0.2046 -0.6061
vn -0.8431 0.1978 -0.5000
vn 0.5271 -0.1117 -0.8424
vn -0.6998 0.2075 -0.6835
vn 0.9927 -0.0017 -0.1207
vn -0.0475 0.1913 -0.9804
vn -0.6811 0.0277 -0.7317
vn -0.9213 0.0169 0.3884
vn 0.6558 0.0791 -0.7508
vn 0.6545 0.0476 -0.7546
vn 0.6308 0.0234 -0.7756
vn 0.6849 0.1112 -0.7201
vn 0.7373 0.0879 -0.6698
vn 0.6329 0.1450 -0.7605
vn 0.0571 0.9960 -0.0681
vn 0.0234 0.9973 -0.0695
vn 0.0288 0.9972 -0.0693
vn -0.0190 0.9973 -0.0712
vn 0.1499 0.9887 0.0066
vn 0.1245 0.9921 0.0156
vn 0.1418 0.9898 0.0095
vn -0.0984 0.9842 0.1473
vn -0.1002 0.9853 0.1382
vn -0.1011 0.9858 0.1338
vn -0.1057 0.9890 0.1034
vn -0.1740 0.9799 0.0973
vn -0.1117 0.9919 0.0599
vn -0.1756 0.9828 0.0573
vn -0.4086 0.9116 0.0453
vn 0.5647 0.4134 0.7143
vn -0.1618 0.7834 0.6001
vn -0.0113 0.9992 0.0380
vn 0.7230 0.4280 0.5423
vn -0.9334 0.2434 -0.2635
vn -0.9999 0.0096 0.0143
vn -0.9987 -0.0221 0.0456
vn -0.9998 0.0070 0.0183
vn -0.9967 -0.0420 0.0689
vn 0.1041 0.9943 0.0227
vn -0.8836 0.4337 -0.1766
vn -0.8375 0.4981 -0.2247
vn -0.6380 0.6770 -0.3670
vn -0.9779 0.1174 0.1728
vn -0.9573 0.0349 0.2868
vn -0.9455 0.0057 0.3257
vt 0.342217 0.109154
vt 0.679936 0.702133
vt 0.492210 0.482591
vt 0.459612 0.104962
vt 0.337038 0.280560
vt 0.970862 0.900799
vt 0.560032 0.849123
vt 0.063528 0.722849
vt 0.011243 0.360017
vt 0.459365 0.279574
vt 0.944117 0.781552
vt 0.601959 0.481111
vt 0.232715 0.113100
vt 0.229015 0.277354
vt 0.019628 0.468287
vt 0.078326 0.832352
vt 0.532903 0.741840
vt 0.482098 0.860961
vt 0.958625 0.640186
vt 0.961091 0.505034
vt 0.498129 0.726795
vt 0.011243 0.866880
vt 0.764326 0.884637
vt 0.110881 0.477165
vt 0.850849 0.968287
vt 0.956899 0.479138
vt 0.078326 0.879704
vt 0.507501 0.702133
vt 0.850849 0.908850
vt 0.019875 0.890556
vt 0.746076 0.901901
vt 0.825693 0.927100
vt 0.908560 0.481358
vt 0.715001 0.905354
vt 0.863180 0.561759
vt 0.702423 0.813855
vt 0.492210 0.976876
vt 0.961091 0.756348
vt 0.970862 0.778834
vt 0.560032 0.970957
vt 0.825693 0.735138
vt 0.892326 0.364457
vt 0.357755 0.035166
vt 0.582519 0.878514
vt 0.609154 0.728522
vt 0.459612 0.011243
vt 0.595096 0.982591
vt 0.203902 0.829886
vt 0.656013 0.988757
vt 0.203902 0.722849
vt 0.877035 0.340244
vt 0.760337 0.011243
vt 0.101799 0.730248
vt 0.777601 0.112114
vt 0.630611 0.856028
vt 0.843943 0.111127
vt 0.482098 0.592094
vt 0.679936 0.811882
vt 0.959162 0.336545
vt 0.423647 0.309952
vt 0.886900 0.234441
vt 0.742333 0.116060
vt 0.959162 0.233208
vt 0.434499 0.412549
vt 0.052183 0.261570
vt 0.032453 0.646105
vt 0.952503 0.127158
vt 0.434499 0.518845
vt 0.768926 0.493689
vt 0.065501 0.109647
vt 0.938445 0.039852
vt 0.426114 0.606891
vt 0.886900 0.121732
vt 0.730988 0.228275
vt 0.580256 0.582722
vt 0.854548 0.209038
vt 0.882707 0.037879
vt 0.748252 0.310155
vt 0.674221 0.592587
vt 0.854548 0.303497
vt 0.921631 0.778834
vt 0.163412 0.117046
vt 0.671508 0.479138
vt 0.141709 0.267982
vt 0.021848 0.556333
vt 0.011243 0.237154
vt 0.039605 0.693951
vt 0.407863 0.861701
vt 0.803207 0.502815
vt 0.431046 0.739374
vt 0.030233 0.112114
vt 0.761773 0.613550
vt 0.788409 0.612564
vt 0.358044 0.656013
vt 0.749195 0.671014
vt 0.100812 0.900464
vt 0.803207 0.674714
vt 0.125968 0.852372
vt 0.294168 0.649848
vt 0.083752 0.674960
vt 0.088684 0.693951
vt 0.358784 0.867620
vt 0.691978 0.679646
vt 0.895489 0.863180
vt 0.102292 0.958175
vt 0.936965 0.011243
vt 0.837531 0.865647
vt 0.406137 0.627361
vt 0.300334 0.308966
vt 0.294168 0.415262
vt 0.289482 0.533150
vt 0.697650 0.141216
vt 0.233251 0.412549
vt 0.684332 0.259597
vt 0.240650 0.531670
vt 0.708502 0.031713
vt 0.242869 0.303046
vt 0.497389 0.079066
vt 0.431046 0.958486
vt 0.210765 0.303046
vt 0.758117 0.351632
vt 0.210765 0.468287
vt 0.482098 0.242333
vt 0.505774 0.011243
vt 0.431046 0.890106
vt 0.340534 0.612071
vt 0.708502 0.357755
vt 0.273698 0.626622
vt 0.187132 0.952749
vt 0.948846 0.364457
vt 0.486044 0.395735
vt 0.203119 0.622922
vt 0.655230 0.351835
vt 0.686552 0.444321
vt 0.187132 0.863470
vt 0.234977 0.668345
vt 0.627115 0.456652
vt 0.233251 0.728769
vt 0.948846 0.441404
vt 0.535616 0.454679
vt 0.243856 0.819527
vt 0.914812 0.393805
vt 0.180183 0.662383
vt 0.180430 0.700363
vt 0.916292 0.432279
vt 0.269259 0.841477
vt 0.760133 0.802263
vt 0.132337 0.396765
vt 0.830872 0.669535
vt 0.715001 0.702133
vt 0.827216 0.373335
vt 0.804730 0.416248
vt 0.764326 0.705832
vt 0.161193 0.303540
vt 0.804730 0.366676
vt 0.892326 0.438198
vt 0.285536 0.956695
vt 0.830915 0.420441
vt 0.285536 0.892572
vt 0.763050 0.438198
vt 0.240896 0.955462
vt 0.373132 0.890106
vt 0.233251 0.890106
vt 0.308022 0.899724
vt 0.730988 0.397011
vt 0.309009 0.940911
vt 0.409675 0.955215
vt 0.736907 0.356071
vt 0.373132 0.941158
vt 0.404682 0.891248
vt 0.113347 0.563238
vt 0.891832 0.020368
vt 0.752938 0.329146
vt 0.825693 0.821007
vt 0.431046 0.798564
vt 0.022835 0.170811
vt 0.100812 0.798317
vt 0.903577 0.908850
vt 0.587451 0.803003
vt 0.120296 0.828159
vt 0.656013 0.905150
vt 0.903577 0.944430
vt 0.629624 0.883200
vt 0.873335 0.927936
vt 0.582519 0.767736
vt 0.311432 0.611577
vt 0.149644 0.969027
vt 0.921631 0.886363
vt 0.321050 0.624895
vt 0.137313 0.957928
vt 0.887350 0.883157
vt 0.354345 0.624402
vt 0.342217 0.109154
vt 0.679936 0.702133
vt 0.492210 0.482591
vt 0.459612 0.104962
vt 0.337038 0.280560
vt 0.970862 0.900799
vt 0.560032 0.849123
vt 0.063528 0.722849
vt 0.011243 0.360017
vt 0.459365 0.279574
vt 0.944117 0.781552
vt 0.601959 0.481111
vt 0.232715 0.113100
vt 0.229015 0.277354
vt 0.019628 0.468287
vt 0.078326 0.832352
vt 0.532903 0.741840
vt 0.482098 0.860961
vt 0.958625 0.640186
vt 0.961091 0.505034
vt 0.498129 0.726795
vt 0.011243 0.866880
vt 0.764326 0.884637
vt 0.110881 0.477165
vt 0.850849 0.968287
vt 0.956899 0.479138
vt 0.078326 0.879704
vt 0.507501 0.702133
vt 0.850849 0.908850
vt 0.019875 0.890556
vt 0.746076 0.901901
vt 0.825693 0.927100
vt 0.908560 0.481358
vt 0.715001 0.905354
vt 0.863180 0.561759
vt 0.702423 0.813855
vt 0.492210 0.976876
vt 0.961091 0.756348
vt 0.970862 0.778834
vt 0.560032 0.970957
vt 0.825693 0.735138
vt 0.892326 0.364457
vt 0.357755 0.035166
vt 0.582519 0.878514
vt 0.609154 0.728522
vt 0.459612 0.011243
vt 0.595096 0.982591
vt 0.203902 0.829886
vt 0.656013 0.988757
vt 0.203902 0.722849
vt 0.877035 0.340244
vt 0.760337 0.011243
vt 0.101799 0.730248
vt 0.777601 0.112114
vt 0.630611 0.856028
vt 0.843943 0.111127
vt 0.482098 0.592094
vt 0.679936 0.811882
vt 0.959162 0.336545
vt 0.423647 0.309952
vt 0.886900 0.234441
vt 0.742333 0.116060
vt 0.959162 0.233208
vt 0.434499 0.412549
vt 0.052183 0.261570
vt 0.032453 0.646105
vt 0.952503 0.127158
vt 0.434499 0.518845
vt 0.768926 0.493689
vt 0.065501 0.109647
vt 0.938445 0.039852
vt 0.426114 0.606891
vt 0.886900 0.121732
vt 0.730988 0.228275
vt 0.580256 0.582722
vt 0.854548 0.209038
vt 0.882707 0.037879
vt 0.748252 0.310155
vt 0.674221 0.592587
vt 0.854548 0.303497
vt 0.921631 0.778834
vt 0.163412 0.117046
vt 0.671508 0.479138
vt 0.141709 0.267982
vt 0.021848 0.556333
vt 0.011243 0.237154
vt 0.039605 0.693951
vt 0.407863 0.861701
vt 0.803207 0.502815
vt 0.431046 0.739374
vt 0.030233 0.112114
vt 0.761773 0.613550
vt 0.788409 0.612564
vt 0.358044 0.656013
vt 0.749195 0.671014
vt 0.100812 0.900464
vt 0.803207 0.674714
vt 0.125968 0.852372
vt 0.294168 0.649848
vt 0.083752 0.674960
vt 0.088684 0.693951
vt 0.358784 0.867620
vt 0.691978 0.679646
vt 0.895489 0.863180
vt 0.102292 0.958175
vt 0.936965 0.011243
vt 0.837531 0.865647
vt 0.406137 0.627361
vt 0.300334 0.308966
vt 0.294168 0.415262
vt 0.289482 0.533150
vt 0.697650 0.141216
vt 0.233251 0.412549
vt 0.684332 0.259597
vt 0.240650 0.531670
vt 0.708502 0.031713
vt 0.242869 0.303046
vt 0.497389 0.079066
vt 0.431046 0.958486
vt 0.210765 0.303046
vt 0.758117 0.351632
vt 0.210765 0.468287
vt 0.482098 0.242333
vt 0.505774 0.011243
vt 0.431046 0.890106
vt 0.340534 0.612071
vt 0.708502 0.357755
vt 0.273698 0.626622
vt 0.187132 0.952749
vt 0.948846 0.364457
vt 0.486044 0.395735
vt 0.203119 0.622922
vt 0.655230 0.351835
vt 0.686552 0.444321
vt 0.187132 0.863470
vt 0.234977 0.668345
vt 0.627115 0.456652
vt 0.233251 0.728769
vt 0.948846 0.441404
vt 0.535616 0.454679
vt 0.243856 0.819527
vt 0.914812 0.393805
vt 0.180183 0.662383
vt 0.180430 0.700363
vt 0.916292 0.432279
vt 0.269259 0.841477
vt 0.760133 0.802263
vt 0.132337 0.396765
vt 0.830872 0.669535
vt 0.715001 0.702133
vt 0.827216 0.373335
vt 0.804730 0.416248
vt 0.764326 0.705832
vt 0.161193 0.303540
vt 0.804730 0.366676
vt 0.892326 0.438198
vt 0.285536 0.956695
vt 0.830915 0.420441
vt 0.285536 0.892572
vt 0.763050 0.438198
vt 0.240896 0.955462
vt 0.373132 0.890106
vt 0.233251 0.890106
vt 0.308022 0.899724
vt 0.730988 0.397011
vt 0.309009 0.940911
vt 0.409675 0.955215
vt 0.736907 0.356071
vt 0.373132 0.941158
vt 0.404682 0.891248
vt 0.113347 0.563238
vt 0.891832 0.020368
vt 0.752938 0.329146
vt 0.825693 0.821007
vt 0.431046 0.798564
vt 0.022835 0.170811
vt 0.100812 0.798317
vt 0.903577 0.908850
vt 0.587451 0.803003
vt 0.120296 0.828159
vt 0.656013 0.905150
vt 0.903577 0.944430
vt 0.629624 0.883200
vt 0.873335 0.927936
vt 0.582519 0.767736
vt 0.311432 0.611577
vt 0.149644 0.969027
vt 0.921631 0.886363
vt 0.321050 0.624895
vt 0.137313 0.957928
vt 0.887350 0.883157
vt 0.354345 0.624402
vt 0.342217 0.109154
vt 0.679936 0.702133
vt 0.492210 0.482591
vt 0.459612 0.104962
vt 0.337038 0.280560
vt 0.970862 0.900799
vt 0.560032 0.849123
vt 0.063528 0.722849
vt 0.011243 0.360017
vt 0.459365 0.279574
vt 0.944117 0.781552
vt 0.601959 0.481111
vt 0.232715 0.113100
vt 0.229015 0.277354
vt 0.019628 0.468287
vt 0.078326 0.832352
vt 0.532903 0.741840
vt 0.482098 0.860961
vt 0.958625 0.640186
vt 0.961091 0.505034
vt 0.498129 0.726795
vt 0.011243 0.866880
vt 0.764326 0.884637
vt 0.110881 0.477165
vt 0.850849 0.968287
vt 0.956899 0.479138
vt 0.078326 0.879704
vt 0.507501 0.702133
vt 0.850849 0.908850
vt 0.019875 0.890556
vt 0.746076 0.901901
vt 0.825693 0.927100
vt 0.908560 0.481358
vt 0.715001 0.905354
vt 0.863180 0.561759
vt 0.702423 0.813855
vt 0.492210 0.976876
vt 0.961091 0.756348
vt 0.970862 0.778834
vt 0.560032 0.970957
vt 0.825693 0.735138
vt 0.892326 0.364457
vt 0.357755 0.035166
vt 0.582519 0.878514
vt 0.609154 0.728522
vt 0.459612 0.011243
vt 0.595096 0.982591
vt 0.203902 0.829886
vt 0.656013 0.988757
vt 0.203902 0.722849
vt 0.877035 0.340244
vt 0.760337 0.011243
vt 0.101799 0.730248
vt 0.777601 0.112114
vt 0.630611 0.856028
vt 0.843943 0.111127
vt 0.482098 0.592094
vt 0.679936 0.811882
vt 0.959162 0.336545
vt 0.423647 0.309952
vt 0.886900 0.234441
vt 0.742333 0.116060
vt 0.959162 0.233208
vt 0.434499 0.412549
vt 0.052183 0.261570
vt 0.032453 0.646105
vt 0.952503 0.127158
vt 0.434499 0.518845
vt 0.768926 0.493689
vt 0.065501 0.109647
vt 0.938445 0.039852
vt 0.426114 0.606891
vt 0.886900 0.121732
vt 0.730988 0.228275
vt 0.580256 0.582722
vt 0.854548 0.209038
vt 0.882707 0.037879
vt 0.748252 0.310155
vt 0.674221 0.592587
vt 0.854548 0.303497
vt 0.921631 0.778834
vt 0.163412 0.117046
vt 0.671508 0.479138
vt 0.141709 0.267982
vt 0.021848 0.556333
vt 0.011243 0.237154
vt 0.039605 0.693951
vt 0.407863 0.861701
vt 0.803207 0.502815
vt 0.431046 0.739374
vt 0.030233 0.112114
vt 0.761773 0.613550
vt 0.788409 0.612564
vt 0.358044 0.656013
vt 0.749195 0.671014
vt 0.100812 0.900464
vt 0.803207 0.674714
vt 0.125968 0.852372
vt 0.294168 0.649848
vt 0.083752 0.674960
vt 0.088684 0.693951
vt 0.358784 0.867620
vt 0.691978 0.679646
vt 0.895489 0.863180
vt 0.102292 0.958175
vt 0.936965 0.011243
vt 0.837531 0.865647
vt 0.406137 0.627361
vt 0.300334 0.308966
vt 0.294168 0.415262
vt 0.289482 0.533150
vt 0.697650 0.141216
vt 0.233251 0.412549
vt 0.684332 0.259597
vt 0.240650 0.531670
vt 0.708502 0.031713
vt 0.242869 0.303046
vt 0.497389 0.079066
vt 0.431046 0.958486
vt 0.210765 0.303046
vt 0.758117 0.351632
vt 0.210765 0.468287
vt 0.482098 0.242333
vt 0.505774 0.011243
vt 0.431046 0.890106
vt 0.340534 0.612071
vt 0.708502 0.357755
vt 0.273698 0.626622
vt 0.187132 0.952749
vt 0.948846 0.364457
vt 0.486044 0.395735
vt 0.203119 0.622922
vt 0.655230 0.351835
vt 0.686552 0.444321
vt 0.187132 0.863470
vt 0.234977 0.668345
vt 0.627115 0.456652
vt 0.233251 0.728769
vt 0.948846 0.441404
vt 0.535616 0.454679
vt 0.243856 0.819527
vt 0.914812 0.393805
vt 0.180183 0.662383
vt 0.180430 0.700363
vt 0.916292 0.432279
vt 0.269259 0.841477
vt 0.760133 0.802263
vt 0.132337 0.396765
vt 0.830872 0.669535
vt 0.715001 0.702133
vt 0.827216 0.373335
vt 0.804730 0.416248
vt 0.764326 0.705832
vt 0.161193 0.303540
vt 0.804730 0.366676
vt 0.892326 0.438198
vt 0.285536 0.956695
vt 0.830915 0.420441
vt 0.285536 0.892572
vt 0.763050 0.438198
vt 0.240896 0.955462
vt 0.373132 0.890106
vt 0.233251 0.890106
vt 0.308022 0.899724
vt 0.730988 0.397011
vt 0.309009 0.940911
vt 0.409675 0.955215
vt 0.736907 0.356071
vt 0.373132 0.941158
vt 0.404682 0.891248
vt 0.113347 0.563238
vt 0.891832 0.020368
vt 0.752938 0.329146
vt 0.825693 0.821007
vt 0.431046 0.798564
vt 0.022835 0.170811
vt 0.100812 0.798317
vt 0.903577 0.908850
vt 0.587451 0.803003
vt 0.120296 0.828159
vt 0.656013 0.905150
vt 0.903577 0.944430
vt 0.629624 0.883200
vt 0.873335 0.927936
vt 0.582519 0.767736
vt 0.311432 0.611577
vt 0.149644 0.969027
vt 0.921631 0.886363
vt 0.321050 0.624895
vt 0.137313 0.957928
vt 0.887350 0.883157
vt 0.354345 0.624402
vt 0.342217 0.109154
vt 0.679936 0.702133
vt 0.492210 0.482591
vt 0.459612 0.104962
vt 0.337038 0.280560
vt 0.970862 0.900799
vt 0.560032 0.849123
vt 0.063528 0.722849
vt 0.011243 0.360017
vt 0.459365 0.279574
vt 0.944117 0.781552
vt 0.601959 0.481111
vt 0.232715 0.113100
vt 0.229015 0.277354
vt 0.019628 0.468287
vt 0.078326 0.832352
vt 0.532903 0.741840
vt 0.482098 0.860961
vt 0.958625 0.640186
vt 0.961091 0.505034
vt 0.498129 0.726795
vt 0.011243 0.866880
vt 0.764326 0.884637
vt 0.110881 0.477165
vt 0.850849 0.968287
vt 0.956899 0.479138
vt 0.078326 0.879704
vt 0.507501 0.702133
vt 0.850849 0.908850
vt 0.019875 0.890556
vt 0.746076 0.901901
vt 0.825693 0.927100
vt 0.908560 0.481358
vt 0.715001 0.905354
vt 0.863180 0.561759
vt 0.702423 0.813855
vt 0.492210 0.976876
vt 0.961091 0.756348
vt 0.970862 0.778834
vt 0.560032 0.970957
vt 0.825693 0.735138
vt 0.892326 0.364457
vt 0.357755 0.035166
vt 0.582519 0.878514
vt 0.609154 0.728522
vt 0.459612 0.011243
vt 0.595096 0.982591
vt 0.203902 0.829886
vt 0.656013 0.988757
vt 0.203902 0.722849
vt 0.877035 0.340244
vt 0.760337 0.011243
vt 0.101799 0.730248
vt 0.777601 0.112114
vt 0.630611 0.856028
vt 0.843943 0.111127
vt 0.482098 0.592094
vt 0.679936 0.811882
vt 0.959162 0.336545
vt 0.423647 0.309952
vt 0.886900 0.234441
vt 0.742333 0.116060
vt 0.959162 0.233208
vt 0.434499 0.412549
vt 0.052183 0.261570
vt 0.032453 0.646105
vt 0.952503 0.127158
vt 0.434499 0.518845
vt 0.768926 0.493689
vt 0.065501 0.109647
vt 0.938445 0.039852
vt 0.426114 0.606891
vt 0.886900 0.121732
vt 0.730988 0.228275
vt 0.580256 0.582722
vt 0.854548 0.209038
vt 0.882707 0.037879
vt 0.748252 0.310155
vt 0.674221 0.592587
vt 0.854548 0.303497
vt 0.921631 0.778834
vt 0.163412 0.117046
vt 0.671508 0.479138
vt 0.141709 0.267982
vt 0.021848 0.556333
vt 0.011243 0.237154
vt 0.039605 0.693951
vt 0.407863 0.861701
vt 0.803207 0.502815
vt 0.431046 0.739374
vt 0.030233 0.112114
vt 0.761773 0.613550
vt 0.788409 0.612564
vt 0.358044 0.656013
vt 0.749195 0.671014
vt 0.100812 0.900464
vt 0.803207 0.674714
vt 0.125968 0.852372
vt 0.294168 0.649848
vt 0.083752 0.674960
vt 0.088684 0.693951
vt 0.358784 0.867620
vt 0.691978 0.679646
vt 0.895489 0.863180
vt 0.102292 0.958175
vt 0.936965 0.011243
vt 0.837531 0.865647
vt 0.406137 0.627361
vt 0.300334 0.308966
vt 0.294168 0.415262
vt 0.289482 0.533150
vt 0.697650 0.141216
vt 0.233251 0.412549
vt 0.684332 0.259597
vt 0.240650 0.531670
vt 0.708502 0.031713
vt 0.242869 0.303046
vt 0.497389 0.079066
vt 0.431046 0.958486
vt 0.210765 0.303046
vt 0.758117 0.351632
vt 0.210765 0.468287
vt 0.482098 0.242333
vt 0.505774 0.011243
vt 0.431046 0.890106
vt 0.340534 0.612071
vt 0.708502 0.357755
vt 0.273698 0.626622
vt 0.187132 0.952749
vt 0.948846 0.364457
vt 0.486044 0.395735
vt 0.203119 0.622922
vt 0.655230 0.351835
vt 0.686552 0.444321
vt 0.187132 0.863470
vt 0.234977 0.668345
vt 0.627115 0.456652
vt 0.233251 0.728769
vt 0.948846 0.441404
vt 0.535616 0.454679
vt 0.243856 0.819527
vt 0.914812 0.393805
vt 0.180183 0.662383
vt 0.180430 0.700363
vt 0.916292 0.432279
vt 0.269259 0.841477
vt 0.760133 0.802263
vt 0.132337 0.396765
vt 0.830872 0.669535
vt 0.715001 0.702133
vt 0.827216 0.373335
vt 0.804730 0.416248
vt 0.764326 0.705832
vt 0.161193 0.303540
vt 0.804730 0.366676
vt 0.892326 0.438198
vt 0.285536 0.956695
vt 0.830915 0.420441
vt 0.285536 0.892572
vt 0.763050 0.438198
vt 0.240896 0.955462
vt 0.373132 0.890106
vt 0.233251 0.890106
vt 0.308022 0.899724
vt 0.730988 0.397011
vt 0.309009 0.940911
vt 0.409675 0.955215
vt 0.736907 0.356071
vt 0.373132 0.941158
vt 0.404682 0.891248
vt 0.113347 0.563238
vt 0.891832 0.020368
vt 0.752938 0.329146
vt 0.825693 0.821007
vt 0.431046 0.798564
vt 0.022835 0.170811
vt 0.100812 0.798317
vt 0.903577 0.908850
vt 0.587451 0.803003
vt 0.120296 0.828159
vt 0.656013 0.905150
vt 0.903577 0.944430
vt 0.629624 0.883200
vt 0.873335 0.927936
vt 0.582519 0.767736
vt 0.311432 0.611577
vt 0.149644 0.969027
vt 0.921631 0.886363
vt 0.321050 0.624895
vt 0.137313 0.957928
vt 0.887350 0.883157
vt 0.354345 0.624402
vt 0.342217 0.109154
vt 0.679936 0.702133
vt 0.492210 0.482591
vt 0.459612 0.104962
vt 0.337038 0.280560
vt 0.970862 0.900799
vt 0.560032 0.849123
vt 0.063528 0.722849
vt 0.011243 0.360017
vt 0.459365 0.279574
vt 0.944117 0.781552
vt 0.601959 0.481111
vt 0.232715 0.113100
vt 0.229015 0.277354
vt 0.019628 0.468287
vt 0.078326 0.832352
vt 0.532903 0.741840
vt 0.482098 0.860961
vt 0.958625 0.640186
vt 0.961091 0.505034
vt 0.498129 0.726795
vt 0.011243 0.866880
vt 0.764326 0.884637
vt 0.110881 0.477165
vt 0.850849 0.968287
vt 0.956899 0.479138
vt 0.078326 0.879704
vt 0.507501 0.702133
vt 0.850849 0.908850
vt 0.019875 0.890556
vt 0.746076 0.901901
vt 0.825693 0.927100
vt 0.908560 0.481358
vt 0.715001 0.905354
vt 0.863180 0.561759
vt 0.702423 0.813855
vt 0.492210 0.976876
vt 0.961091 0.756348
vt 0.970862 0.778834
vt 0.560032 0.970957
vt 0.825693 0.735138
vt 0.892326 0.364457
vt 0.357755 0.035166
vt 0.582519 0.878514
vt 0.609154 0.728522
vt 0.459612 0.011243
vt 0.595096 0.982591
vt 0.203902 0.829886
vt 0.656013 0.988757
vt 0.203902 0.722849
vt 0.877035 0.340244
vt 0.760337 0.011243
vt 0.101799 0.730248
vt 0.777601 0.112114
vt 0.630611 0.856028
vt 0.843943 0.111127
vt 0.482098 0.592094
vt 0.679936 0.811882
vt 0.959162 0.336545
vt 0.423647 0.309952
vt 0.886900 0.234441
vt 0.742333 0.116060
vt 0.959162 0.233208
vt 0.434499 0.412549
vt 0.052183 0.261570
vt 0.032453 0.646105
vt 0.952503 0.127158
vt 0.434499 0.518845
vt 0.768926 0.493689
vt 0.065501 0.109647
vt 0.938445 0.039852
vt 0.426114 0.606891
vt 0.886900 0.121732
vt 0.730988 0.228275
vt 0.580256 0.582722
vt 0.854548 0.209038
vt 0.882707 0.037879
vt 0.748252 0.310155
vt 0.674221 0.592587
vt 0.854548 0.303497
vt 0.921631 0.778834
vt 0.163412 0.117046
vt 0.671508 0.479138
vt 0.141709 0.267982
vt 0.021848 0.556333
vt 0.011243 0.237154
vt 0.039605 0.693951
vt 0.407863 0.861701
vt 0.803207 0.502815
vt 0.431046 0.739374
vt 0.030233 0.112114
vt 0.761773 0.613550
vt 0.788409 0.612564
vt 0.358044 0.656013
vt 0.749195 0.671014
vt 0.100812 0.900464
vt 0.803207 0.674714
vt 0.125968 0.852372
vt 0.294168 0.649848
vt 0.083752 0.674960
vt 0.088684 0.693951
vt 0.358784 0.867620
vt 0.691978 0.679646
vt 0.895489 0.863180
vt 0.102292 0.958175
vt 0.936965 0.011243
vt 0.837531 0.865647
vt 0.406137 0.627361
vt 0.300334 0.308966
vt 0.294168 0.415262
vt 0.289482 0.533150
vt 0.697650 0.141216
vt 0.233251 0.412549
vt 0.684332 0.259597
vt 0.240650 0.531670
vt 0.708502 0.031713
vt 0.242869 0.303046
vt 0.497389 0.079066
vt 0.431046 0.958486
vt 0.210765 0.303046
vt 0.758117 0.351632
vt 0.210765 0.468287
vt 0.482098 0.242333
vt 0.505774 0.011243
vt 0.431046 0.890106
vt 0.340534 0.612071
vt 0.708502 0.357755
vt 0.273698 0.626622
vt 0.187132 0.952749
vt 0.948846 0.364457
vt 0.486044 0.395735
vt 0.203119 0.622922
vt 0.655230 0.351835
vt 0.686552 0.444321
vt 0.187132 0.863470
vt 0.234977 0.668345
vt 0.627115 0.456652
vt 0.233251 0.728769
vt 0.948846 0.441404
vt 0.535616 0.454679
vt 0.243856 0.819527
vt 0.914812 0.393805
vt 0.180183 0.662383
vt 0.180430 0.700363
vt 0.916292 0.432279
vt 0.269259 0.841477
vt 0.760133 0.802263
vt 0.132337 0.396765
vt 0.830872 0.669535
vt 0.715001 0.702133
vt 0.827216 0.373335
vt 0.804730 0.416248
vt 0.764326 0.705832
vt 0.161193 0.303540
vt 0.804730 0.366676
vt 0.892326 0.438198
vt 0.285536 0.956695
vt 0.830915 0.420441
vt 0.285536 0.892572
vt 0.763050 0.438198
vt 0.240896 0.955462
vt 0.373132 0.890106
vt 0.233251 0.890106
vt 0.308022 0.899724
vt 0.730988 0.397011
vt 0.309009 0.940911
vt 0.409675 0.955215
vt 0.736907 0.356071
vt 0.373132 0.941158
vt 0.404682 0.891248
vt 0.113347 0.563238
vt 0.891832 0.020368
vt 0.752938 0.329146
vt 0.825693 0.821007
vt 0.431046 0.798564
vt 0.022835 0.170811
vt 0.100812 0.798317
vt 0.903577 0.908850
vt 0.587451 0.803003
vt 0.120296 0.828159
vt 0.656013 0.905150
vt 0.903577 0.944430
vt 0.629624 0.883200
vt 0.873335 0.927936
vt 0.582519 0.767736
vt 0.311432 0.611577
vt 0.149644 0.969027
vt 0.921631 0.886363
vt 0.321050 0.624895
vt 0.137313 0.957928
vt 0.887350 0.883157
vt 0.354345 0.624402
vt 0.342217 0.109154
vt 0.679936 0.702133
vt 0.492210 0.482591
vt 0.459612 0.104962
vt 0.337038 0.280560
vt 0.970862 0.900799
vt 0.560032 0.849123
vt 0.063528 0.722849
vt 0.011243 0.360017
vt 0.459365 0.279574
vt 0.944117 0.781552
vt 0.601959 0.481111
vt 0.232715 0.113100
vt 0.229015 0.277354
vt 0.019628 0.468287
vt 0.078326 0.832352
vt 0.532903 0.741840
vt 0.482098 0.860961
vt 0.958625 0.640186
vt 0.961091 0.505034
vt 0.498129 0.726795
vt 0.011243 0.866880
vt 0.764326 0.884637
vt 0.110881 0.477165
vt 0.850849 0.968287
vt 0.956899 0.479138
vt 0.078326 0.879704
vt 0.507501 0.702133
vt 0.850849 0.908850
vt 0.019875 0.890556
vt 0.746076 0.901901
vt 0.825693 0.927100
vt 0.908560 0.481358
vt 0.715001 0.905354
vt 0.863180 0.561759
vt 0.702423 0.813855
vt 0.492210 0.976876
vt 0.961091 0.756348
vt 0.970862 0.778834
vt 0.560032 0.970957
vt 0.825693 0.735138
vt 0.892326 0.364457
vt 0.357755 0.035166
vt 0.582519 0.878514
vt 0.609154 0.728522
vt 0.459612 0.011243
vt 0.595096 0.982591
vt 0.203902 0.829886
vt 0.656013 0.988757
vt 0.203902 0.722849
vt 0.877035 0.340244
vt 0.760337 0.011243
vt 0.101799 0.730248
vt 0.777601 0.112114
vt 0.630611 0.856028
vt 0.843943 0.111127
vt 0.482098 0.592094
vt 0.679936 0.811882
vt 0.959162 0.336545
vt 0.423647 0.309952
vt 0.886900 0.234441
vt 0.742333 0.116060
vt 0.959162 0.233208
vt 0.434499 0.412549
vt 0.052183 0.261570
vt 0.032453 0.646105
vt 0.952503 0.127158
vt 0.434499 0.518845
vt 0.768926 0.493689
vt 0.065501 0.109647
vt 0.938445 0.039852
vt 0.426114 0.606891
vt 0.886900 0.121732
vt 0.730988 0.228275
vt 0.580256 0.582722
vt 0.854548 0.209038
vt 0.882707 0.037879
vt 0.748252 0.310155
vt 0.674221 0.592587
vt 0.854548 0.303497
vt 0.921631 0.778834
vt 0.163412 0.117046
vt 0.671508 0.479138
vt 0.141709 0.267982
vt 0.021848 0.556333
vt 0.011243 0.237154
vt 0.039605 0.693951
vt 0.407863 0.861701
vt 0.803207 0.502815
vt 0.431046 0.739374
vt 0.030233 0.112114
vt 0.761773 0.613550
vt 0.788409 0.612564
vt 0.358044 0.656013
vt 0.749195 0.671014
vt 0.100812 0.900464
vt 0.803207 0.674714
vt 0.125968 0.852372
vt 0.294168 0.649848
vt 0.083752 0.674960
vt 0.088684 0.693951
vt 0.358784 0.867620
vt 0.691978 0.679646
vt 0.895489 0.863180
vt 0.102292 0.958175
vt 0.936965 0.011243
vt 0.837531 0.865647
vt 0.406137 0.627361
vt 0.300334 0.308966
vt 0.294168 0.415262
vt 0.289482 0.533150
vt 0.697650 0.141216
vt 0.233251 0.412549
vt 0.684332 0.259597
vt 0.240650 0.531670
vt 0.708502 0.031713
vt 0.242869 0.303046
vt 0.497389 0.079066
vt 0.431046 0.958486
vt 0.210765 0.303046
vt 0.758117 0.351632
vt 0.210765 0.468287
vt 0.482098 0.242333
vt 0.505774 0.011243
vt 0.431046 0.890106
vt 0.340534 0.612071
vt 0.708502 0.357755
vt 0.273698 0.626622
vt 0.187132 0.952749
vt 0.948846 0.364457
vt 0.486044 0.395735
vt 0.203119 0.622922
vt 0.655230 0.351835
vt 0.686552 0.444321
vt 0.187132 0.863470
vt 0.234977 0.668345
vt 0.627115 0.456652
vt 0.233251 0.728769
vt 0.948846 0.441404
vt 0.535616 0.454679
vt 0.243856 0.819527
vt 0.914812 0.393805
vt 0.180183 0.662383
vt 0.180430 0.700363
vt 0.916292 0.432279
vt 0.269259 0.841477
vt 0.760133 0.802263
vt 0.132337 0.396765
vt 0.830872 0.669535
vt 0.715001 0.702133
vt 0.827216 0.373335
vt 0.804730 0.416248
vt 0.764326 0.705832
vt 0.161193 0.303540
vt 0.804730 0.366676
vt 0.892326 0.438198
vt 0.285536 0.956695
vt 0.830915 0.420441
vt 0.285536 0.892572
vt 0.763050 0.438198
vt 0.240896 0.955462
vt 0.373132 0.890106
vt 0.233251 0.890106
vt 0.308022 0.899724
vt 0.730988 0.397011
vt 0.309009 0.940911
vt 0.409675 0.955215
vt 0.736907 0.356071
vt 0.373132 0.941158
vt 0.404682 0.891248
vt 0.113347 0.563238
vt 0.891832 0.020368
vt 0.752938 0.329146
vt 0.825693 0.821007
vt 0.431046 0.798564
vt 0.022835 0.170811
vt 0.100812 0.798317
vt 0.903577 0.908850
vt 0.587451 0.803003
vt 0.120296 0.828159
vt 0.656013 0.905150
vt 0.903577 0.944430
vt 0.629624 0.883200
vt 0.873335 0.927936
vt 0.582519 0.767736
vt 0.311432 0.611577
vt 0.149644 0.969027
vt 0.921631 0.886363
vt 0.321050 0.624895
vt 0.137313 0.957928
vt 0.887350 0.883157
vt 0.354345 0.624402
vt 0.342217 0.109154
vt 0.679936 0.702133
vt 0.492210 0.482591
vt 0.459612 0.104962
vt 0.337038 0.280560
vt 0.970862 0.900799
vt 0.560032 0.849123
vt 0.063528 0.722849
vt 0.011243 0.360017
vt 0.459365 0.279574
vt 0.944117 0.781552
vt 0.601959 0.481111
vt 0.232715 0.113100
vt 0.229015 0.277354
vt 0.019628 0.468287
vt 0.078326 0.832352
vt 0.532903 0.741840
vt 0.482098 0.860961
vt 0.958625 0.640186
vt 0.961091 0.505034
vt 0.498129 0.726795
vt 0.011243 0.866880
vt 0.764326 0.884637
vt 0.110881 0.477165
vt 0.850849 0.968287
vt 0.956899 0.479138
vt 0.078326 0.879704
vt 0.507501 0.702133
vt 0.850849 0.908850
vt 0.019875 0.890556
vt 0.746076 0.901901
vt 0.825693 0.927100
vt 0.908560 0.481358
vt 0.715001 0.905354
vt 0.863180 0.561759
vt 0.702423 0.813855
vt 0.492210 0.976876
vt 0.961091 0.756348
vt 0.970862 0.778834
vt 0.560032 0.970957
vt 0.825693 0.735138
vt 0.892326 0.364457
vt 0.357755 0.035166
vt 0.582519 0.878514
vt 0.609154 0.728522
vt 0.459612 0.011243
vt 0.595096 0.982591
vt 0.203902 0.829886
vt 0.656013 0.988757
vt 0.203902 0.722849
vt 0.877035 0.340244
vt 0.760337 0.011243
vt 0.101799 0.730248
vt 0.777601 0.112114
vt 0.630611 0.856028
vt 0.843943 0.111127
vt 0.482098 0.592094
vt 0.679936 0.811882
vt 0.959162 0.336545
vt 0.423647 0.309952
vt 0.886900 0.234441
vt 0.742333 0.116060
vt 0.959162 0.233208
vt 0.434499 0.412549
vt 0.052183 0.261570
vt 0.032453 0.646105
vt 0.952503 0.127158
vt 0.434499 0.518845
vt 0.768926 0.493689
vt 0.065501 0.109647
vt 0.938445 0.039852
vt 0.426114 0.606891
vt 0.886900 0.121732
vt 0.730988 0.228275
vt 0.580256 0.582722
vt 0.854548 0.209038
vt 0.882707 0.037879
vt 0.748252 0.310155
vt 0.674221 0.592587
vt 0.854548 0.303497
vt 0.921631 0.778834
vt 0.163412 0.117046
vt 0.671508 0.479138
vt 0.141709 0.267982
vt 0.021848 0.556333
vt 0.011243 0.237154
vt 0.039605 0.693951
vt 0.407863 0.861701
vt 0.803207 0.502815
vt 0.431046 0.739374
vt 0.030233 0.112114
vt 0.761773 0.613550
vt 0.788409 0.612564
vt 0.358044 0.656013
vt 0.749195 0.671014
vt 0.100812 0.900464
vt 0.803207 0.674714
vt 0.125968 0.852372
vt 0.294168 0.649848
vt 0.083752 0.674960
vt 0.088684 0.693951
vt 0.358784 0.867620
vt 0.691978 0.679646
vt 0.895489 0.863180
vt 0.102292 0.958175
vt 0.936965 0.011243
vt 0.837531 0.865647
vt 0.406137 0.627361
vt 0.300334 0.308966
vt 0.294168 0.415262
vt 0.289482 0.533150
vt 0.697650 0.141216
vt 0.233251 0.412549
vt 0.684332 0.259597
vt 0.240650 0.531670
vt 0.708502 0.031713
vt 0.242869 0.303046
vt 0.497389 0.079066
vt 0.431046 0.958486
vt 0.210765 0.303046
vt 0.758117 0.351632
vt 0.210765 0.468287
vt 0.482098 0.242333
vt 0.505774 0.011243
vt 0.431046 0.890106
vt 0.340534 0.612071
vt 0.708502 0.357755
vt 0.273698 0.626622
vt 0.187132 0.952749
vt 0.948846 0.364457
vt 0.486044 0.395735
vt 0.203119 0.622922
vt 0.655230 0.351835
vt 0.686552 0.444321
vt 0.187132 0.863470
vt 0.234977 0.668345
vt 0.627115 0.456652
vt 0.233251 0.728769
vt 0.948846 0.441404
vt 0.535616 0.454679
vt 0.243856 0.819527
vt 0.914812 0.393805
vt 0.180183 0.662383
vt 0.180430 0.700363
vt 0.916292 0.432279
vt 0.269259 0.841477
vt 0.760133 0.802263
vt 0.132337 0.396765
vt 0.830872 0.669535
vt 0.715001 0.702133
vt 0.827216 0.373335
vt 0.804730 0.416248
vt 0.764326 0.705832
vt 0.161193 0.303540
vt 0.804730 0.366676
vt 0.892326 0.438198
vt 0.285536 0.956695
vt 0.830915 0.420441
vt 0.285536 0.892572
vt 0.763050 0.438198
vt 0.240896 0.955462
vt 0.373132 0.890106
vt 0.233251 0.890106
vt 0.308022 0.899724
vt 0.730988 0.397011
vt 0.309009 0.940911
vt 0.409675 0.955215
vt 0.736907 0.356071
vt 0.373132 0.941158
vt 0.404682 0.891248
vt 0.113347 0.563238
vt 0.891832 0.020368
vt 0.752938 0.329146
vt 0.825693 0.821007
vt 0.431046 0.798564
vt 0.022835 0.170811
vt 0.100812 0.798317
vt 0.903577 0.908850
vt 0.587451 0.803003
vt 0.120296 0.828159
vt 0.656013 0.905150
vt 0.903577 0.944430
vt 0.629624 0.883200
vt 0.873335 0.927936
vt 0.582519 0.767736
vt 0.311432 0.611577
vt 0.149644 0.969027
vt 0.921631 0.886363
vt 0.321050 0.624895
vt 0.137313 0.957928
vt 0.887350 0.883157
vt 0.354345 0.624402
vt 0.342217 0.109154
vt 0.679936 0.702133
vt 0.492210 0.482591
vt 0.459612 0.104962
vt 0.337038 0.280560
vt 0.970862 0.900799
vt 0.560032 0.849123
vt 0.063528 0.722849
vt 0.011243 0.360017
vt 0.459365 0.279574
vt 0.944117 0.781552
vt 0.601959 0.481111
vt 0.232715 0.113100
vt 0.229015 0.277354
vt 0.019628 0.468287
vt 0.078326 0.832352
vt 0.532903 0.741840
vt 0.482098 0.860961
vt 0.958625 0.640186
vt 0.961091 0.505034
vt 0.498129 0.726795
vt 0.011243 0.866880
vt 0.764326 0.884637
vt 0.110881 0.477165
vt 0.850849 0.968287
vt 0.956899 0.479138
vt 0.078326 0.879704
vt 0.507501 0.702133
vt 0.850849 0.908850
vt 0.019875 0.890556
vt 0.746076 0.901901
vt 0.825693 0.927100
vt 0.908560 0.481358
vt 0.715001 0.905354
vt 0.863180 0.561759
vt 0.702423 0.813855
vt 0.492210 0.976876
vt 0.961091 0.756348
vt 0.970862 0.778834
vt 0.560032 0.970957
vt 0.825693 0.735138
vt 0.892326 0.364457
vt 0.357755 0.035166
vt 0.582519 0.878514
vt 0.609154 0.728522
vt 0.459612 0.011243
vt 0.595096 0.982591
vt 0.203902 0.829886
vt 0.656013 0.988757
vt 0.203902 0.722849
vt 0.877035 0.340244
vt 0.760337 0.011243
vt 0.101799 0.730248
vt 0.777601 0.112114
vt 0.630611 0.856028
vt 0.843943 0.111127
vt 0.482098 0.592094
vt 0.679936 0.811882
vt 0.959162 0.336545
vt 0.423647 0.309952
vt 0.886900 0.234441
vt 0.742333 0.116060
vt 0.959162 0.233208
vt 0.434499 0.412549
vt 0.052183 0.261570
vt 0.032453 0.646105
vt 0.952503 0.127158
vt 0.434499 0.518845
vt 0.768926 0.493689
vt 0.065501 0.109647
vt 0.938445 0.039852
vt 0.426114 0.606891
vt 0.886900 0.121732
vt 0.730988 0.228275
vt 0.580256 0.582722
vt 0.854548 0.209038
vt 0.882707 0.037879
vt 0.748252 0.310155
vt 0.674221 0.592587
vt 0.854548 0.303497
vt 0.921631 0.778834
vt 0.163412 0.117046
vt 0.671508 0.479138
vt 0.141709 0.267982
vt 0.021848 0.556333
vt 0.011243 0.237154
vt 0.039605 0.693951
vt 0.407863 0.861701
vt 0.803207 0.502815
vt 0.431046 0.739374
vt 0.030233 0.112114
vt 0.761773 0.613550
vt 0.788409 0.612564
vt 0.358044 0.656013
vt 0.749195 0.671014
vt 0.100812 0.900464
vt 0.803207 0.674714
vt 0.125968 0.852372
vt 0.294168 0.649848
vt 0.083752 0.674960
vt 0.088684 0.693951
vt 0.358784 0.867620
vt 0.691978 0.679646
vt 0.895489 0.863180
vt 0.102292 0.958175
vt 0.936965 0.011243
vt 0.837531 0.865647
vt 0.406137 0.627361
vt 0.300334 0.308966
vt 0.294168 0.415262
vt 0.289482 0.533150
vt 0.697650 0.141216
vt 0.233251 0.412549
vt 0.684332 0.259597
vt 0.240650 0.531670
vt 0.708502 0.031713
vt 0.242869 0.303046
vt 0.497389 0.079066
vt 0.431046 0.958486
vt 0.210765 0.303046
vt 0.758117 0.351632
vt 0.210765 0.468287
vt 0.482098 0.242333
vt 0.505774 0.011243
vt 0.431046 0.890106
vt 0.340534 0.612071
vt 0.708502 0.357755
vt 0.273698 0.626622
vt 0.187132 0.952749
vt 0.948846 0.364457
vt 0.486044 0.395735
vt 0.203119 0.622922
vt 0.655230 0.351835
vt 0.686552 0.444321
vt 0.187132 0.863470
vt 0.234977 0.668345
vt 0.627115 0.456652
vt 0.233251 0.728769
vt 0.948846 0.441404
vt 0.535616 0.454679
vt 0.243856 0.819527
vt 0.914812 0.393805
vt 0.180183 0.662383
vt 0.180430 0.700363
vt 0.916292 0.432279
vt 0.269259 0.841477
vt 0.760133 0.802263
vt 0.132337 0.396765
vt 0.830872 0.669535
vt 0.715001 0.702133
vt 0.827216 0.373335
vt 0.804730 0.416248
vt 0.764326 0.705832
vt 0.161193 0.303540
vt 0.804730 0.366676
vt 0.892326 0.438198
vt 0.285536 0.956695
vt 0.830915 0.420441
vt 0.285536 0.892572
vt 0.763050 0.438198
vt 0.240896 0.955462
vt 0.373132 0.890106
vt 0.233251 0.890106
vt 0.308022 0.899724
vt 0.730988 0.397011
vt 0.309009 0.940911
vt 0.409675 0.955215
vt 0.736907 0.356071
vt 0.373132 0.941158
vt 0.404682 0.891248
vt 0.113347 0.563238
vt 0.891832 0.020368
vt 0.752938 0.329146
vt 0.825693 0.821007
vt 0.431046 0.798564
vt 0.022835 0.170811
vt 0.100812 0.798317
vt 0.903577 0.908850
vt 0.587451 0.803003
vt 0.120296 0.828159
vt 0.656013 0.905150
vt 0.903577 0.944430
vt 0.629624 0.883200
vt 0.873335 0.927936
vt 0.582519 0.767736
vt 0.311432 0.611577
vt 0.149644 0.969027
vt 0.921631 0.886363
vt 0.321050 0.624895
vt 0.137313 0.957928
vt 0.887350 0.883157
vt 0.354345 0.624402
vt 0.342217 0.109154
vt 0.679936 0.702133
vt 0.492210 0.482591
vt 0.459612 0.104962
vt 0.337038 0.280560
vt 0.970862 0.900799
vt 0.560032 0.849123
vt 0.063528 0.722849
vt 0.011243 0.360017
vt 0.459365 0.279574
vt 0.944117 0.781552
vt 0.601959 0.481111
vt 0.232715 0.113100
vt 0.229015 0.277354
vt 0.019628 0.468287
vt 0.078326 0.832352
vt 0.532903 0.741840
vt 0.482098 0.860961
vt 0.958625 0.640186
vt 0.961091 0.505034
vt 0.498129 0.726795
vt 0.011243 0.866880
vt 0.764326 0.884637
vt 0.110881 0.477165
vt 0.850849 0.968287
vt 0.956899 0.479138
vt 0.078326 0.879704
vt 0.507501 0.702133
vt 0.850849 0.908850
vt 0.019875 0.890556
vt 0.746076 0.901901
vt 0.825693 0.927100
vt 0.908560 0.481358
vt 0.715001 0.905354
vt 0.863180 0.561759
vt 0.702423 0.813855
vt 0.492210 0.976876
vt 0.961091 0.756348
vt 0.970862 0.778834
vt 0.560032 0.970957
vt 0.825693 0.735138
vt 0.892326 0.364457
vt 0.357755 0.035166
vt 0.582519 0.878514
vt 0.609154 0.728522
vt 0.459612 0.011243
vt 0.595096 0.982591
vt 0.203902 0.829886
vt 0.656013 0.988757
vt 0.203902 0.722849
vt 0.877035 0.340244
vt 0.760337 0.011243
vt 0.101799 0.730248
vt 0.777601 0.112114
vt 0.630611 0.856028
vt 0.843943 0.111127
vt 0.482098 0.592094
vt 0.679936 0.811882
vt 0.959162 0.336545
vt 0.423647 0.309952
vt 0.886900 0.234441
vt 0.742333 0.116060
vt 0.959162 0.233208
vt 0.434499 0.412549
vt 0.052183 0.261570
vt 0.032453 0.646105
vt 0.952503 0.127158
vt 0.434499 0.518845
vt 0.768926 0.493689
vt 0.065501 0.109647
vt 0.938445 0.039852
vt 0.426114 0.606891
vt 0.886900 0.121732
vt 0.730988 0.228275
vt 0.580256 0.582722
vt 0.854548 0.209038
vt 0.882707 0.037879
vt 0.748252 0.310155
vt 0.674221 0.592587
vt 0.854548 0.303497
vt 0.921631 0.778834
vt 0.163412 0.117046
vt 0.671508 0.479138
vt 0.141709 0.267982
vt 0.021848 0.556333
vt 0.011243 0.237154
vt 0.039605 0.693951
vt 0.407863 0.861701
vt 0.803207 0.502815
vt 0.431046 0.739374
vt 0.030233 0.112114
vt 0.761773 0.613550
vt 0.788409 0.612564
vt 0.358044 0.656013
vt 0.749195 0.671014
vt 0.100812 0.900464
vt 0.803207 0.674714
vt 0.125968 0.852372
vt 0.294168 0.649848
vt 0.083752 0.674960
vt 0.088684 0.693951
vt 0.358784 0.867620
vt 0.691978 0.679646
vt 0.895489 0.863180
vt 0.102292 0.958175
vt 0.936965 0.011243
vt 0.837531 0.865647
vt 0.406137 0.627361
vt 0.300334 0.308966
vt 0.294168 0.415262
vt 0.289482 0.533150
vt 0.697650 0.141216
vt 0.233251 0.412549
vt 0.684332 0.259597
vt 0.240650 0.531670
vt 0.708502 0.031713
vt 0.242869 0.303046
vt 0.497389 0.079066
vt 0.431046 0.958486
vt 0.210765 0.303046
vt 0.758117 0.351632
vt 0.210765 0.468287
vt 0.482098 0.242333
vt 0.505774 0.011243
vt 0.431046 0.890106
vt 0.340534 0.612071
vt 0.708502 0.357755
vt 0.273698 0.626622
vt 0.187132 0.952749
vt 0.948846 0.364457
vt 0.486044 0.395735
vt 0.203119 0.622922
vt 0.655230 0.351835
vt 0.686552 0.444321
vt 0.187132 0.863470
vt 0.234977 0.668345
vt 0.627115 0.456652
vt 0.233251 0.728769
vt 0.948846 0.441404
vt 0.535616 0.454679
vt 0.243856 0.819527
vt 0.914812 0.393805
vt 0.180183 0.662383
vt 0.180430 0.700363
vt 0.916292 0.432279
vt 0.269259 0.841477
vt 0.760133 0.802263
vt 0.132337 0.396765
vt 0.830872 0.669535
vt 0.715001 0.702133
vt 0.827216 0.373335
vt 0.804730 0.416248
vt 0.764326 0.705832
vt 0.161193 0.303540
vt 0.804730 0.366676
vt 0.892326 0.438198
vt 0.285536 0.956695
vt 0.830915 0.420441
vt 0.285536 0.892572
vt 0.763050 0.438198
vt 0.240896 0.955462
vt 0.373132 0.890106
vt 0.233251 0.890106
vt 0.308022 0.899724
vt 0.730988 0.397011
vt 0.309009 0.940911
vt 0.409675 0.955215
vt 0.736907 0.356071
vt 0.373132 0.941158
vt 0.404682 0.891248
vt 0.113347 0.563238
vt 0.891832 0.020368
vt 0.752938 0.329146
vt 0.825693 0.821007
vt 0.431046 0.798564
vt 0.022835 0.170811
vt 0.100812 0.798317
vt 0.903577 0.908850
vt 0.587451 0.803003
vt 0.120296 0.828159
vt 0.656013 0.905150
vt 0.903577 0.944430
vt 0.629624 0.883200
vt 0.873335 0.927936
vt 0.582519 0.767736
vt 0.311432 0.611577
vt 0.149644 0.969027
vt 0.921631 0.886363
vt 0.321050 0.624895
vt 0.137313 0.957928
vt 0.887350 0.883157
vt 0.354345 0.624402
vt 0.342217 0.109154
vt 0.679936 0.702133
vt 0.492210 0.482591
vt 0.459612 0.104962
vt 0.337038 0.280560
vt 0.970862 0.900799
vt 0.560032 0.849123
vt 0.063528 0.722849
vt 0.011243 0.360017
vt 0.459365 0.279574
vt 0.944117 0.781552
vt 0.601959 0.481111
vt 0.232715 0.113100
vt 0.229015 0.277354
vt 0.019628 0.468287
vt 0.078326 0.832352
vt 0.532903 0.741840
vt 0.482098 0.860961
vt 0.958625 0.640186
vt 0.961091 0.505034
vt 0.498129 0.726795
vt 0.011243 0.866880
vt 0.764326 0.884637
vt 0.110881 0.477165
vt 0.850849 0.968287
vt 0.956899 0.479138
vt 0.078326 0.879704
vt 0.507501 0.702133
vt 0.850849 0.908850
vt 0.019875 0.890556
vt 0.746076 0.901901
vt 0.825693 0.927100
vt 0.908560 0.481358
vt 0.715001 0.905354
vt 0.863180 0.561759
vt 0.702423 0.813855
vt 0.492210 0.976876
vt 0.961091 0.756348
vt 0.970862 0.778834
vt 0.560032 0.970957
vt 0.825693 0.735138
vt 0.892326 0.364457
vt 0.357755 0.035166
vt 0.582519 0.878514
vt 0.609154 0.728522
vt 0.459612 0.011243
vt 0.595096 0.982591
vt 0.203902 0.829886
vt 0.656013 0.988757
vt 0.203902 0.722849
vt 0.877035 0.340244
vt 0.760337 0.011243
vt 0.101799 0.730248
vt 0.777601 0.112114
vt 0.630611 0.856028
vt 0.843943 0.111127
vt 0.482098 0.592094
vt 0.679936 0.811882
vt 0.959162 0.336545
vt 0.423647 0.309952
vt 0.886900 0.234441
vt 0.742333 0.116060
vt 0.959162 0.233208
vt 0.434499 0.412549
vt 0.052183 0.261570
vt 0.032453 0.646105
vt 0.952503 0.127158
vt 0.434499 0.518845
vt 0.768926 0.493689
vt 0.065501 0.109647
vt 0.938445 0.039852
vt 0.426114 0.606891
vt 0.886900 0.121732
vt 0.730988 0.228275
vt 0.580256 0.582722
vt 0.854548 0.209038
vt 0.882707 0.037879
vt 0.748252 0.310155
vt 0.674221 0.592587
vt 0.854548 0.303497
vt 0.921631 0.778834
vt 0.163412 0.117046
vt 0.671508 0.479138
vt 0.141709 0.267982
vt 0.021848 0.556333
vt 0.011243 0.237154
vt 0.039605 0.693951
vt 0.407863 0.861701
vt 0.803207 0.502815
vt 0.431046 0.739374
vt 0.030233 0.112114
vt 0.761773 0.613550
vt 0.788409 0.612564
vt 0.358044 0.656013
vt 0.749195 0.671014
vt 0.100812 0.900464
vt 0.803207 0.674714
vt 0.125968 0.852372
vt 0.294168 0.649848
vt 0.083752 0.674960
vt 0.088684 0.693951
vt 0.358784 0.867620
vt 0.691978 0.679646
vt 0.895489 0.863180
vt 0.102292 0.958175
vt 0.936965 0.011243
vt 0.837531 0.865647
vt 0.406137 0.627361
vt 0.300334 0.308966
vt 0.294168 0.415262
vt 0.289482 0.533150
vt 0.697650 0.141216
vt 0.233251 0.412549
vt 0.684332 0.259597
vt 0.240650 0.531670
vt 0.708502 0.031713
vt 0.242869 0.303046
vt 0.497389 0.079066
vt 0.431046 0.958486
vt 0.210765 0.303046
vt 0.758117 0.351632
vt 0.210765 0.468287
vt 0.482098 0.242333
vt 0.505774 0.011243
vt 0.431046 0.890106
vt 0.340534 0.612071
vt 0.708502 0.357755
vt 0.273698 0.626622
vt 0.187132 0.952749
vt 0.948846 0.364457
vt 0.486044 0.395735
vt 0.203119 0.622922
vt 0.655230 0.351835
vt 0.686552 0.444321
vt 0.187132 0.863470
vt 0.234977 0.668345
vt 0.627115 0.456652
vt 0.233251 0.728769
vt 0.948846 0.441404
vt 0.535616 0.454679
vt 0.243856 0.819527
vt 0.914812 0.393805
vt 0.180183 0.662383
vt 0.180430 0.700363
vt 0.916292 0.432279
vt 0.269259 0.841477
vt 0.760133 0.802263
vt 0.132337 0.396765
vt 0.830872 0.669535
vt 0.715001 0.702133
vt 0.827216 0.373335
vt 0.804730 0.416248
vt 0.764326 0.705832
vt 0.161193 0.303540
vt 0.804730 0.366676
vt 0.892326 0.438198
vt 0.285536 0.956695
vt 0.830915 0.420441
vt 0.285536 0.892572
vt 0.763050 0.438198
vt 0.240896 0.955462
vt 0.373132 0.890106
vt 0.233251 0.890106
vt 0.308022 0.899724
vt 0.730988 0.397011
vt 0.309009 0.940911
vt 0.409675 0.955215
vt 0.736907 0.356071
vt 0.373132 0.941158
vt 0.404682 0.891248
vt 0.113347 0.563238
vt 0.891832 0.020368
vt 0.752938 0.329146
vt 0.825693 0.821007
vt 0.431046 0.798564
vt 0.022835 0.170811
vt 0.100812 0.798317
vt 0.903577 0.908850
vt 0.587451 0.803003
vt 0.120296 0.828159
vt 0.656013 0.905150
vt 0.903577 0.944430
vt 0.629624 0.883200
vt 0.873335 0.927936
vt 0.582519 0.767736
vt 0.311432 0.611577
vt 0.149644 0.969027
vt 0.921631 0.886363
vt 0.321050 0.624895
vt 0.137313 0.957928
vt 0.887350 0.883157
vt 0.354345 0.624402
vt 0.342217 0.109154
vt 0.679936 0.702133
vt 0.492210 0.482591
vt 0.459612 0.104962
vt 0.337038 0.280560
vt 0.970862 0.900799
vt 0.560032 0.849123
vt 0.063528 0.722849
vt 0.011243 0.360017
vt 0.459365 0.279574
vt 0.944117 0.781552
vt 0.601959 0.481111
vt 0.232715 0.113100
vt 0.229015 0.277354
vt 0.019628 0.468287
vt 0.078326 0.832352
vt 0.532903 0.741840
vt 0.482098 0.860961
vt 0.958625 0.640186
vt 0.961091 0.505034
vt 0.498129 0.726795
vt 0.011243 0.866880
vt 0.764326 0.884637
vt 0.110881 0.477165
vt 0.850849 0.968287
vt 0.956899 0.479138
vt 0.078326 0.879704
vt 0.507501 0.702133
vt 0.850849 0.908850
vt 0.019875 0.890556
vt 0.746076 0.901901
vt 0.825693 0.927100
vt 0.908560 0.481358
vt 0.715001 0.905354
vt 0.863180 0.561759
vt 0.702423 0.813855
vt 0.492210 0.976876
vt 0.961091 0.756348
vt 0.970862 0.778834
vt 0.560032 0.970957
vt 0.825693 0.735138
vt 0.892326 0.364457
vt 0.357755 0.035166
vt 0.582519 0.878514
vt 0.609154 0.728522
vt 0.459612 0.011243
vt 0.595096 0.982591
vt 0.203902 0.829886
vt 0.656013 0.988757
vt 0.203902 0.722849
vt 0.877035 0.340244
vt 0.760337 0.011243
vt 0.101799 0.730248
vt 0.777601 0.112114
vt 0.630611 0.856028
vt 0.843943 0.111127
vt 0.482098 0.592094
vt 0.679936 0.811882
vt 0.959162 0.336545
vt 0.423647 0.309952
vt 0.886900 0.234441
vt 0.742333 0.116060
vt 0.959162 0.233208
vt 0.434499 0.412549
vt 0.052183 0.261570
vt 0.032453 0.646105
vt 0.952503 0.127158
vt 0.434499 0.518845
vt 0.768926 0.493689
vt 0.065501 0.109647
vt 0.938445 0.039852
vt 0.426114 0.606891
vt 0.886900 0.121732
vt 0.730988 0.228275
vt 0.580256 0.582722
vt 0.854548 0.209038
vt 0.882707 0.037879
vt 0.748252 0.310155
vt 0.674221 0.592587
vt 0.854548 0.303497
vt 0.921631 0.778834
vt 0.163412 0.117046
vt 0.671508 0.479138
vt 0.141709 0.267982
vt 0.021848 0.556333
vt 0.011243 0.237154
vt 0.039605 0.693951
vt 0.407863 0.861701
vt 0.803207 0.502815
vt 0.431046 0.739374
vt 0.030233 0.112114
vt 0.761773 0.613550
vt 0.788409 0.612564
vt 0.358044 0.656013
vt 0.749195 0.671014
vt 0.100812 0.900464
vt 0.803207 0.674714
vt 0.125968 0.852372
vt 0.294168 0.649848
vt 0.083752 0.674960
vt 0.088684 0.693951
vt 0.358784 0.867620
vt 0.691978 0.679646
vt 0.895489 0.863180
vt 0.102292 0.958175
vt 0.936965 0.011243
vt 0.837531 0.865647
vt 0.406137 0.627361
vt 0.300334 0.308966
vt 0.294168 0.415262
vt 0.289482 0.533150
vt 0.697650 0.141216
vt 0.233251 0.412549
vt 0.684332 0.259597
vt 0.240650 0.531670
vt 0.708502 0.031713
vt 0.242869 0.303046
vt 0.497389 0.079066
vt 0.431046 0.958486
vt 0.210765 0.303046
vt 0.758117 0.351632
vt 0.210765 0.468287
vt 0.482098 0.242333
vt 0.505774 0.011243
vt 0.431046 0.890106
vt 0.340534 0.612071
vt 0.708502 0.357755
vt 0.273698 0.626622
vt 0.187132 0.952749
vt 0.948846 0.364457
vt 0.486044 0.395735
vt 0.203119 0.622922
vt 0.655230 0.351835
vt 0.686552 0.444321
vt 0.187132 0.863470
vt 0.234977 0.668345
vt 0.627115 0.456652
vt 0.233251 0.728769
vt 0.948846 0.441404
vt 0.535616 0.454679
vt 0.243856 0.819527
vt 0.914812 0.393805
vt 0.180183 0.662383
vt 0.180430 0.700363
vt 0.916292 0.432279
vt 0.269259 0.841477
vt 0.760133 0.802263
vt 0.132337 0.396765
vt 0.830872 0.669535
vt 0.715001 0.702133
vt 0.827216 0.373335
vt 0.804730 0.416248
vt 0.764326 0.705832
vt 0.161193 0.303540
vt 0.804730 0.366676
vt 0.892326 0.438198
vt 0.285536 0.956695
vt 0.830915 0.420441
vt 0.285536 0.892572
vt 0.763050 0.438198
vt 0.240896 0.955462
vt 0.373132 0.890106
vt 0.233251 0.890106
vt 0.308022 0.899724
vt 0.730988 0.397011
vt 0.309009 0.940911
vt 0.409675 0.955215
vt 0.736907 0.356071
vt 0.373132 0.941158
vt 0.404682 0.891248
vt 0.113347 0.563238
vt 0.891832 0.020368
vt 0.752938 0.329146
vt 0.825693 0.821007
vt 0.431046 0.798564
vt 0.022835 0.170811
vt 0.100812 0.798317
vt 0.903577 0.908850
vt 0.587451 0.803003
vt 0.120296 0.828159
vt 0.656013 0.905150
vt 0.903577 0.944430
vt 0.629624 0.883200
vt 0.873335 0.927936
vt 0.582519 0.767736
vt 0.311432 0.611577
vt 0.149644 0.969027
vt 0.921631 0.886363
vt 0.321050 0.624895
vt 0.137313 0.957928
vt 0.887350 0.883157
vt 0.354345 0.624402
vt 0.342217 0.109154
vt 0.679936 0.702133
vt 0.492210 0.482591
vt 0.459612 0.104962
vt 0.337038 0.280560
vt 0.970862 0.900799
vt 0.560032 0.849123
vt 0.063528 0.722849
vt 0.011243 0.360017
vt 0.459365 0.279574
vt 0.944117 0.781552
vt 0.601959 0.481111
vt 0.232715 0.113100
vt 0.229015 0.277354
vt 0.019628 0.468287
vt 0.078326 0.832352
vt 0.532903 0.741840
vt 0.482098 0.860961
vt 0.958625 0.640186
vt 0.961091 0.505034
vt 0.498129 0.726795
vt 0.011243 0.866880
vt 0.764326 0.884637
vt 0.110881 0.477165
vt 0.850849 0.968287
vt 0.956899 0.479138
vt 0.078326 0.879704
vt 0.507501 0.702133
vt 0.850849 0.908850
vt 0.019875 0.890556
vt 0.746076 0.901901
vt 0.825693 0.927100
vt 0.908560 0.481358
vt 0.715001 0.905354
vt 0.863180 0.561759
vt 0.702423 0.813855
vt 0.492210 0.976876
vt 0.961091 0.756348
vt 0.970862 0.778834
vt 0.560032 0.970957
vt 0.825693 0.735138
vt 0.892326 0.364457
vt 0.357755 0.035166
vt 0.582519 0.878514
vt 0.609154 0.728522
vt 0.459612 0.011243
vt 0.595096 0.982591
vt 0.203902 0.829886
vt 0.656013 0.988757
vt 0.203902 0.722849
vt 0.877035 0.340244
vt 0.760337 0.011243
vt 0.101799 0.730248
vt 0.777601 0.112114
vt 0.630611 0.856028
vt 0.843943 0.111127
vt 0.482098 0.592094
vt 0.679936 0.811882
vt 0.959162 0.336545
vt 0.423647 0.309952
vt 0.886900 0.234441
vt 0.742333 0.116060
vt 0.959162 0.233208
vt 0.434499 0.412549
vt 0.052183 0.261570
vt 0.032453 0.646105
vt 0.952503 0.127158
vt 0.434499 0.518845
vt 0.768926 0.493689
vt 0.065501 0.109647
vt 0.938445 0.039852
vt 0.426114 0.606891
vt 0.886900 0.121732
vt 0.730988 0.228275
vt 0.580256 0.582722
vt 0.854548 0.209038
vt 0.882707 0.037879
vt 0.748252 0.310155
vt 0.674221 0.592587
vt 0.854548 0.303497
vt 0.921631 0.778834
vt 0.163412 0.117046
vt 0.671508 0.479138
vt 0.141709 0.267982
vt 0.021848 0.556333
vt 0.011243 0.237154
vt 0.039605 0.693951
vt 0.407863 0.861701
vt 0.803207 0.502815
vt 0.431046 0.739374
vt 0.030233 0.112114
vt 0.761773 0.613550
vt 0.788409 0.612564
vt 0.358044 0.656013
vt 0.749195 0.671014
vt 0.100812 0.900464
vt 0.803207 0.674714
vt 0.125968 0.852372
vt 0.294168 0.649848
vt 0.083752 0.674960
vt 0.088684 0.693951
vt 0.358784 0.867620
vt 0.691978 0.679646
vt 0.895489 0.863180
vt 0.102292 0.958175
vt 0.936965 0.011243
vt 0.837531 0.865647
vt 0.406137 0.627361
vt 0.300334 0.308966
vt 0.294168 0.415262
vt 0.289482 0.533150
vt 0.697650 0.141216
vt 0.233251 0.412549
vt 0.684332 0.259597
vt 0.240650 0.531670
vt 0.708502 0.031713
vt 0.242869 0.303046
vt 0.497389 0.079066
vt 0.431046 0.958486
vt 0.210765 0.303046
vt 0.758117 0.351632
vt 0.210765 0.468287
vt 0.482098 0.242333
vt 0.505774 0.011243
vt 0.431046 0.890106
vt 0.340534 0.612071
vt 0.708502 0.357755
vt 0.273698 0.626622
vt 0.187132 0.952749
vt 0.948846 0.364457
vt 0.486044 0.395735
vt 0.203119 0.622922
vt 0.655230 0.351835
vt 0.686552 0.444321
vt 0.187132 0.863470
vt 0.234977 0.668345
vt 0.627115 0.456652
vt 0.233251 0.728769
vt 0.948846 0.441404
vt 0.535616 0.454679
vt 0.243856 0.819527
vt 0.914812 0.393805
vt 0.180183 0.662383
vt 0.180430 0.700363
vt 0.916292 0.432279
vt 0.269259 0.841477
vt 0.760133 0.802263
vt 0.132337 0.396765
vt 0.830872 0.669535
vt 0.715001 0.702133
vt 0.827216 0.373335
vt 0.804730 0.416248
vt 0.764326 0.705832
vt 0.161193 0.303540
vt 0.804730 0.366676
vt 0.892326 0.438198
vt 0.285536 0.956695
vt 0.830915 0.420441
vt 0.285536 0.892572
vt 0.763050 0.438198
vt 0.240896 0.955462
vt 0.373132 0.890106
vt 0.233251 0.890106
vt 0.308022 0.899724
vt 0.730988 0.397011
vt 0.309009 0.940911
vt 0.409675 0.955215
vt 0.736907 0.356071
vt 0.373132 0.941158
vt 0.404682 0.891248
vt 0.113347 0.563238
vt 0.891832 0.020368
vt 0.752938 0.329146
vt 0.825693 0.821007
vt 0.431046 0.798564
vt 0.022835 0.170811
vt 0.100812 0.798317
vt 0.903577 0.908850
vt 0.587451 0.803003
vt 0.120296 0.828159
vt 0.656013 0.905150
vt 0.903577 0.944430
vt 0.629624 0.883200
vt 0.873335 0.927936
vt 0.582519 0.767736
vt 0.311432 0.611577
vt 0.149644 0.969027
vt 0.921631 0.886363
vt 0.321050 0.624895
vt 0.137313 0.957928
vt 0.887350 0.883157
vt 0.354345 0.624402
vt 0.342217 0.109154
vt 0.679936 0.702133
vt 0.492210 0.482591
vt 0.459612 0.104962
vt 0.337038 0.280560
vt 0.970862 0.900799
vt 0.560032 0.849123
vt 0.063528 0.722849
vt 0.011243 0.360017
vt 0.459365 0.279574
vt 0.944117 0.781552
vt 0.601959 0.481111
vt 0.232715 0.113100
vt 0.229015 0.277354
vt 0.019628 0.468287
vt 0.078326 0.832352
vt 0.532903 0.741840
vt 0.482098 0.860961
vt 0.958625 0.640186
vt 0.961091 0.505034
vt 0.498129 0.726795
vt 0.011243 0.866880
vt 0.764326 0.884637
vt 0.110881 0.477165
vt 0.850849 0.968287
vt 0.956899 0.479138
vt 0.078326 0.879704
vt 0.507501 0.702133
vt 0.850849 0.908850
vt 0.019875 0.890556
vt 0.746076 0.901901
vt 0.825693 0.927100
vt 0.908560 0.481358
vt 0.715001 0.905354
vt 0.863180 0.561759
vt 0.702423 0.813855
vt 0.492210 0.976876
vt 0.961091 0.756348
vt 0.970862 0.778834
vt 0.560032 0.970957
vt 0.825693 0.735138
vt 0.892326 0.364457
vt 0.357755 0.035166
vt 0.582519 0.878514
vt 0.609154 0.728522
vt 0.459612 0.011243
vt 0.595096 0.982591
vt 0.203902 0.829886
vt 0.656013 0.988757
vt 0.203902 0.722849
vt 0.877035 0.340244
vt 0.760337 0.011243
vt 0.101799 0.730248
vt 0.777601 0.112114
vt 0.630611 0.856028
vt 0.843943 0.111127
vt 0.482098 0.592094
vt 0.679936 0.811882
vt 0.959162 0.336545
vt 0.423647 0.309952
vt 0.886900 0.234441
vt 0.742333 0.116060
vt 0.959162 0.233208
vt 0.434499 0.412549
vt 0.052183 0.261570
vt 0.032453 0.646105
vt 0.952503 0.127158
vt 0.434499 0.518845
vt 0.768926 0.493689
vt 0.065501 0.109647
vt 0.938445 0.039852
vt 0.426114 0.606891
vt 0.886900 0.121732
vt 0.730988 0.228275
vt 0.580256 0.582722
vt 0.854548 0.209038
vt 0.882707 0.037879
vt 0.748252 0.310155
vt 0.674221 0.592587
vt 0.854548 0.303497
vt 0.921631 0.778834
vt 0.163412 0.117046
vt 0.671508 0.479138
vt 0.141709 0.267982
vt 0.021848 0.556333
vt 0.011243 0.237154
vt 0.039605 0.693951
vt 0.407863 0.861701
vt 0.803207 0.502815
vt 0.431046 0.739374
vt 0.030233 0.112114
vt 0.761773 0.613550
vt 0.788409 0.612564
vt 0.358044 0.656013
vt 0.749195 0.671014
vt 0.100812 0.900464
vt 0.803207 0.674714
vt 0.125968 0.852372
vt 0.294168 0.649848
vt 0.083752 0.674960
vt 0.088684 0.693951
vt 0.358784 0.867620
vt 0.691978 0.679646
vt 0.895489 0.863180
vt 0.102292 0.958175
vt 0.936965 0.011243
vt 0.837531 0.865647
vt 0.406137 0.627361
vt 0.300334 0.308966
vt 0.294168 0.415262
vt 0.289482 0.533150
vt 0.697650 0.141216
vt 0.233251 0.412549
vt 0.684332 0.259597
vt 0.240650 0.531670
vt 0.708502 0.031713
vt 0.242869 0.303046
vt 0.497389 0.079066
vt 0.431046 0.958486
vt 0.210765 0.303046
vt 0.758117 0.351632
vt 0.210765 0.468287
vt 0.482098 0.242333
vt 0.505774 0.011243
vt 0.431046 0.890106
vt 0.340534 0.612071
vt 0.708502 0.357755
vt 0.273698 0.626622
vt 0.187132 0.952749
vt 0.948846 0.364457
vt 0.486044 0.395735
vt 0.203119 0.622922
vt 0.655230 0.351835
vt 0.686552 0.444321
vt 0.187132 0.863470
vt 0.234977 0.668345
vt 0.627115 0.456652
vt 0.233251 0.728769
vt 0.948846 0.441404
vt 0.535616 0.454679
vt 0.243856 0.819527
vt 0.914812 0.393805
vt 0.180183 0.662383
vt 0.180430 0.700363
vt 0.916292 0.432279
vt 0.269259 0.841477
vt 0.760133 0.802263
vt 0.132337 0.396765
vt 0.830872 0.669535
vt 0.715001 0.702133
vt 0.827216 0.373335
vt 0.804730 0.416248
vt 0.764326 0.705832
vt 0.161193 0.303540
vt 0.804730 0.366676
vt 0.892326 0.438198
vt 0.285536 0.956695
vt 0.830915 0.420441
vt 0.285536 0.892572
vt 0.763050 0.438198
vt 0.240896 0.955462
vt 0.373132 0.890106
vt 0.233251 0.890106
vt 0.308022 0.899724
vt 0.730988 0.397011
vt 0.309009 0.940911
vt 0.409675 0.955215
vt 0.736907 0.356071
vt 0.373132 0.941158
vt 0.404682 0.891248
vt 0.113347 0.563238
vt 0.891832 0.020368
vt 0.752938 0.329146
vt 0.825693 0.821007
vt 0.431046 0.798564
vt 0.022835 0.170811
vt 0.100812 0.798317
vt 0.903577 0.908850
vt 0.587451 0.803003
vt 0.120296 0.828159
vt 0.656013 0.905150
vt 0.903577 0.944430
vt 0.629624 0.883200
vt 0.873335 0.927936
vt 0.582519 0.767736
vt 0.311432 0.611577
vt 0.149644 0.969027
vt 0.921631 0.886363
vt 0.321050 0.624895
vt 0.137313 0.957928
vt 0.887350 0.883157
vt 0.354345 0.624402
vt 0.342217 0.109154
vt 0.679936 0.702133
vt 0.492210 0.482591
vt 0.459612 0.104962
vt 0.337038 0.280560
vt 0.970862 0.900799
vt 0.560032 0.849123
vt 0.063528 0.722849
vt 0.011243 0.360017
vt 0.459365 0.279574
vt 0.944117 0.781552
vt 0.601959 0.481111
vt 0.232715 0.113100
vt 0.229015 0.277354
vt 0.019628 0.468287
vt 0.078326 0.832352
vt 0.532903 0.741840
vt 0.482098 0.860961
vt 0.958625 0.640186
vt 0.961091 0.505034
vt 0.498129 0.726795
vt 0.011243 0.866880
vt 0.764326 0.884637
vt 0.110881 0.477165
vt 0.850849 0.968287
vt 0.956899 0.479138
vt 0.078326 0.879704
vt 0.507501 0.702133
vt 0.850849 0.908850
vt 0.019875 0.890556
vt 0.746076 0.901901
vt 0.825693 0.927100
vt 0.908560 0.481358
vt 0.715001 0.905354
vt 0.863180 0.561759
vt 0.702423 0.813855
vt 0.492210 0.976876
vt 0.961091 0.756348
vt 0.970862 0.778834
vt 0.560032 0.970957
vt 0.825693 0.735138
vt 0.892326 0.364457
vt 0.357755 0.035166
vt 0.582519 0.878514
vt 0.609154 0.728522
vt 0.459612 0.011243
vt 0.595096 0.982591
vt 0.203902 0.829886
vt 0.656013 0.988757
vt 0.203902 0.722849
vt 0.877035 0.340244
vt 0.760337 0.011243
vt 0.101799 0.730248
vt 0.777601 0.112114
vt 0.630611 0.856028
vt 0.843943 0.111127
vt 0.482098 0.592094
vt 0.679936 0.811882
vt 0.959162 0.336545
vt 0.423647 0.309952
vt 0.886900 0.234441
vt 0.742333 0.116060
vt 0.959162 0.233208
vt 0.434499 0.412549
vt 0.052183 0.261570
vt 0.032453 0.646105
vt 0.952503 0.127158
vt 0.434499 0.518845
vt 0.768926 0.493689
vt 0.065501 0.109647
vt 0.938445 0.039852
vt 0.426114 0.606891
vt 0.886900 0.121732
vt 0.730988 0.228275
vt 0.580256 0.582722
vt 0.854548 0.209038
vt 0.882707 0.037879
vt 0.748252 0.310155
vt 0.674221 0.592587
vt 0.854548 0.303497
vt 0.921631 0.778834
vt 0.163412 0.117046
vt 0.671508 0.479138
vt 0.141709 0.267982
vt 0.021848 0.556333
vt 0.011243 0.237154
vt 0.039605 0.693951
vt 0.407863 0.861701
vt 0.803207 0.502815
vt 0.431046 0.739374
vt 0.030233 0.112114
vt 0.761773 0.613550
vt 0.788409 0.612564
vt 0.358044 0.656013
vt 0.749195 0.671014
vt 0.100812 0.900464
vt 0.803207 0.674714
vt 0.125968 0.852372
vt 0.294168 0.649848
vt 0.083752 0.674960
vt 0.088684 0.693951
vt 0.358784 0.867620
vt 0.691978 0.679646
vt 0.895489 0.863180
vt 0.102292 0.958175
vt 0.936965 0.011243
vt 0.837531 0.865647
vt 0.406137 0.627361
vt 0.300334 0.308966
vt 0.294168 0.415262
vt 0.289482 0.533150
vt 0.697650 0.141216
vt 0.233251 0.412549
vt 0.684332 0.259597
vt 0.240650 0.531670
vt 0.708502 0.031713
vt 0.242869 0.303046
vt 0.497389 0.079066
vt 0.431046 0.958486
vt 0.210765 0.303046
vt 0.758117 0.351632
vt 0.210765 0.468287
vt 0.482098 0.242333
vt 0.505774 0.011243
vt 0.431046 0.890106
vt 0.340534 0.612071
vt 0.708502 0.357755
vt 0.273698 0.626622
vt 0.187132 0.952749
vt 0.948846 0.364457
vt 0.486044 0.395735
vt 0.203119 0.622922
vt 0.655230 0.351835
vt 0.686552 0.444321
vt 0.187132 0.863470
vt 0.234977 0.668345
vt 0.627115 0.456652
vt 0.233251 0.728769
vt 0.948846 0.441404
vt 0.535616 0.454679
vt 0.243856 0.819527
vt 0.914812 0.393805
vt 0.180183 0.662383
vt 0.180430 0.700363
vt 0.916292 0.432279
vt 0.269259 0.841477
vt 0.760133 0.802263
vt 0.132337 0.396765
vt 0.830872 0.669535
vt 0.715001 0.702133
vt 0.827216 0.373335
vt 0.804730 0.416248
vt 0.764326 0.705832
vt 0.161193 0.303540
vt 0.804730 0.366676
vt 0.892326 0.438198
vt 0.285536 0.956695
vt 0.830915 0.420441
vt 0.285536 0.892572
vt 0.763050 0.438198
vt 0.240896 0.955462
vt 0.373132 0.890106
vt 0.233251 0.890106
vt 0.308022 0.899724
vt 0.730988 0.397011
vt 0.309009 0.940911
vt 0.409675 0.955215
vt 0.736907 0.356071
vt 0.373132 0.941158
vt 0.404682 0.891248
vt 0.113347 0.563238
vt 0.891832 0.020368
vt 0.752938 0.329146
vt 0.825693 0.821007
vt 0.431046 0.798564
vt 0.022835 0.170811
vt 0.100812 0.798317
vt 0.903577 0.908850
vt 0.587451 0.803003
vt 0.120296 0.828159
vt 0.656013 0.905150
vt 0.903577 0.944430
vt 0.629624 0.883200
vt 0.873335 0.927936
vt 0.582519 0.767736
vt 0.311432 0.611577
vt 0.149644 0.969027
vt 0.921631 0.886363
vt 0.321050 0.624895
vt 0.137313 0.957928
vt 0.887350 0.883157
vt 0.354345 0.624402
vt 0.342217 0.109154
vt 0.679936 0.702133
vt 0.492210 0.482591
vt 0.459612 0.104962
vt 0.337038 0.280560
vt 0.970862 0.900799
vt 0.560032 0.849123
vt 0.063528 0.722849
vt 0.011243 0.360017
vt 0.459365 0.279574
vt 0.944117 0.781552
vt 0.601959 0.481111
vt 0.232715 0.113100
vt 0.229015 0.277354
vt 0.019628 0.468287
vt 0.078326 0.832352
vt 0.532903 0.741840
vt 0.482098 0.860961
vt 0.958625 0.640186
vt 0.961091 0.505034
vt 0.498129 0.726795
vt 0.011243 0.866880
vt 0.764326 0.884637
vt 0.110881 0.477165
vt 0.850849 0.968287
vt 0.956899 0.479138
vt 0.078326 0.879704
vt 0.507501 0.702133
vt 0.850849 0.908850
vt 0.019875 0.890556
vt 0.746076 0.901901
vt 0.825693 0.927100
vt 0.908560 0.481358
vt 0.715001 0.905354
vt 0.863180 0.561759
vt 0.702423 0.813855
vt 0.492210 0.976876
vt 0.961091 0.756348
vt 0.970862 0.778834
vt 0.560032 0.970957
vt 0.825693 0.735138
vt 0.892326 0.364457
vt 0.357755 0.035166
vt 0.582519 0.878514
vt 0.609154 0.728522
vt 0.459612 0.011243
vt 0.595096 0.982591
vt 0.203902 0.829886
vt 0.656013 0.988757
vt 0.203902 0.722849
vt 0.877035 0.340244
vt 0.760337 0.011243
vt 0.101799 0.730248
vt 0.777601 0.112114
vt 0.630611 0.856028
vt 0.843943 0.111127
vt 0.482098 0.592094
vt 0.679936 0.811882
vt 0.959162 0.336545
vt 0.423647 0.309952
vt 0.886900 0.234441
vt 0.742333 0.116060
vt 0.959162 0.233208
vt 0.434499 0.412549
vt 0.052183 0.261570
vt 0.032453 0.646105
vt 0.952503 0.127158
vt 0.434499 0.518845
vt 0.768926 0.493689
vt 0.065501 0.109647
vt 0.938445 0.039852
vt 0.426114 0.606891
vt 0.886900 0.121732
vt 0.730988 0.228275
vt 0.580256 0.582722
vt 0.854548 0.209038
vt 0.882707 0.037879
vt 0.748252 0.310155
vt 0.674221 0.592587
vt 0.854548 0.303497
vt 0.921631 0.778834
vt 0.163412 0.117046
vt 0.671508 0.479138
vt 0.141709 0.267982
vt 0.021848 0.556333
vt 0.011243 0.237154
vt 0.039605 0.693951
vt 0.407863 0.861701
vt 0.803207 0.502815
vt 0.431046 0.739374
vt 0.030233 0.112114
vt 0.761773 0.613550
vt 0.788409 0.612564
vt 0.358044 0.656013
vt 0.749195 0.671014
vt 0.100812 0.900464
vt 0.803207 0.674714
vt 0.125968 0.852372
vt 0.294168 0.649848
vt 0.083752 0.674960
vt 0.088684 0.693951
vt 0.358784 0.867620
vt 0.691978 0.679646
vt 0.895489 0.863180
vt 0.102292 0.958175
vt 0.936965 0.011243
vt 0.837531 0.865647
vt 0.406137 0.627361
vt 0.300334 0.308966
vt 0.294168 0.415262
vt 0.289482 0.533150
vt 0.697650 0.141216
vt 0.233251 0.412549
vt 0.684332 0.259597
vt 0.240650 0.531670
vt 0.708502 0.031713
vt 0.242869 0.303046
vt 0.497389 0.079066
vt 0.431046 0.958486
vt 0.210765 0.303046
vt 0.758117 0.351632
vt 0.210765 0.468287
vt 0.482098 0.242333
vt 0.505774 0.011243
vt 0.431046 0.890106
vt 0.340534 0.612071
vt 0.708502 0.357755
vt 0.273698 0.626622
vt 0.187132 0.952749
vt 0.948846 0.364457
vt 0.486044 0.395735
vt 0.203119 0.622922
vt 0.655230 0.351835
vt 0.686552 0.444321
vt 0.187132 0.863470
vt 0.234977 0.668345
vt 0.627115 0.456652
vt 0.233251 0.728769
vt 0.948846 0.441404
vt 0.535616 0.454679
vt 0.243856 0.819527
vt 0.914812 0.393805
vt 0.180183 0.662383
vt 0.180430 0.700363
vt 0.916292 0.432279
vt 0.269259 0.841477
vt 0.760133 0.802263
vt 0.132337 0.396765
vt 0.830872 0.669535
vt 0.715001 0.702133
vt 0.827216 0.373335
vt 0.804730 0.416248
vt 0.764326 0.705832
vt 0.161193 0.303540
vt 0.804730 0.366676
vt 0.892326 0.438198
vt 0.285536 0.956695
vt 0.830915 0.420441
vt 0.285536 0.892572
vt 0.763050 0.438198
vt 0.240896 0.955462
vt 0.373132 0.890106
vt 0.233251 0.890106
vt 0.308022 0.899724
vt 0.730988 0.397011
vt 0.309009 0.940911
vt 0.409675 0.955215
vt 0.736907 0.356071
vt 0.373132 0.941158
vt 0.404682 0.891248
vt 0.113347 0.563238
vt 0.891832 0.020368
vt 0.752938 0.329146
vt 0.825693 0.821007
vt 0.431046 0.798564
vt 0.022835 0.170811
vt 0.100812 0.798317
vt 0.903577 0.908850
vt 0.587451 0.803003
vt 0.120296 0.828159
vt 0.656013 0.905150
vt 0.903577 0.944430
vt 0.629624 0.883200
vt 0.873335 0.927936
vt 0.582519 0.767736
vt 0.311432 0.611577
vt 0.149644 0.969027
vt 0.921631 0.886363
vt 0.321050 0.624895
vt 0.137313 0.957928
vt 0.887350 0.883157
vt 0.354345 0.624402
vt 0.342217 0.109154
vt 0.679936 0.702133
vt 0.492210 0.482591
vt 0.459612 0.104962
vt 0.337038 0.280560
vt 0.970862 0.900799
vt 0.560032 0.849123
vt 0.063528 0.722849
vt 0.011243 0.360017
vt 0.459365 0.279574
vt 0.944117 0.781552
vt 0.601959 0.481111
vt 0.232715 0.113100
vt 0.229015 0.277354
vt 0.019628 0.468287
vt 0.078326 0.832352
vt 0.532903 0.741840
vt 0.482098 0.860961
vt 0.958625 0.640186
vt 0.961091 0.505034
vt 0.498129 0.726795
vt 0.011243 0.866880
vt 0.764326 0.884637
vt 0.110881 0.477165
vt 0.850849 0.968287
vt 0.956899 0.479138
vt 0.078326 0.879704
vt 0.507501 0.702133
vt 0.850849 0.908850
vt 0.019875 0.890556
vt 0.746076 0.901901
vt 0.825693 0.927100
vt 0.908560 0.481358
vt 0.715001 0.905354
vt 0.863180 0.561759
vt 0.702423 0.813855
vt 0.492210 0.976876
vt 0.961091 0.756348
vt 0.970862 0.778834
vt 0.560032 0.970957
vt 0.825693 0.735138
vt 0.892326 0.364457
vt 0.357755 0.035166
vt 0.582519 0.878514
vt 0.609154 0.728522
vt 0.459612 0.011243
vt 0.595096 0.982591
vt 0.203902 0.829886
vt 0.656013 0.988757
vt 0.203902 0.722849
vt 0.877035 0.340244
vt 0.760337 0.011243
vt 0.101799 0.730248
vt 0.777601 0.112114
vt 0.630611 0.856028
vt 0.843943 0.111127
vt 0.482098 0.592094
vt 0.679936 0.811882
vt 0.959162 0.336545
vt 0.423647 0.309952
vt 0.886900 0.234441
vt 0.742333 0.116060
vt 0.959162 0.233208
vt 0.434499 0.412549
vt 0.052183 0.261570
vt 0.032453 0.646105
vt 0.952503 0.127158
vt 0.434499 0.518845
vt 0.768926 0.493689
vt 0.065501 0.109647
vt 0.938445 0.039852
vt 0.426114 0.606891
vt 0.886900 0.121732
vt 0.730988 0.228275
vt 0.580256 0.582722
vt 0.854548 0.209038
vt 0.882707 0.037879
vt 0.748252 0.310155
vt 0.674221 0.592587
vt 0.854548 0.303497
vt 0.921631 0.778834
vt 0.163412 0.117046
vt 0.671508 0.479138
vt 0.141709 0.267982
vt 0.021848 0.556333
vt 0.011243 0.237154
vt 0.039605 0.693951
vt 0.407863 0.861701
vt 0.803207 0.502815
vt 0.431046 0.739374
vt 0.030233 0.112114
vt 0.761773 0.613550
vt 0.788409 0.612564
vt 0.358044 0.656013
vt 0.749195 0.671014
vt 0.100812 0.900464
vt 0.803207 0.674714
vt 0.125968 0.852372
vt 0.294168 0.649848
vt 0.083752 0.674960
vt 0.088684 0.693951
vt 0.358784 0.867620
vt 0.691978 0.679646
vt 0.895489 0.863180
vt 0.102292 0.958175
vt 0.936965 0.011243
vt 0.837531 0.865647
vt 0.406137 0.627361
vt 0.300334 0.308966
vt 0.294168 0.415262
vt 0.289482 0.533150
vt 0.697650 0.141216
vt 0.233251 0.412549
vt 0.684332 0.259597
vt 0.240650 0.531670
vt 0.708502 0.031713
vt 0.242869 0.303046
vt 0.497389 0.079066
vt 0.431046 0.958486
vt 0.210765 0.303046
vt 0.758117 0.351632
vt 0.210765 0.468287
vt 0.482098 0.242333
vt 0.505774 0.011243
vt 0.431046 0.890106
vt 0.340534 0.612071
vt 0.708502 0.357755
vt 0.273698 0.626622
vt 0.187132 0.952749
vt 0.948846 0.364457
vt 0.486044 0.395735
vt 0.203119 0.622922
vt 0.655230 0.351835
vt 0.686552 0.444321
vt 0.187132 0.863470
vt 0.234977 0.668345
vt 0.627115 0.456652
vt 0.233251 0.728769
vt 0.948846 0.441404
vt 0.535616 0.454679
vt 0.243856 0.819527
vt 0.914812 0.393805
vt 0.180183 0.662383
vt 0.180430 0.700363
vt 0.916292 0.432279
vt 0.269259 0.841477
vt 0.760133 0.802263
vt 0.132337 0.396765
vt 0.830872 0.669535
vt 0.715001 0.702133
vt 0.827216 0.373335
vt 0.804730 0.416248
vt 0.764326 0.705832
vt 0.161193 0.303540
vt 0.804730 0.366676
vt 0.892326 0.438198
vt 0.285536 0.956695
vt 0.830915 0.420441
vt 0.285536 0.892572
vt 0.763050 0.438198
vt 0.240896 0.955462
vt 0.373132 0.890106
vt 0.233251 0.890106
vt 0.308022 0.899724
vt 0.730988 0.397011
vt 0.309009 0.940911
vt 0.409675 0.955215
vt 0.736907 0.356071
vt 0.373132 0.941158
vt 0.404682 0.891248
vt 0.113347 0.563238
vt 0.891832 0.020368
vt 0.752938 0.329146
vt 0.825693 0.821007
vt 0.431046 0.798564
vt 0.022835 0.170811
vt 0.100812 0.798317
vt 0.903577 0.908850
vt 0.587451 0.803003
vt 0.120296 0.828159
vt 0.656013 0.905150
vt 0.903577 0.944430
vt 0.629624 0.883200
vt 0.873335 0.927936
vt 0.582519 0.767736
vt 0.311432 0.611577
vt 0.149644 0.969027
vt 0.921631 0.886363
vt 0.321050 0.624895
vt 0.137313 0.957928
vt 0.887350 0.883157
vt 0.354345 0.624402
vt 0.342217 0.109154
vt 0.679936 0.702133
vt 0.492210 0.482591
vt 0.459612 0.104962
vt 0.337038 0.280560
vt 0.970862 0.900799
vt 0.560032 0.849123
vt 0.063528 0.722849
vt 0.011243 0.360017
vt 0.459365 0.279574
vt 0.944117 0.781552
vt 0.601959 0.481111
vt 0.232715 0.113100
vt 0.229015 0.277354
vt 0.019628 0.468287
vt 0.078326 0.832352
vt 0.532903 0.741840
vt 0.482098 0.860961
vt 0.958625 0.640186
vt 0.961091 0.505034
vt 0.498129 0.726795
vt 0.011243 0.866880
vt 0.764326 0.884637
vt 0.110881 0.477165
vt 0.850849 0.968287
vt 0.956899 0.479138
vt 0.078326 0.879704
vt 0.507501 0.702133
vt 0.850849 0.908850
vt 0.019875 0.890556
vt 0.746076 0.901901
vt 0.825693 0.927100
vt 0.908560 0.481358
vt 0.715001 0.905354
vt 0.863180 0.561759
vt 0.702423 0.813855
vt 0.492210 0.976876
vt 0.961091 0.756348
vt 0.970862 0.778834
vt 0.560032 0.970957
vt 0.825693 0.735138
vt 0.892326 0.364457
vt 0.357755 0.035166
vt 0.582519 0.878514
vt 0.609154 0.728522
vt 0.459612 0.011243
vt 0.595096 0.982591
vt 0.203902 0.829886
vt 0.656013 0.988757
vt 0.203902 0.722849
vt 0.877035 0.340244
vt 0.760337 0.011243
vt 0.101799 0.730248
vt 0.777601 0.112114
vt 0.630611 0.856028
vt 0.843943 0.111127
vt 0.482098 0.592094
vt 0.679936 0.811882
vt 0.959162 0.336545
vt 0.423647 0.309952
vt 0.886900 0.234441
vt 0.742333 0.116060
vt 0.959162 0.233208
vt 0.434499 0.412549
vt 0.052183 0.261570
vt 0.032453 0.646105
vt 0.952503 0.127158
vt 0.434499 0.518845
vt 0.768926 0.493689
vt 0.065501 0.109647
vt 0.938445 0.039852
vt 0.426114 0.606891
vt 0.886900 0.121732
vt 0.730988 0.228275
vt 0.580256 0.582722
vt 0.854548 0.209038
vt 0.882707 0.037879
vt 0.748252 0.310155
vt 0.674221 0.592587
vt 0.854548 0.303497
vt 0.921631 0.778834
vt 0.163412 0.117046
vt 0.671508 0.479138
vt 0.141709 0.267982
vt 0.021848 0.556333
vt 0.011243 0.237154
vt 0.039605 0.693951
vt 0.407863 0.861701
vt 0.803207 0.502815
vt 0.431046 0.739374
vt 0.030233 0.112114
vt 0.761773 0.613550
vt 0.788409 0.612564
vt 0.358044 0.656013
vt 0.749195 0.671014
vt 0.100812 0.900464
vt 0.803207 0.674714
vt 0.125968 0.852372
vt 0.294168 0.649848
vt 0.083752 0.674960
vt 0.088684 0.693951
vt 0.358784 0.867620
vt 0.691978 0.679646
vt 0.895489 0.863180
vt 0.102292 0.958175
vt 0.936965 0.011243
vt 0.837531 0.865647
vt 0.406137 0.627361
vt 0.300334 0.308966
vt 0.294168 0.415262
vt 0.289482 0.533150
vt 0.697650 0.141216
vt 0.233251 0.412549
vt 0.684332 0.259597
vt 0.240650 0.531670
vt 0.708502 0.031713
vt 0.242869 0.303046
vt 0.497389 0.079066
vt 0.431046 0.958486
vt 0.210765 0.303046
vt 0.758117 0.351632
vt 0.210765 0.468287
vt 0.482098 0.242333
vt 0.505774 0.011243
vt 0.431046 0.890106
vt 0.340534 0.612071
vt 0.708502 0.357755
vt 0.273698 0.626622
vt 0.187132 0.952749
vt 0.948846 0.364457
vt 0.486044 0.395735
vt 0.203119 0.622922
vt 0.655230 0.351835
vt 0.686552 0.444321
vt 0.187132 0.863470
vt 0.234977 0.668345
vt 0.627115 0.456652
vt 0.233251 0.728769
vt 0.948846 0.441404
vt 0.535616 0.454679
vt 0.243856 0.819527
vt 0.914812 0.393805
vt 0.180183 0.662383
vt 0.180430 0.700363
vt 0.916292 0.432279
vt 0.269259 0.841477
vt 0.760133 0.802263
vt 0.132337 0.396765
vt 0.830872 0.669535
vt 0.715001 0.702133
vt 0.827216 0.373335
vt 0.804730 0.416248
vt 0.764326 0.705832
vt 0.161193 0.303540
vt 0.804730 0.366676
vt 0.892326 0.438198
vt 0.285536 0.956695
vt 0.830915 0.420441
vt 0.285536 0.892572
vt 0.763050 0.438198
vt 0.240896 0.955462
vt 0.373132 0.890106
vt 0.233251 0.890106
vt 0.308022 0.899724
vt 0.730988 0.397011
vt 0.309009 0.940911
vt 0.409675 0.955215
vt 0.736907 0.356071
vt 0.373132 0.941158
vt 0.404682 0.891248
vt 0.113347 0.563238
vt 0.891832 0.020368
vt 0.752938 0.329146
vt 0.825693 0.821007
vt 0.431046 0.798564
vt 0.022835 0.170811
vt 0.100812 0.798317
vt 0.903577 0.908850
vt 0.587451 0.803003
vt 0.120296 0.828159
vt 0.656013 0.905150
vt 0.903577 0.944430
vt 0.629624 0.883200
vt 0.873335 0.927936
vt 0.582519 0.767736
vt 0.311432 0.611577
vt 0.149644 0.969027
vt 0.921631 0.886363
vt 0.321050 0.624895
vt 0.137313 0.957928
vt 0.887350 0.883157
vt 0.354345 0.624402
vt 0.342217 0.109154
vt 0.679936 0.702133
vt 0.492210 0.482591
vt 0.459612 0.104962
vt 0.337038 0.280560
vt 0.970862 0.900799
vt 0.560032 0.849123
vt 0.063528 0.722849
vt 0.011243 0.360017
vt 0.459365 0.279574
vt 0.944117 0.781552
vt 0.601959 0.481111
vt 0.232715 0.113100
vt 0.229015 0.277354
vt 0.019628 0.468287
vt 0.078326 0.832352
vt 0.532903 0.741840
vt 0.482098 0.860961
vt 0.958625 0.640186
vt 0.961091 0.505034
vt 0.498129 0.726795
vt 0.011243 0.866880
vt 0.764326 0.884637
vt 0.110881 0.477165
vt 0.850849 0.968287
vt 0.956899 0.479138
vt 0.078326 0.879704
vt 0.507501 0.702133
vt 0.850849 0.908850
vt 0.019875 0.890556
vt 0.746076 0.901901
vt 0.825693 0.927100
vt 0.908560 0.481358
vt 0.715001 0.905354
vt 0.863180 0.561759
vt 0.702423 0.813855
vt 0.492210 0.976876
vt 0.961091 0.756348
vt 0.970862 0.778834
vt 0.560032 0.970957
vt 0.825693 0.735138
vt 0.892326 0.364457
vt 0.357755 0.035166
vt 0.582519 0.878514
vt 0.609154 0.728522
vt 0.459612 0.011243
vt 0.595096 0.982591
vt 0.203902 0.829886
vt 0.656013 0.988757
vt 0.203902 0.722849
vt 0.877035 0.340244
vt 0.760337 0.011243
vt 0.101799 0.730248
vt 0.777601 0.112114
vt 0.630611 0.856028
vt 0.843943 0.111127
vt 0.482098 0.592094
vt 0.679936 0.811882
vt 0.959162 0.336545
vt 0.423647 0.309952
vt 0.886900 0.234441
vt 0.742333 0.116060
vt 0.959162 0.233208
vt 0.434499 0.412549
vt 0.052183 0.261570
vt 0.032453 0.646105
vt 0.952503 0.127158
vt 0.434499 0.518845
vt 0.768926 0.493689
vt 0.065501 0.109647
vt 0.938445 0.039852
vt 0.426114 0.606891
vt 0.886900 0.121732
vt 0.730988 0.228275
vt 0.580256 0.582722
vt 0.854548 0.209038
vt 0.882707 0.037879
vt 0.748252 0.310155
vt 0.674221 0.592587
vt 0.854548 0.303497
vt 0.921631 0.778834
vt 0.163412 0.117046
vt 0.671508 0.479138
vt 0.141709 0.267982
vt 0.021848 0.556333
vt 0.011243 0.237154
vt 0.039605 0.693951
vt 0.407863 0.861701
vt 0.803207 0.502815
vt 0.431046 0.739374
vt 0.030233 0.112114
vt 0.761773 0.613550
vt 0.788409 0.612564
vt 0.358044 0.656013
vt 0.749195 0.671014
vt 0.100812 0.900464
vt 0.803207 0.674714
vt 0.125968 0.852372
vt 0.294168 0.649848
vt 0.083752 0.674960
vt 0.088684 0.693951
vt 0.358784 0.867620
vt 0.691978 0.679646
vt 0.895489 0.863180
vt 0.102292 0.958175
vt 0.936965 0.011243
vt 0.837531 0.865647
vt 0.406137 0.627361
vt 0.300334 0.308966
vt 0.294168 0.415262
vt 0.289482 0.533150
vt 0.697650 0.141216
vt 0.233251 0.412549
vt 0.684332 0.259597
vt 0.240650 0.531670
vt 0.708502 0.031713
vt 0.242869 0.303046
vt 0.497389 0.079066
vt 0.431046 0.958486
vt 0.210765 0.303046
vt 0.758117 0.351632
vt 0.210765 0.468287
vt 0.482098 0.242333
vt 0.505774 0.011243
vt 0.431046 0.890106
vt 0.340534 0.612071
vt 0.708502 0.357755
vt 0.273698 0.626622
vt 0.187132 0.952749
vt 0.948846 0.364457
vt 0.486044 0.395735
vt 0.203119 0.622922
vt 0.655230 0.351835
vt 0.686552 0.444321
vt 0.187132 0.863470
vt 0.234977 0.668345
vt 0.627115 0.456652
vt 0.233251 0.728769
vt 0.948846 0.441404
vt 0.535616 0.454679
vt 0.243856 0.819527
vt 0.914812 0.393805
vt 0.180183 0.662383
vt 0.180430 0.700363
vt 0.916292 0.432279
vt 0.269259 0.841477
vt 0.760133 0.802263
vt 0.132337 0.396765
vt 0.830872 0.669535
vt 0.715001 0.702133
vt 0.827216 0.373335
vt 0.804730 0.416248
vt 0.764326 0.705832
vt 0.161193 0.303540
vt 0.804730 0.366676
vt 0.892326 0.438198
vt 0.285536 0.956695
vt 0.830915 0.420441
vt 0.285536 0.892572
vt 0.763050 0.438198
vt 0.240896 0.955462
vt 0.373132 0.890106
vt 0.233251 0.890106
vt 0.308022 0.899724
vt 0.730988 0.397011
vt 0.309009 0.940911
vt 0.409675 0.955215
vt 0.736907 0.356071
vt 0.373132 0.941158
vt 0.404682 0.891248
vt 0.113347 0.563238
vt 0.891832 0.020368
vt 0.752938 0.329146
vt 0.825693 0.821007
vt 0.431046 0.798564
vt 0.022835 0.170811
vt 0.100812 0.798317
vt 0.903577 0.908850
vt 0.587451 0.803003
vt 0.120296 0.828159
vt 0.656013 0.905150
vt 0.903577 0.944430
vt 0.629624 0.883200
vt 0.873335 0.927936
vt 0.582519 0.767736
vt 0.311432 0.611577
vt 0.149644 0.969027
vt 0.921631 0.886363
vt 0.321050 0.624895
vt 0.137313 0.957928
vt 0.887350 0.883157
vt 0.354345 0.624402
vt 0.342217 0.109154
vt 0.679936 0.702133
vt 0.492210 0.482591
vt 0.459612 0.104962
vt 0.337038 0.280560
vt 0.970862 0.900799
vt 0.560032 0.849123
vt 0.063528 0.722849
vt 0.011243 0.360017
vt 0.459365 0.279574
vt 0.944117 0.781552
vt 0.601959 0.481111
vt 0.232715 0.113100
vt 0.229015 0.277354
vt 0.019628 0.468287
vt 0.078326 0.832352
vt 0.532903 0.741840
vt 0.482098 0.860961
vt 0.958625 0.640186
vt 0.961091 0.505034
vt 0.498129 0.726795
vt 0.011243 0.866880
vt 0.764326 0.884637
vt 0.110881 0.477165
vt 0.850849 0.968287
vt 0.956899 0.479138
vt 0.078326 0.879704
vt 0.507501 0.702133
vt 0.850849 0.908850
vt 0.019875 0.890556
vt 0.746076 0.901901
vt 0.825693 0.927100
vt 0.908560 0.481358
vt 0.715001 0.905354
vt 0.863180 0.561759
vt 0.702423 0.813855
vt 0.492210 0.976876
vt 0.961091 0.756348
vt 0.970862 0.778834
vt 0.560032 0.970957
vt 0.825693 0.735138
vt 0.892326 0.364457
vt 0.357755 0.035166
vt 0.582519 0.878514
vt 0.609154 0.728522
vt 0.459612 0.011243
vt 0.595096 0.982591
vt 0.203902 0.829886
vt 0.656013 0.988757
vt 0.203902 0.722849
vt 0.877035 0.340244
vt 0.760337 0.011243
vt 0.101799 0.730248
vt 0.777601 0.112114
vt 0.630611 0.856028
vt 0.843943 0.111127
vt 0.482098 0.592094
vt 0.679936 0.811882
vt 0.959162 0.336545
vt 0.423647 0.309952
vt 0.886900 0.234441
vt 0.742333 0.116060
vt 0.959162 0.233208
vt 0.434499 0.412549
vt 0.052183 0.261570
vt 0.032453 0.646105
vt 0.952503 0.127158
vt 0.434499 0.518845
vt 0.768926 0.493689
vt 0.065501 0.109647
vt 0.938445 0.039852
vt 0.426114 0.606891
vt 0.886900 0.121732
vt 0.730988 0.228275
vt 0.580256 0.582722
vt 0.854548 0.209038
vt 0.882707 0.037879
vt 0.748252 0.310155
vt 0.674221 0.592587
vt 0.854548 0.303497
vt 0.921631 0.778834
vt 0.163412 0.117046
vt 0.671508 0.479138
vt 0.141709 0.267982
vt 0.021848 0.556333
vt 0.011243 0.237154
vt 0.039605 0.693951
vt 0.407863 0.861701
vt 0.803207 0.502815
vt 0.431046 0.739374
vt 0.030233 0.112114
vt 0.761773 0.613550
vt 0.788409 0.612564
vt 0.358044 0.656013
vt 0.749195 0.671014
vt 0.100812 0.900464
vt 0.803207 0.674714
vt 0.125968 0.852372
vt 0.294168 0.649848
vt 0.083752 0.674960
vt 0.088684 0.693951
vt 0.358784 0.867620
vt 0.691978 0.679646
vt 0.895489 0.863180
vt 0.102292 0.958175
vt 0.936965 0.011243
vt 0.837531 0.865647
vt 0.406137 0.627361
vt 0.300334 0.308966
vt 0.294168 0.415262
vt 0.289482 0.533150
vt 0.697650 0.141216
vt 0.233251 0.412549
vt 0.684332 0.259597
vt 0.240650 0.531670
vt 0.708502 0.031713
vt 0.242869 0.303046
vt 0.497389 0.079066
vt 0.431046 0.958486
vt 0.210765 0.303046
vt 0.758117 0.351632
vt 0.210765 0.468287
vt 0.482098 0.242333
vt 0.505774 0.011243
vt 0.431046 0.890106
vt 0.340534 0.612071
vt 0.708502 0.357755
vt 0.273698 0.626622
vt 0.187132 0.952749
vt 0.948846 0.364457
vt 0.486044 0.395735
vt 0.203119 0.622922
vt 0.655230 0.351835
vt 0.686552 0.444321
vt 0.187132 0.863470
vt 0.234977 0.668345
vt 0.627115 0.456652
vt 0.233251 0.728769
vt 0.948846 0.441404
vt 0.535616 0.454679
vt 0.243856 0.819527
vt 0.914812 0.393805
vt 0.180183 0.662383
vt 0.180430 0.700363
vt 0.916292 0.432279
vt 0.269259 0.841477
vt 0.760133 0.802263
vt 0.132337 0.396765
vt 0.830872 0.669535
vt 0.715001 0.702133
vt 0.827216 0.373335
vt 0.804730 0.416248
vt 0.764326 0.705832
vt 0.161193 0.303540
vt 0.804730 0.366676
vt 0.892326 0.438198
vt 0.285536 0.956695
vt 0.830915 0.420441
vt 0.285536 0.892572
vt 0.763050 0.438198
vt 0.240896 0.955462
vt 0.373132 0.890106
vt 0.233251 0.890106
vt 0.308022 0.899724
vt 0.730988 0.397011
vt 0.309009 0.940911
vt 0.409675 0.955215
vt 0.736907 0.356071
vt 0.373132 0.941158
vt 0.404682 0.891248
vt 0.113347 0.563238
vt 0.891832 0.020368
vt 0.752938 0.329146
vt 0.825693 0.821007
vt 0.431046 0.798564
vt 0.022835 0.170811
vt 0.100812 0.798317
vt 0.903577 0.908850
vt 0.587451 0.803003
vt 0.120296 0.828159
vt 0.656013 0.905150
vt 0.903577 0.944430
vt 0.629624 0.883200
vt 0.873335 0.927936
vt 0.582519 0.767736
vt 0.311432 0.611577
vt 0.149644 0.969027
vt 0.921631 0.886363
vt 0.321050 0.624895
vt 0.137313 0.957928
vt 0.887350 0.883157
vt 0.354345 0.624402
s 1
f 4/10/1 3/5/2 1/1/3 2/4/4
f 3/5/2 6/14/5 5/13/6 1/1/3
f 7/17/7 3/7/8 8/18/9 9/21/10
f 12/29/11 11/25/11 13/32/11
f 14/35/12 13/33/13 9/20/14 8/19/15
f 11/26/16 9/20/14 13/33/13
f 13/34/17 14/36/18 12/31/19
f 4/11/20 16/39/20 3/6/20
f 15/37/21 8/18/9 3/7/8 16/40/21
f 14/35/12 8/19/15 15/38/22 66/149/23
f 19/46/24 2/4/4 1/1/3 18/43/24
f 22/53/25 21/50/25 20/48/25 78/180/25 77/177/25
f 19/47/26 18/44/26 79/183/26 78/181/26 20/49/26
f 18/45/27 1/2/28 23/58/29
f 21/51/30 25/61/31 26/63/32 24/59/30
f 21/52/33 22/54/34 25/62/35
f 25/61/31 31/73/36 28/67/37 26/63/32
f 31/73/36 33/77/38 30/71/39 28/67/37
f 31/74/40 25/62/35 22/54/34
f 23/56/41 32/76/42 22/54/34
f 32/76/42 34/80/43 33/78/44 31/74/40
f 27/65/45 37/86/46 76/176/47 29/70/48
f 5/12/49 32/75/50 23/57/51 1/3/51
f 35/83/52 34/79/53 32/75/50 5/12/49
f 6/14/5 36/84/54 35/82/55 5/13/6
f 32/76/42 31/74/40 22/54/34
f 27/65/45 29/70/48 35/82/55 36/84/54
f 38/89/56 40/93/57 39/92/58 29/69/59
f 29/69/59 39/92/58 34/79/53 35/83/52
f 40/93/57 42/97/60 41/95/61 39/92/58
f 37/87/62 27/66/63 43/100/64 44/101/65
f 45/103/66 34/79/53 39/92/58 41/95/61
f 30/71/39 33/77/38 75/172/67 46/106/67
f 33/78/44 34/80/43 75/173/68
f 24/60/69 26/64/70 48/110/71 47/109/72
f 28/68/73 49/111/74 48/110/71 26/64/70
f 12/30/75 10/22/76 7/16/77 11/27/75
f 7/16/77 10/22/76 3/8/78
f 52/116/79 50/112/80 53/118/81 55/124/79
f 50/112/80 51/114/82 54/123/83 53/118/81
f 3/9/84 10/24/85 6/15/86
f 30/72/87 56/126/88 49/111/74 28/68/73
f 57/127/89 59/133/90 51/114/82
f 58/131/91 54/123/83 59/133/90
f 59/133/90 57/127/89 60/134/92 61/137/93
f 44/101/65 43/100/64 63/143/94 64/144/95
f 58/130/96 62/139/96 64/145/96 63/142/96
f 59/133/90 61/137/93 62/140/97 58/131/91
f 42/98/98 60/135/98 57/129/99 41/96/100
f 65/147/101 10/23/102 12/31/19 14/36/18
f 66/149/23 15/38/22 17/41/103
f 65/147/101 14/36/18 66/150/104 67/153/104
f 69/158/105 66/151/105 17/42/105 68/156/105
f 69/159/106 68/157/106 70/161/106 71/163/106
f 73/169/107 72/166/107 71/164/107 70/162/107
f 55/125/108 53/119/108 72/167/108 73/170/108
f 54/122/109 10/24/85 65/148/110
f 53/120/111 54/122/109 65/148/110 67/154/111
f 74/171/112 36/85/113 6/15/86 10/24/85
f 58/132/114 74/171/112 10/24/85 54/122/109
f 36/85/113 74/171/112 43/100/64 27/66/63
f 43/100/64 74/171/112 58/132/114 63/143/94
f 66/152/115 69/160/115 71/165/116 67/155/117
f 71/165/116 72/168/118 53/121/118 67/155/117
f 75/174/119 34/81/119 45/104/120 46/107/121
f 37/88/122 44/102/123 40/94/124 38/90/122 76/175/122
f 40/94/124 44/102/123 64/146/125 42/99/126
f 62/141/127 61/138/128 42/99/126 64/146/125
f 60/136/129 42/99/126 61/138/128
f 59/133/90 54/123/83 51/114/82
f 29/70/48 76/176/47 38/91/130
f 77/178/131 78/182/131 79/184/131
f 23/58/29 22/55/132 77/179/132 79/185/132 18/45/27
f 7/17/7 9/21/10 11/28/133
f 56/126/88 80/186/134 49/111/74
f 47/109/72 48/110/71 50/113/135 52/117/136
f 49/111/74 51/115/137 50/113/135 48/110/71
f 57/128/138 51/115/137 49/111/74 80/186/134
f 46/107/121 45/104/120 81/188/139 82/191/139
f 46/108/140 82/192/141 56/126/88 30/72/87
f 56/126/88 82/192/141 81/189/142 80/186/134
f 45/105/143 41/96/100 81/190/144
f 41/96/100 57/129/99 80/187/145 81/190/144
f 86/202/146 85/197/147 83/193/148 84/196/149
f 85/197/147 88/206/150 87/205/151 83/193/148
f 89/209/152 85/199/153 90/210/154 91/213/155
f 94/221/156 93/217/156 95/224/156
f 96/227/157 95/225/158 91/212/159 90/211/160
f 93/218/161 91/212/159 95/225/158
f 95/226/162 96/228/163 94/223/164
f 86/203/165 98/231/165 85/198/165
f 97/229/166 90/210/154 85/199/153 98/232/166
f 96/227/157 90/211/160 97/230/167 148/341/168
f 101/238/169 84/196/149 83/193/148 100/235/169
f 104/245/170 103/242/170 102/240/170 160/372/170 159/369/170
f 101/239/171 100/236/171 161/375/171 160/373/171 102/241/171
f 100/237/172 83/194/173 105/250/174
f 103/243/175 107/253/176 108/255/177 106/251/175
f 103/244/178 104/246/179 107/254/180
f 107/253/176 113/265/181 110/259/182 108/255/177
f 113/265/181 115/269/183 112/263/184 110/259/182
f 113/266/185 107/254/180 104/246/179
f 105/248/186 114/268/187 104/246/179
f 114/268/187 116/272/188 115/270/189 113/266/185
f 109/257/190 119/278/191 158/368/192 111/262/193
f 87/204/194 114/267/195 105/249/196 83/195/196
f 117/275/197 116/271/198 114/267/195 87/204/194
f 88/206/150 118/276/199 117/274/200 87/205/151
f 114/268/187 113/266/185 104/246/179
f 109/257/190 111/262/193 117/274/200 118/276/199
f 120/281/201 122/285/202 121/284/203 111/261/204
f 111/261/204 121/284/203 116/271/198 117/275/197
f 122/285/202 124/289/205 123/287/206 121/284/203
f 119/279/207 109/258/208 125/292/209 126/293/210
f 127/295/211 116/271/198 121/284/203 123/287/206
f 112/263/184 115/269/183 157/364/212 128/298/212
f 115/270/189 116/272/188 157/365/213
f 106/252/214 108/256/215 130/302/216 129/301/217
f 110/260/218 131/303/219 130/302/216 108/256/215
f 94/222/220 92/214/221 89/208/222 93/219/220
f 89/208/222 92/214/221 85/200/223
f 134/308/224 132/304/225 135/310/226 137/316/224
f 132/304/225 133/306/227 136/315/228 135/310/226
f 85/201/229 92/216/230 88/207/231
f 112/264/232 138/318/233 131/303/219 110/260/218
f 139/319/234 141/325/235 133/306/227
f 140/323/236 136/315/228 141/325/235
f 141/325/235 139/319/234 142/326/237 143/329/238
f 126/293/210 125/292/209 145/335/239 146/336/240
f 140/322/241 144/331/241 146/337/241 145/334/241
f 141/325/235 143/329/238 144/332/242 140/323/236
f 124/290/243 142/327/243 139/321/244 123/288/245
f 147/339/246 92/215/247 94/223/164 96/228/163
f 148/341/168 97/230/167 99/233/248
f 147/339/246 96/228/163 148/342/249 149/345/249
f 151/350/250 148/343/250 99/234/250 150/348/250
f 151/351/251 150/349/251 152/353/251 153/355/251
f 155/361/252 154/358/252 153/356/252 152/354/252
f 137/317/253 135/311/253 154/359/253 155/362/253
f 136/314/254 92/216/230 147/340/255
f 135/312/256 136/314/254 147/340/255 149/346/256
f 156/363/257 118/277/258 88/207/231 92/216/230
f 140/324/259 156/363/257 92/216/230 136/314/254
f 118/277/258 156/363/257 125/292/209 109/258/208
f 125/292/209 156/363/257 140/324/259 145/335/239
f 148/344/260 151/352/260 153/357/261 149/347/262
f 153/357/261 154/360/263 135/313/263 149/347/262
f 157/366/264 116/273/264 127/296/265 128/299/266
f 119/280/267 126/294/268 122/286/269 120/282/267 158/367/267
f 122/286/269 126/294/268 146/338/270 124/291/271
f 144/333/272 143/330/273 124/291/271 146/338/270
f 142/328/274 124/291/271 143/330/273
f 141/325/235 136/315/228 133/306/227
f 111/262/193 158/368/192 120/283/275
f 159/370/276 160/374/276 161/376/276
f 105/250/174 104/247/277 159/371/277 161/377/277 100/237/172
f 89/209/152 91/213/155 93/220/278
f 138/318/233 162/378/279 131/303/219
f 129/301/217 130/302/216 132/305/280 134/309/281
f 131/303/219 133/307/282 132/305/280 130/302/216
f 139/320/283 133/307/282 131/303/219 162/378/279
f 128/299/266 127/296/265 163/380/284 164/383/284
f 128/300/285 164/384/286 138/318/233 112/264/232
f 138/318/233 164/384/286 163/381/287 162/378/279
f 127/297/288 123/288/245 163/382/289
f 123/288/245 139/321/244 162/379/290 163/382/289
f 168/394/291 167/389/292 165/385/293 166/388/294
f 167/389/292 170/398/295 169/397/296 165/385/293
f 171/401/297 167/391/298 172/402/299 173/405/300
f 176/413/301 175/409/301 177/416/301
f 178/419/302 177/417/303 173/404/304 172/403/305
f 175/410/306 173/404/304 177/417/303
f 177/418/307 178/420/308 176/415/309
f 168/395/310 180/423/310 167/390/310
f 179/421/311 172/402/299 167/391/298 180/424/311
f 178/419/302 172/403/305 179/422/312 230/533/313
f 183/430/314 166/388/294 165/385/293 182/427/314
f 186/437/315 185/434/315 184/432/315 242/564/315 241/561/315
f 183/431/316 182/428/316 243/567/316 242/565/316 184/433/316
f 182/429/317 165/386/318 187/442/319
f 185/435/320 189/445/321 190/447/322 188/443/320
f 185/436/323 186/438/324 189/446/325
f 189/445/321 195/457/326 192/451/327 190/447/322
f 195/457/326 197/461/328 194/455/329 192/451/327
f 195/458/330 189/446/325 186/438/324
f 187/440/331 196/460/332 186/438/324
f 196/460/332 198/464/333 197/462/334 195/458/330
f 191/449/335 201/470/336 240/560/337 193/454/338
f 169/396/339 196/459/340 187/441/341 165/387/341
f 199/467/342 198/463/343 196/459/340 169/396/339
f 170/398/295 200/468/344 199/466/345 169/397/296
f 196/460/332 195/458/330 186/438/324
f 191/449/335 193/454/338 199/466/345 200/468/344
f 202/473/346 204/477/347 203/476/348 193/453/349
f 193/453/349 203/476/348 198/463/343 199/467/342
f 204/477/347 206/481/350 205/479/351 203/476/348
f 201/471/352 191/450/353 207/484/354 208/485/355
f 209/487/356 198/463/343 203/476/348 205/479/351
f 194/455/329 197/461/328 239/556/357 210/490/357
f 197/462/334 198/464/333 239/557/358
f 188/444/359 190/448/360 212/494/361 211/493/362
f 192/452/363 213/495/364 212/494/361 190/448/360
f 176/414/365 174/406/366 171/400/367 175/411/365
f 171/400/367 174/406/366 167/392/368
f 216/500/369 214/496/370 217/502/371 219/508/369
f 214/496/370 215/498/372 218/507/373 217/502/371
f 167/393/374 174/408/375 170/399/376
f 194/456/377 220/510/378 213/495/364 192/452/363
f 221/511/379 223/517/380 215/498/372
f 222/515/381 218/507/373 223/517/380
f 223/517/380 221/511/379 224/518/382 225/521/383
f 208/485/355 207/484/354 227/527/384 228/528/385
f 222/514/386 226/523/386 228/529/386 227/526/386
f 223/517/380 225/521/383 226/524/387 222/515/381
f 206/482/388 224/519/388 221/513/389 205/480/390
f 229/531/391 174/407/392 176/415/309 178/420/308
f 230/533/313 179/422/312 181/425/393
f 229/531/391 178/420/308 230/534/394 231/537/394
f 233/542/395 230/535/395 181/426/395 232/540/395
f 233/543/396 232/541/396 234/545/396 235/547/396
f 237/553/397 236/550/397 235/548/397 234/546/397
f 219/509/398 217/503/398 236/551/398 237/554/398
f 218/506/399 174/408/375 229/532/400
f 217/504/401 218/506/399 229/532/400 231/538/401
f 238/555/402 200/469/403 170/399/376 174/408/375
f 222/516/404 238/555/402 174/408/375 218/506/399
f 200/469/403 238/555/402 207/484/354 191/450/353
f 207/484/354 238/555/402 222/516/404 227/527/384
f 230/536/405 233/544/405 235/549/406 231/539/407
f 235/549/406 236/552/408 217/505/408 231/539/407
f 239/558/409 198/465/409 209/488/410 210/491/411
f 201/472/412 208/486/413 204/478/414 202/474/412 240/559/412
f 204/478/414 208/486/413 228/530/415 206/483/416
f 226/525/417 225/522/418 206/483/416 228/530/415
f 224/520/419 206/483/416 225/522/418
f 223/517/380 218/507/373 215/498/372
f 193/454/338 240/560/337 202/475/420
f 241/562/421 242/566/421 243/568/421
f 187/442/319 186/439/422 241/563/422 243/569/422 182/429/317
f 171/401/297 173/405/300 175/412/423
f 220/510/378 244/570/424 213/495/364
f 211/493/362 212/494/361 214/497/425 216/501/426
f 213/495/364 215/499/427 214/497/425 212/494/361
f 221/512/428 215/499/427 213/495/364 244/570/424
f 210/491/411 209/488/410 245/572/429 246/575/429
f 210/492/430 246/576/431 220/510/378 194/456/377
f 220/510/378 246/576/431 245/573/432 244/570/424
f 209/489/433 205/480/390 245/574/434
f 205/480/390 221/513/389 244/571/435 245/574/434
f 250/586/436 249/581/437 247/577/438 248/580/439
f 249/581/437 252/590/440 251/589/441 247/577/438
f 253/593/442 249/583/443 254/594/444 255/597/445
f 258/605/446 257/601/446 259/608/446
f 260/611/447 259/609/448 255/596/449 254/595/450
f 257/602/451 255/596/449 259/609/448
f 259/610/452 260/612/453 258/607/454
f 250/587/455 262/615/455 249/582/455
f 261/613/456 254/594/444 249/583/443 262/616/456
f 260/611/447 254/595/450 261/614/457 312/725/458
f 265/622/459 248/580/439 247/577/438 264/619/459
f 268/629/460 267/626/460 266/624/460 324/756/460 323/753/460
f 265/623/461 264/620/461 325/759/461 324/757/461 266/625/461
f 264/621/462 247/578/463 269/634/464
f 267/627/465 271/637/466 272/639/467 270/635/465
f 267/628/468 268/630/469 271/638/470
f 271/637/466 277/649/471 274/643/472 272/639/467
f 277/649/471 279/653/473 276/647/474 274/643/472
f 277/650/475 271/638/470 268/630/469
f 269/632/476 278/652/477 268/630/469
f 278/652/477 280/656/478 279/654/479 277/650/475
f 273/641/480 283/662/481 322/752/482 275/646/483
f 251/588/484 278/651/485 269/633/486 247/579/486
f 281/659/487 280/655/488 278/651/485 251/588/484
f 252/590/440 282/660/489 281/658/490 251/589/441
f 278/652/477 277/650/475 268/630/469
f 273/641/480 275/646/483 281/658/490 282/660/489
f 284/665/491 286/669/492 285/668/493 275/645/494
f 275/645/494 285/668/493 280/655/488 281/659/487
f 286/669/492 288/673/495 287/671/496 285/668/493
f 283/663/497 273/642/498 289/676/499 290/677/500
f 291/679/501 280/655/488 285/668/493 287/671/496
f 276/647/474 279/653/473 321/748/502 292/682/502
f 279/654/479 280/656/478 321/749/503
f 270/636/504 272/640/505 294/686/506 293/685/507
f 274/644/508 295/687/509 294/686/506 272/640/505
f 258/606/510 256/598/511 253/592/512 257/603/510
f 253/592/512 256/598/511 249/584/513
f 298/692/514 296/688/515 299/694/516 301/700/514
f 296/688/515 297/690/517 300/699/518 299/694/516
f 249/585/519 256/600/520 252/591/521
f 276/648/522 302/702/523 295/687/509 274/644/508
f 303/703/524 305/709/525 297/690/517
f 304/707/526 300/699/518 305/709/525
f 305/709/525 303/703/524 306/710/527 307/713/528
f 290/677/500 289/676/499 309/719/529 310/720/530
f 304/706/531 308/715/531 310/721/531 309/718/531
f 305/709/525 307/713/528 308/716/532 304/707/526
f 288/674/533 306/711/533 303/705/534 287/672/535
f 311/723/536 256/599/537 258/607/454 260/612/453
f 312/725/458 261/614/457 263/617/538
f 311/723/536 260/612/453 312/726/539 313/729/539
f 315/734/540 312/727/540 263/618/540 314/732/540
f 315/735/541 314/733/541 316/737/541 317/739/541
f 319/745/542 318/742/542 317/740/542 316/738/542
f 301/701/543 299/695/543 318/743/543 319/746/543
f 300/698/544 256/600/520 311/724/545
f 299/696/546 300/698/544 311/724/545 313/730/546
f 320/747/547 282/661/548 252/591/521 256/600/520
f 304/708/549 320/747/547 256/600/520 300/698/544
f 282/661/548 320/747/547 289/676/499 273/642/498
f 289/676/499 320/747/547 304/708/549 309/719/529
f 312/728/550 315/736/550 317/741/551 313/731/552
f 317/741/551 318/744/553 299/697/553 313/731/552
f 321/750/554 280/657/554 291/680/555 292/683/556
f 283/664/557 290/678/558 286/670/559 284/666/557 322/751/557
f 286/670/559 290/678/558 310/722/560 288/675/561
f 308/717/562 307/714/563 288/675/561 310/722/560
f 306/712/564 288/675/561 307/714/563
f 305/709/525 300/699/518 297/690/517
f 275/646/483 322/752/482 284/667/565
f 323/754/566 324/758/566 325/760/566
f 269/634/464 268/631/567 323/755/567 325/761/567 264/621/462
f 253/593/442 255/597/445 257/604/568
f 302/702/523 326/762/569 295/687/509
f 293/685/507 294/686/506 296/689/570 298/693/571
f 295/687/509 297/691/572 296/689/570 294/686/506
f 303/704/573 297/691/572 295/687/509 326/762/569
f 292/683/556 291/680/555 327/764/574 328/767/574
f 292/684/575 328/768/576 302/702/523 276/648/522
f 302/702/523 328/768/576 327/765/577 326/762/569
f 291/681/578 287/672/535 327/766/579
f 287/672/535 303/705/534 326/763/580 327/766/579
f 332/778/581 331/773/582 329/769/583 330/772/584
f 331/773/582 334/782/585 333/781/586 329/769/583
f 335/785/587 331/775/588 336/786/589 337/789/590
f 340/797/591 339/793/591 341/800/591
f 342/803/592 341/801/593 337/788/594 336/787/595
f 339/794/596 337/788/594 341/801/593
f 341/802/597 342/804/598 340/799/599
f 332/779/600 344/807/600 331/774/600
f 343/805/601 336/786/589 331/775/588 344/808/601
f 342/803/592 336/787/595 343/806/602 394/917/603
f 347/814/604 330/772/584 329/769/583 346/811/604
f 350/821/605 349/818/605 348/816/605 406/948/605 405/945/605
f 347/815/606 346/812/606 407/951/606 406/949/606 348/817/606
f 346/813/607 329/770/608 351/826/609
f 349/819/610 353/829/611 354/831/612 352/827/610
f 349/820/613 350/822/614 353/830/615
f 353/829/611 359/841/616 356/835/617 354/831/612
f 359/841/616 361/845/618 358/839/619 356/835/617
f 359/842/620 353/830/615 350/822/614
f 351/824/621 360/844/622 350/822/614
f 360/844/622 362/848/623 361/846/624 359/842/620
f 355/833/625 365/854/626 404/944/627 357/838/628
f 333/780/629 360/843/630 351/825/631 329/771/631
f 363/851/632 362/847/633 360/843/630 333/780/629
f 334/782/585 364/852/634 363/850/635 333/781/586
f 360/844/622 359/842/620 350/822/614
f 355/833/625 357/838/628 363/850/635 364/852/634
f 366/857/636 368/861/637 367/860/638 357/837/639
f 357/837/639 367/860/638 362/847/633 363/851/632
f 368/861/637 370/865/640 369/863/641 367/860/638
f 365/855/642 355/834/643 371/868/644 372/869/645
f 373/871/646 362/847/633 367/860/638 369/863/641
f 358/839/619 361/845/618 403/940/647 374/874/647
f 361/846/624 362/848/623 403/941/648
f 352/828/649 354/832/650 376/878/651 375/877/652
f 356/836/653 377/879/654 376/878/651 354/832/650
f 340/798/655 338/790/656 335/784/657 339/795/655
f 335/784/657 338/790/656 331/776/658
f 380/884/659 378/880/660 381/886/661 383/892/659
f 378/880/660 379/882/662 382/891/663 381/886/661
f 331/777/664 338/792/665 334/783/666
f 358/840/667 384/894/668 377/879/654 356/836/653
f 385/895/669 387/901/670 379/882/662
f 386/899/671 382/891/663 387/901/670
f 387/901/670 385/895/669 388/902/672 389/905/673
f 372/869/645 371/868/644 391/911/674 392/912/675
f 386/898/676 390/907/676 392/913/676 391/910/676
f 387/901/670 389/905/673 390/908/677 386/899/671
f 370/866/678 388/903/678 385/897/679 369/864/680
f 393/915/681 338/791/682 340/799/599 342/804/598
f 394/917/603 343/806/602 345/809/683
f 393/915/681 342/804/598 394/918/684 395/921/684
f 397/926/685 394/919/685 345/810/685 396/924/685
f 397/927/686 396/925/686 398/929/686 399/931/686
f 401/937/687 400/934/687 399/932/687 398/930/687
f 383/893/688 381/887/688 400/935/688 401/938/688
f 382/890/689 338/792/665 393/916/690
f 381/888/691 382/890/689 393/916/690 395/922/691
f 402/939/692 364/853/693 334/783/666 338/792/665
f 386/900/694 402/939/692 338/792/665 382/890/689
f 364/853/693 402/939/692 371/868/644 355/834/643
f 371/868/644 402/939/692 386/900/694 391/911/674
f 394/920/695 397/928/695 399/933/696 395/923/697
f 399/933/696 400/936/698 381/889/698 395/923/697
f 403/942/699 362/849/699 373/872/700 374/875/701
f 365/856/702 372/870/703 368/862/704 366/858/702 404/943/702
f 368/862/704 372/870/703 392/914/705 370/867/706
f 390/909/707 389/906/708 370/867/706 392/914/705
f 388/904/709 370/867/706 389/906/708
f 387/901/670 382/891/663 379/882/662
f 357/838/628 404/944/627 366/859/710
f 405/946/711 406/950/711 407/952/711
f 351/826/609 350/823/712 405/947/712 407/953/712 346/813/607
f 335/785/587 337/789/590 339/796/713
f 384/894/668 408/954/714 377/879/654
f 375/877/652 376/878/651 378/881/715 380/885/716
f 377/879/654 379/883/717 378/881/715 376/878/651
f 385/896/718 379/883/717 377/879/654 408/954/714
f 374/875/701 373/872/700 409/956/719 410/959/719
f 374/876/720 410/960/721 384/894/668 358/840/667
f 384/894/668 410/960/721 409/957/722 408/954/714
f 373/873/723 369/864/680 409/958/724
f 369/864/680 385/897/679 408/955/725 409/958/724
f 414/970/726 413/965/727 411/961/728 412/964/729
f 413/965/727 416/974/730 415/973/731 411/961/728
f 417/977/732 413/967/733 418/978/734 419/981/735
f 422/989/736 421/985/736 423/992/736
f 424/995/737 423/993/738 419/980/739 418/979/740
f 421/986/741 419/980/739 423/993/738
f 423/994/742 424/996/743 422/991/744
f 414/971/745 426/999/745 413/966/745
f 425/997/746 418/978/734 413/967/733 426/1000/746
f 424/995/737 418/979/740 425/998/747 476/1109/748
f 429/1006/749 412/964/729 411/961/728 428/1003/749
f 432/1013/750 431/1010/750 430/1008/750 488/1140/750 487/1137/750
f 429/1007/751 428/1004/751 489/1143/751 488/1141/751 430/1009/751
f 428/1005/752 411/962/753 433/1018/754
f 431/1011/755 435/1021/756 436/1023/757 434/1019/755
f 431/1012/758 432/1014/759 435/1022/760
f 435/1021/756 441/1033/761 438/1027/762 436/1023/757
f 441/1033/761 443/1037/763 440/1031/764 438/1027/762
f 441/1034/765 435/1022/760 432/1014/759
f 433/1016/766 442/1036/767 432/1014/759
f 442/1036/767 444/1040/768 443/1038/769 441/1034/765
f 437/1025/770 447/1046/771 486/1136/772 439/1030/773
f 415/972/774 442/1035/775 433/1017/776 411/963/776
f 445/1043/777 444/1039/778 442/1035/775 415/972/774
f 416/974/730 446/1044/779 445/1042/780 415/973/731
f 442/1036/767 441/1034/765 432/1014/759
f 437/1025/770 439/1030/773 445/1042/780 446/1044/779
f 448/1049/781 450/1053/782 449/1052/783 439/1029/784
f 439/1029/784 449/1052/783 444/1039/778 445/1043/777
f 450/1053/782 452/1057/785 451/1055/786 449/1052/783
f 447/1047/787 437/1026/788 453/1060/789 454/1061/790
f 455/1063/791 444/1039/778 449/1052/783 451/1055/786
f 440/1031/764 443/1037/763 485/1132/792 456/1066/792
f 443/1038/769 444/1040/768 485/1133/793
f 434/1020/794 436/1024/795 458/1070/796 457/1069/797
f 438/1028/798 459/1071/799 458/1070/796 436/1024/795
f 422/990/800 420/982/801 417/976/802 421/987/800
f 417/976/802 420/982/801 413/968/803
f 462/1076/804 460/1072/805 463/1078/806 465/1084/804
f 460/1072/805 461/1074/807 464/1083/808 463/1078/806
f 413/969/809 420/984/810 416/975/811
f 440/1032/812 466/1086/813 459/1071/799 438/1028/798
f 467/1087/814 469/1093/815 461/1074/807
f 468/1091/816 464/1083/808 469/1093/815
f 469/1093/815 467/1087/814 470/1094/817 471/1097/818
f 454/1061/790 453/1060/789 473/1103/819 474/1104/820
f 468/1090/821 472/1099/821 474/1105/821 473/1102/821
f 469/1093/815 471/1097/818 472/1100/822 468/1091/816
f 452/1058/823 470/1095/823 467/1089/824 451/1056/825
f 475/1107/826 420/983/827 422/991/744 424/996/743
f 476/1109/748 425/998/747 427/1001/828
f 475/1107/826 424/996/743 476/1110/829 477/1113/829
f 479/1118/830 476/1111/830 427/1002/830 478/1116/830
f 479/1119/831 478/1117/831 480/1121/831 481/1123/831
f 483/1129/832 482/1126/832 481/1124/832 480/1122/832
f 465/1085/833 463/1079/833 482/1127/833 483/1130/833
f 464/1082/834 420/984/810 475/1108/835
f 463/1080/836 464/1082/834 475/1108/835 477/1114/836
f 484/1131/837 446/1045/838 416/975/811 420/984/810
f 468/1092/839 484/1131/837 420/984/810 464/1082/834
f 446/1045/838 484/1131/837 453/1060/789 437/1026/788
f 453/1060/789 484/1131/837 468/1092/839 473/1103/819
f 476/1112/840 479/1120/840 481/1125/841 477/1115/842
f 481/1125/841 482/1128/843 463/1081/843 477/1115/842
f 485/1134/844 444/1041/844 455/1064/845 456/1067/846
f 447/1048/847 454/1062/848 450/1054/849 448/1050/847 486/1135/847
f 450/1054/849 454/1062/848 474/1106/850 452/1059/851
f 472/1101/852 471/1098/853 452/1059/851 474/1106/850
f 470/1096/854 452/1059/851 471/1098/853
f 469/1093/815 464/1083/808 461/1074/807
f 439/1030/773 486/1136/772 448/1051/855
f 487/1138/856 488/1142/856 489/1144/856
f 433/1018/754 432/1015/857 487/1139/857 489/1145/857 428/1005/752
f 417/977/732 419/981/735 421/988/858
f 466/1086/813 490/1146/859 459/1071/799
f 457/1069/797 458/1070/796 460/1073/860 462/1077/861
f 459/1071/799 461/1075/862 460/1073/860 458/1070/796
f 467/1088/863 461/1075/862 459/1071/799 490/1146/859
f 456/1067/846 455/1064/845 491/1148/864 492/1151/864
f 456/1068/865 492/1152/866 466/1086/813 440/1032/812
f 466/1086/813 492/1152/866 491/1149/867 490/1146/859
f 455/1065/868 451/1056/825 491/1150/869
f 451/1056/825 467/1089/824 490/1147/870 491/1150/869
f 496/1162/871 495/1157/872 493/1153/873 494/1156/874
f 495/1157/872 498/1166/875 497/1165/876 493/1153/873
f 499/1169/877 495/1159/878 500/1170/879 501/1173/880
f 504/1181/881 503/1177/881 505/1184/881
f 506/1187/882 505/1185/883 501/1172/884 500/1171/885
f 503/1178/886 501/1172/884 505/1185/883
f 505/1186/887 506/1188/888 504/1183/889
f 496/1163/890 508/1191/890 495/1158/890
f 507/1189/891 500/1170/879 495/1159/878 508/1192/891
f 506/1187/882 500/1171/885 507/1190/892 558/1301/893
f 511/1198/894 494/1156/874 493/1153/873 510/1195/894
f 514/1205/895 513/1202/895 512/1200/895 570/1332/895 569/1329/895
f 511/1199/896 510/1196/896 571/1335/896 570/1333/896 512/1201/896
f 510/1197/897 493/1154/898 515/1210/899
f 513/1203/900 517/1213/901 518/1215/902 516/1211/900
f 513/1204/903 514/1206/904 517/1214/905
f 517/1213/901 523/1225/906 520/1219/907 518/1215/902
f 523/1225/906 525/1229/908 522/1223/909 520/1219/907
f 523/1226/910 517/1214/905 514/1206/904
f 515/1208/911 524/1228/912 514/1206/904
f 524/1228/912 526/1232/913 525/1230/914 523/1226/910
f 519/1217/915 529/1238/916 568/1328/917 521/1222/918
f 497/1164/919 524/1227/920 515/1209/921 493/1155/921
f 527/1235/922 526/1231/923 524/1227/920 497/1164/919
f 498/1166/875 528/1236/924 527/1234/925 497/1165/876
f 524/1228/912 523/1226/910 514/1206/904
f 519/1217/915 521/1222/918 527/1234/925 528/1236/924
f 530/1241/926 532/1245/927 531/1244/928 521/1221/929
f 521/1221/929 531/1244/928 526/1231/923 527/1235/922
f 532/1245/927 534/1249/930 533/1247/931 531/1244/928
f 529/1239/932 519/1218/933 535/1252/934 536/1253/935
f 537/1255/936 526/1231/923 531/1244/928 533/1247/931
f 522/1223/909 525/1229/908 567/1324/937 538/1258/937
f 525/1230/914 526/1232/913 567/1325/938
f 516/1212/939 518/1216/940 540/1262/941 539/1261/942
f 520/1220/943 541/1263/944 540/1262/941 518/1216/940
f 504/1182/945 502/1174/946 499/1168/947 503/1179/945
f 499/1168/947 502/1174/946 495/1160/948
f 544/1268/949 542/1264/950 545/1270/951 547/1276/949
f 542/1264/950 543/1266/952 546/1275/953 545/1270/951
f 495/1161/954 502/1176/955 498/1167/956
f 522/1224/957 548/1278/958 541/1263/944 520/1220/943
f 549/1279/959 551/1285/960 543/1266/952
f 550/1283/961 546/1275/953 551/1285/960
f 551/1285/960 549/1279/959 552/1286/962 553/1289/963
f 536/1253/935 535/1252/934 555/1295/964 556/1296/965
f 550/1282/966 554/1291/966 556/1297/966 555/1294/966
f 551/1285/960 553/1289/963 554/1292/967 550/1283/961
f 534/1250/968 552/1287/968 549/1281/969 533/1248/970
f 557/1299/971 502/1175/972 504/1183/889 506/1188/888
f 558/1301/893 507/1190/892 509/1193/973
f 557/1299/971 506/1188/888 558/1302/974 559/1305/974
f 561/1310/975 558/1303/975 509/1194/975 560/1308/975
f 561/1311/976 560/1309/976 562/1313/976 563/1315/976
f 565/1321/977 564/1318/977 563/1316/977 562/1314/977
f 547/1277/978 545/1271/978 564/1319/978 565/1322/978
f 546/1274/979 502/1176/955 557/1300/980
f 545/1272/981 546/1274/979 557/1300/980 559/1306/981
f 566/1323/982 528/1237/983 498/1167/956 502/1176/955
f 550/1284/984 566/1323/982 502/1176/955 546/1274/979
f 528/1237/983 566/1323/982 535/1252/934 519/1218/933
f 535/1252/934 566/1323/982 550/1284/984 555/1295/964
f 558/1304/985 561/1312/985 563/1317/986 559/1307/987
f 563/1317/986 564/1320/988 545/1273/988 559/1307/987
f 567/1326/989 526/1233/989 537/1256/990 538/1259/991
f 529/1240/992 536/1254/993 532/1246/994 530/1242/992 568/1327/992
f 532/1246/994 536/1254/993 556/1298/995 534/1251/996
f 554/1293/997 553/1290/998 534/1251/996 556/1298/995
f 552/1288/999 534/1251/996 553/1290/998
f 551/1285/960 546/1275/953 543/1266/952
f 521/1222/918 568/1328/917 530/1243/1000
f 569/1330/1001 570/1334/1001 571/1336/1001
f 515/1210/899 514/1207/1002 569/1331/1002 571/1337/1002 510/1197/897
f 499/1169/877 501/1173/880 503/1180/1003
f 548/1278/958 572/1338/1004 541/1263/944
f 539/1261/942 540/1262/941 542/1265/1005 544/1269/1006
f 541/1263/944 543/1267/1007 542/1265/1005 540/1262/941
f 549/1280/1008 543/1267/1007 541/1263/944 572/1338/1004
f 538/1259/991 537/1256/990 573/1340/1009 574/1343/1009
f 538/1260/1010 574/1344/1011 548/1278/958 522/1224/957
f 548/1278/958 574/1344/1011 573/1341/1012 572/1338/1004
f 537/1257/1013 533/1248/970 573/1342/1014
f 533/1248/970 549/1281/969 572/1339/1015 573/1342/1014
f 578/1354/1016 577/1349/1017 575/1345/1018 576/1348/1019
f 577/1349/1017 580/1358/1020 579/1357/1021 575/1345/1018
f 581/1361/1022 577/1351/1023 582/1362/1024 583/1365/1025
f 586/1373/1026 585/1369/1026 587/1376/1026
f 588/1379/1027 587/1377/1028 583/1364/1029 582/1363/1030
f 585/1370/1031 583/1364/1029 587/1377/1028
f 587/1378/1032 588/1380/1033 586/1375/1034
f 578/1355/1035 590/1383/1035 577/1350/1035
f 589/1381/1036 582/1362/1024 577/1351/1023 590/1384/1036
f 588/1379/1027 582/1363/1030 589/1382/1037 640/1493/1038
f 593/1390/1039 576/1348/1019 575/1345/1018 592/1387/1039
f 596/1397/1040 595/1394/1040 594/1392/1040 652/1524/1040 651/1521/1040
f 593/1391/1041 592/1388/1041 653/1527/1041 652/1525/1041 594/1393/1041
f 592/1389/1042 575/1346/1043 597/1402/1044
f 595/1395/1045 599/1405/1046 600/1407/1047 598/1403/1045
f 595/1396/1048 596/1398/1049 599/1406/1050
f 599/1405/1046 605/1417/1051 602/1411/1052 600/1407/1047
f 605/1417/1051 607/1421/1053 604/1415/1054 602/1411/1052
f 605/1418/1055 599/1406/1050 596/1398/1049
f 597/1400/1056 606/1420/1057 596/1398/1049
f 606/1420/1057 608/1424/1058 607/1422/1059 605/1418/1055
f 601/1409/1060 611/1430/1061 650/1520/1062 603/1414/1063
f 579/1356/1064 606/1419/1065 597/1401/1066 575/1347/1066
f 609/1427/1067 608/1423/1068 606/1419/1065 579/1356/1064
f 580/1358/1020 610/1428/1069 609/1426/1070 579/1357/1021
f 606/1420/1057 605/1418/1055 596/1398/1049
f 601/1409/1060 603/1414/1063 609/1426/1070 610/1428/1069
f 612/1433/1071 614/1437/1072 613/1436/1073 603/1413/1074
f 603/1413/1074 613/1436/1073 608/1423/1068 609/1427/1067
f 614/1437/1072 616/1441/1075 615/1439/1076 613/1436/1073
f 611/1431/1077 601/1410/1078 617/1444/1079 618/1445/1080
f 619/1447/1081 608/1423/1068 613/1436/1073 615/1439/1076
f 604/1415/1054 607/1421/1053 649/1516/1082 620/1450/1082
f 607/1422/1059 608/1424/1058 649/1517/1083
f 598/1404/1084 600/1408/1085 622/1454/1086 621/1453/1087
f 602/1412/1088 623/1455/1089 622/1454/1086 600/1408/1085
f 586/1374/1090 584/1366/1091 581/1360/1092 585/1371/1090
f 581/1360/1092 584/1366/1091 577/1352/1093
f 626/1460/1094 624/1456/1095 627/1462/1096 629/1468/1094
f 624/1456/1095 625/1458/1097 628/1467/1098 627/1462/1096
f 577/1353/1099 584/1368/1100 580/1359/1101
f 604/1416/1102 630/1470/1103 623/1455/1089 602/1412/1088
f 631/1471/1104 633/1477/1105 625/1458/1097
f 632/1475/1106 628/1467/1098 633/1477/1105
f 633/1477/1105 631/1471/1104 634/1478/1107 635/1481/1108
f 618/1445/1080 617/1444/1079 637/1487/1109 638/1488/1110
f 632/1474/1111 636/1483/1111 638/1489/1111 637/1486/1111
f 633/1477/1105 635/1481/1108 636/1484/1112 632/1475/1106
f 616/1442/1113 634/1479/1113 631/1473/1114 615/1440/1115
f 639/1491/1116 584/1367/1117 586/1375/1034 588/1380/1033
f 640/1493/1038 589/1382/1037 591/1385/1118
f 639/1491/1116 588/1380/1033 640/1494/1119 641/1497/1119
f 643/1502/1120 640/1495/1120 591/1386/1120 642/1500/1120
f 643/1503/1121 642/1501/1121 644/1505/1121 645/1507/1121
f 647/1513/1122 646/1510/1122 645/1508/1122 644/1506/1122
f 629/1469/1123 627/1463/1123 646/1511/1123 647/1514/1123
f 628/1466/1124 584/1368/1100 639/1492/1125
f 627/1464/1126 628/1466/1124 639/1492/1125 641/1498/1126
f 648/1515/1127 610/1429/1128 580/1359/1101 584/1368/1100
f 632/1476/1129 648/1515/1127 584/1368/1100 628/1466/1124
f 610/1429/1128 648/1515/1127 617/1444/1079 601/1410/1078
f 617/1444/1079 648/1515/1127 632/1476/1129 637/1487/1109
f 640/1496/1130 643/1504/1130 645/1509/1131 641/1499/1132
f 645/1509/1131 646/1512/1133 627/1465/1133 641/1499/1132
f 649/1518/1134 608/1425/1134 619/1448/1135 620/1451/1136
f 611/1432/1137 618/1446/1138 614/1438/1139 612/1434/1137 650/1519/1137
f 614/1438/1139 618/1446/1138 638/1490/1140 616/1443/1141
f 636/1485/1142 635/1482/1143 616/1443/1141 638/1490/1140
f 634/1480/1144 616/1443/1141 635/1482/1143
f 633/1477/1105 628/1467/1098 625/1458/1097
f 603/1414/1063 650/1520/1062 612/1435/1145
f 651/1522/1146 652/1526/1146 653/1528/1146
f 597/1402/1044 596/1399/1147 651/1523/1147 653/1529/1147 592/1389/1042
f 581/1361/1022 583/1365/1025 585/1372/1148
f 630/1470/1103 654/1530/1149 623/1455/1089
f 621/1453/1087 622/1454/1086 624/1457/1150 626/1461/1151
f 623/1455/1089 625/1459/1152 624/1457/1150 622/1454/1086
f 631/1472/1153 625/1459/1152 623/1455/1089 654/1530/1149
f 620/1451/1136 619/1448/1135 655/1532/1154 656/1535/1154
f 620/1452/1155 656/1536/1156 630/1470/1103 604/1416/1102
f 630/1470/1103 656/1536/1156 655/1533/1157 654/1530/1149
f 619/1449/1158 615/1440/1115 655/1534/1159
f 615/1440/1115 631/1473/1114 654/1531/1160 655/1534/1159
f 660/1546/1161 659/1541/1162 657/1537/1163 658/1540/1164
f 659/1541/1162 662/1550/1165 661/1549/1166 657/1537/1163
f 663/1553/1167 659/1543/1168 664/1554/1169 665/1557/1170
f 668/1565/1171 667/1561/1171 669/1568/1171
f 670/1571/1172 669/1569/1173 665/1556/1174 664/1555/1175
f 667/1562/1176 665/1556/1174 669/1569/1173
f 669/1570/1177 670/1572/1178 668/1567/1179
f 660/1547/1180 672/1575/1180 659/1542/1180
f 671/1573/1181 664/1554/1169 659/1543/1168 672/1576/1181
f 670/1571/1172 664/1555/1175 671/1574/1182 722/1685/1183
f 675/1582/1184 658/1540/1164 657/1537/1163 674/1579/1184
f 678/1589/1185 677/1586/1185 676/1584/1185 734/1716/1185 733/1713/1185
f 675/1583/1186 674/1580/1186 735/1719/1186 734/1717/1186 676/1585/1186
f 674/1581/1187 657/1538/1188 679/1594/1189
f 677/1587/1190 681/1597/1191 682/1599/1192 680/1595/1190
f 677/1588/1193 678/1590/1194 681/1598/1195
f 681/1597/1191 687/1609/1196 684/1603/1197 682/1599/1192
f 687/1609/1196 689/1613/1198 686/1607/1199 684/1603/1197
f 687/1610/1200 681/1598/1195 678/1590/1194
f 679/1592/1201 688/1612/1202 678/1590/1194
f 688/1612/1202 690/1616/1203 689/1614/1204 687/1610/1200
f 683/1601/1205 693/1622/1206 732/1712/1207 685/1606/1208
f 661/1548/1209 688/1611/1210 679/1593/1211 657/1539/1211
f 691/1619/1212 690/1615/1213 688/1611/1210 661/1548/1209
f 662/1550/1165 692/1620/1214 691/1618/1215 661/1549/1166
f 688/1612/1202 687/1610/1200 678/1590/1194
f 683/1601/1205 685/1606/1208 691/1618/1215 692/1620/1214
f 694/1625/1216 696/1629/1217 695/1628/1218 685/1605/1219
f 685/1605/1219 695/1628/1218 690/1615/1213 691/1619/1212
f 696/1629/1217 698/1633/1220 697/1631/1221 695/1628/1218
f 693/1623/1222 683/1602/1223 699/1636/1224 700/1637/1225
f 701/1639/1226 690/1615/1213 695/1628/1218 697/1631/1221
f 686/1607/1199 689/1613/1198 731/1708/1227 702/1642/1227
f 689/1614/1204 690/1616/1203 731/1709/1228
f 680/1596/1229 682/1600/1230 704/1646/1231 703/1645/1232
f 684/1604/1233 705/1647/1234 704/1646/1231 682/1600/1230
f 668/1566/1235 666/1558/1236 663/1552/1237 667/1563/1235
f 663/1552/1237 666/1558/1236 659/1544/1238
f 708/1652/1239 706/1648/1240 709/1654/1241 711/1660/1239
f 706/1648/1240 707/1650/1242 710/1659/1243 709/1654/1241
f 659/1545/1244 666/1560/1245 662/1551/1246
f 686/1608/1247 712/1662/1248 705/1647/1234 684/1604/1233
f 713/1663/1249 715/1669/1250 707/1650/1242
f 714/1667/1251 710/1659/1243 715/1669/1250
f 715/1669/1250 713/1663/1249 716/1670/1252 717/1673/1253
f 700/1637/1225 699/1636/1224 719/1679/1254 720/1680/1255
f 714/1666/1256 718/1675/1256 720/1681/1256 719/1678/1256
f 715/1669/1250 717/1673/1253 718/1676/1257 714/1667/1251
f 698/1634/1258 716/1671/1258 713/1665/1259 697/1632/1260
f 721/1683/1261 666/1559/1262 668/1567/1179 670/1572/1178
f 722/1685/1183 671/1574/1182 673/1577/1263
f 721/1683/1261 670/1572/1178 722/1686/1264 723/1689/1264
f 725/1694/1265 722/1687/1265 673/1578/1265 724/1692/1265
f 725/1695/1266 724/1693/1266 726/1697/1266 727/1699/1266
f 729/1705/1267 728/1702/1267 727/1700/1267 726/1698/1267
f 711/1661/1268 709/1655/1268 728/1703/1268 729/1706/1268
f 710/1658/1269 666/1560/1245 721/1684/1270
f 709/1656/1271 710/1658/1269 721/1684/1270 723/1690/1271
f 730/1707/1272 692/1621/1273 662/1551/1246 666/1560/1245
f 714/1668/1274 730/1707/1272 666/1560/1245 710/1658/1269
f 692/1621/1273 730/1707/1272 699/1636/1224 683/1602/1223
f 699/1636/1224 730/1707/1272 714/1668/1274 719/1679/1254
f 722/1688/1275 725/1696/1275 727/1701/1276 723/1691/1277
f 727/1701/1276 728/1704/1278 709/1657/1278 723/1691/1277
f 731/1710/1279 690/1617/1279 701/1640/1280 702/1643/1281
f 693/1624/1282 700/1638/1283 696/1630/1284 694/1626/1282 732/1711/1282
f 696/1630/1284 700/1638/1283 720/1682/1285 698/1635/1286
f 718/1677/1287 717/1674/1288 698/1635/1286 720/1682/1285
f 716/1672/1289 698/1635/1286 717/1674/1288
f 715/1669/1250 710/1659/1243 707/1650/1242
f 685/1606/1208 732/1712/1207 694/1627/1290
f 733/1714/1291 734/1718/1291 735/1720/1291
f 679/1594/1189 678/1591/1292 733/1715/1292 735/1721/1292 674/1581/1187
f 663/1553/1167 665/1557/1170 667/1564/1293
f 712/1662/1248 736/1722/1294 705/1647/1234
f 703/1645/1232 704/1646/1231 706/1649/1295 708/1653/1296
f 705/1647/1234 707/1651/1297 706/1649/1295 704/1646/1231
f 713/1664/1298 707/1651/1297 705/1647/1234 736/1722/1294
f 702/1643/1281 701/1640/1280 737/1724/1299 738/1727/1299
f 702/1644/1300 738/1728/1301 712/1662/1248 686/1608/1247
f 712/1662/1248 738/1728/1301 737/1725/1302 736/1722/1294
f 701/1641/1303 697/1632/1260 737/1726/1304
f 697/1632/1260 713/1665/1259 736/1723/1305 737/1726/1304
f 742/1738/1306 741/1733/1307 739/1729/1308 740/1732/1309
f 741/1733/1307 744/1742/1310 743/1741/1311 739/1729/1308
f 745/1745/1312 741/1735/1313 746/1746/1314 747/1749/1315
f 750/1757/1316 749/1753/1316 751/1760/1316
f 752/1763/1317 751/1761/1318 747/1748/1319 746/1747/1320
f 749/1754/1321 747/1748/1319 751/1761/1318
f 751/1762/1322 752/1764/1323 750/1759/1324
f 742/1739/1325 754/1767/1325 741/1734/1325
f 753/1765/1326 746/1746/1314 741/1735/1313 754/1768/1326
f 752/1763/1317 746/1747/1320 753/1766/1327 804/1877/1328
f 757/1774/1329 740/1732/1309 739/1729/1308 756/1771/1329
f 760/1781/1330 759/1778/1330 758/1776/1330 816/1908/1330 815/1905/1330
f 757/1775/1331 756/1772/1331 817/1911/1331 816/1909/1331 758/1777/1331
f 756/1773/1332 739/1730/1333 761/1786/1334
f 759/1779/1335 763/1789/1336 764/1791/1337 762/1787/1335
f 759/1780/1338 760/1782/1339 763/1790/1340
f 763/1789/1336 769/1801/1341 766/1795/1342 764/1791/1337
f 769/1801/1341 771/1805/1343 768/1799/1344 766/1795/1342
f 769/1802/1345 763/1790/1340 760/1782/1339
f 761/1784/1346 770/1804/1347 760/1782/1339
f 770/1804/1347 772/1808/1348 771/1806/1349 769/1802/1345
f 765/1793/1350 775/1814/1351 814/1904/1352 767/1798/1353
f 743/1740/1354 770/1803/1355 761/1785/1356 739/1731/1356
f 773/1811/1357 772/1807/1358 770/1803/1355 743/1740/1354
f 744/1742/1310 774/1812/1359 773/1810/1360 743/1741/1311
f 770/1804/1347 769/1802/1345 760/1782/1339
f 765/1793/1350 767/1798/1353 773/1810/1360 774/1812/1359
f 776/1817/1361 778/1821/1362 777/1820/1363 767/1797/1364
f 767/1797/1364 777/1820/1363 772/1807/1358 773/1811/1357
f 778/1821/1362 780/1825/1365 779/1823/1366 777/1820/1363
f 775/1815/1367 765/1794/1368 781/1828/1369 782/1829/1370
f 783/1831/1371 772/1807/1358 777/1820/1363 779/1823/1366
f 768/1799/1344 771/1805/1343 813/1900/1372 784/1834/1372
f 771/1806/1349 772/1808/1348 813/1901/1373
f 762/1788/1374 764/1792/1375 786/1838/1376 785/1837/1377
f 766/1796/1378 787/1839/1379 786/1838/1376 764/1792/1375
f 750/1758/1380 748/1750/1381 745/1744/1382 749/1755/1380
f 745/1744/1382 748/1750/1381 741/1736/1383
f 790/1844/1384 788/1840/1385 791/1846/1386 793/1852/1384
f 788/1840/1385 789/1842/1387 792/1851/1388 791/1846/1386
f 741/1737/1389 748/1752/1390 744/1743/1391
f 768/1800/1392 794/1854/1393 787/1839/1379 766/1796/1378
f 795/1855/1394 797/1861/1395 789/1842/1387
f 796/1859/1396 792/1851/1388 797/1861/1395
f 797/1861/1395 795/1855/1394 798/1862/1397 799/1865/1398
f 782/1829/1370 781/1828/1369 801/1871/1399 802/1872/1400
f 796/1858/1401 800/1867/1401 802/1873/1401 801/1870/1401
f 797/1861/1395 799/1865/1398 800/1868/1402 796/1859/1396
f 780/1826/1403 798/1863/1403 795/1857/1404 779/1824/1405
f 803/1875/1406 748/1751/1407 750/1759/1324 752/1764/1323
f 804/1877/1328 753/1766/1327 755/1769/1408
f 803/1875/1406 752/1764/1323 804/1878/1409 805/1881/1409
f 807/1886/1410 804/1879/1410 755/1770/1410 806/1884/1410
f 807/1887/1411 806/1885/1411 808/1889/1411 809/1891/1411
f 811/1897/1412 810/1894/1412 809/1892/1412 808/1890/1412
f 793/1853/1413 791/1847/1413 810/1895/1413 811/1898/1413
f 792/1850/1414 748/1752/1390 803/1876/1415
f 791/1848/1416 792/1850/1414 803/1876/1415 805/1882/1416
f 812/1899/1417 774/1813/1418 744/1743/1391 748/1752/1390
f 796/1860/1419 812/1899/1417 748/1752/1390 792/1850/1414
f 774/1813/1418 812/1899/1417 781/1828/1369 765/1794/1368
f 781/1828/1369 812/1899/1417 796/1860/1419 801/1871/1399
f 804/1880/1420 807/1888/1420 809/1893/1421 805/1883/1422
f 809/1893/1421 810/1896/1423 791/1849/1423 805/1883/1422
f 813/1902/1424 772/1809/1424 783/1832/1425 784/1835/1426
f 775/1816/1427 782/1830/1428 778/1822/1429 776/1818/1427 814/1903/1427
f 778/1822/1429 782/1830/1428 802/1874/1430 780/1827/1431
f 800/1869/1432 799/1866/1433 780/1827/1431 802/1874/1430
f 798/1864/1434 780/1827/1431 799/1866/1433
f 797/1861/1395 792/1851/1388 789/1842/1387
f 767/1798/1353 814/1904/1352 776/1819/1435
f 815/1906/1436 816/1910/1436 817/1912/1436
f 761/1786/1334 760/1783/1437 815/1907/1437 817/1913/1437 756/1773/1332
f 745/1745/1312 747/1749/1315 749/1756/1438
f 794/1854/1393 818/1914/1439 787/1839/1379
f 785/1837/1377 786/1838/1376 788/1841/1440 790/1845/1441
f 787/1839/1379 789/1843/1442 788/1841/1440 786/1838/1376
f 795/1856/1443 789/1843/1442 787/1839/1379 818/1914/1439
f 784/1835/1426 783/1832/1425 819/1916/1444 820/1919/1444
f 784/1836/1445 820/1920/1446 794/1854/1393 768/1800/1392
f 794/1854/1393 820/1920/1446 819/1917/1447 818/1914/1439
f 783/1833/1448 779/1824/1405 819/1918/1449
f 779/1824/1405 795/1857/1404 818/1915/1450 819/1918/1449
f 824/1930/1451 823/1925/1452 821/1921/1453 822/1924/1454
f 823/1925/1452 826/1934/1455 825/1933/1456 821/1921/1453
f 827/1937/1457 823/1927/1458 828/1938/1459 829/1941/1460
f 832/1949/1461 831/1945/1461 833/1952/1461
f 834/1955/1462 833/1953/1463 829/1940/1464 828/1939/1465
f 831/1946/1466 829/1940/1464 833/1953/1463
f 833/1954/1467 834/1956/1468 832/1951/1469
f 824/1931/1470 836/1959/1470 823/1926/1470
f 835/1957/1471 828/1938/1459 823/1927/1458 836/1960/1471
f 834/1955/1462 828/1939/1465 835/1958/1472 886/2069/1473
f 839/1966/1474 822/1924/1454 821/1921/1453 838/1963/1474
f 842/1973/1475 841/1970/1475 840/1968/1475 898/2100/1475 897/2097/1475
f 839/1967/1476 838/1964/1476 899/2103/1476 898/2101/1476 840/1969/1476
f 838/1965/1477 821/1922/1478 843/1978/1479
f 841/1971/1480 845/1981/1481 846/1983/1482 844/1979/1480
f 841/1972/1483 842/1974/1484 845/1982/1485
f 845/1981/1481 851/1993/1486 848/1987/1487 846/1983/1482
f 851/1993/1486 853/1997/1488 850/1991/1489 848/1987/1487
f 851/1994/1490 845/1982/1485 842/1974/1484
f 843/1976/1491 852/1996/1492 842/1974/1484
f 852/1996/1492 854/2000/1493 853/1998/1494 851/1994/1490
f 847/1985/1495 857/2006/1496 896/2096/1497 849/1990/1498
f 825/1932/1499 852/1995/1500 843/1977/1501 821/1923/1501
f 855/2003/1502 854/1999/1503 852/1995/1500 825/1932/1499
f 826/1934/1455 856/2004/1504 855/2002/1505 825/1933/1456
f 852/1996/1492 851/1994/1490 842/1974/1484
f 847/1985/1495 849/1990/1498 855/2002/1505 856/2004/1504
f 858/2009/1506 860/2013/1507 859/2012/1508 849/1989/1509
f 849/1989/1509 859/2012/1508 854/1999/1503 855/2003/1502
f 860/2013/1507 862/2017/1510 861/2015/1511 859/2012/1508
f 857/2007/1512 847/1986/1513 863/2020/1514 864/2021/1515
f 865/2023/1516 854/1999/1503 859/2012/1508 861/2015/1511
f 850/1991/1489 853/1997/1488 895/2092/1517 866/2026/1517
f 853/1998/1494 854/2000/1493 895/2093/1518
f 844/1980/1519 846/1984/1520 868/2030/1521 867/2029/1522
f 848/1988/1523 869/2031/1524 868/2030/1521 846/1984/1520
f 832/1950/1525 830/1942/1526 827/1936/1527 831/1947/1525
f 827/1936/1527 830/1942/1526 823/1928/1528
f 872/2036/1529 870/2032/1530 873/2038/1531 875/2044/1529
f 870/2032/1530 871/2034/1532 874/2043/1533 873/2038/1531
f 823/1929/1534 830/1944/1535 826/1935/1536
f 850/1992/1537 876/2046/1538 869/2031/1524 848/1988/1523
f 877/2047/1539 879/2053/1540 871/2034/1532
f 878/2051/1541 874/2043/1533 879/2053/1540
f 879/2053/1540 877/2047/1539 880/2054/1542 881/2057/1543
f 864/2021/1515 863/2020/1514 883/2063/1544 884/2064/1545
f 878/2050/1546 882/2059/1546 884/2065/1546 883/2062/1546
f 879/2053/1540 881/2057/1543 882/2060/1547 878/2051/1541
f 862/2018/1548 880/2055/1548 877/2049/1549 861/2016/1550
f 885/2067/1551 830/1943/1552 832/1951/1469 834/1956/1468
f 886/2069/1473 835/1958/1472 837/1961/1553
f 885/2067/1551 834/1956/1468 886/2070/1554 887/2073/1554
f 889/2078/1555 886/2071/1555 837/1962/1555 888/2076/1555
f 889/2079/1556 888/2077/1556 890/2081/1556 891/2083/1556
f 893/2089/1557 892/2086/1557 891/2084/1557 890/2082/1557
f 875/2045/1558 873/2039/1558 892/2087/1558 893/2090/1558
f 874/2042/1559 830/1944/1535 885/2068/1560
f 873/2040/1561 874/2042/1559 885/2068/1560 887/2074/1561
f 894/2091/1562 856/2005/1563 826/1935/1536 830/1944/1535
f 878/2052/1564 894/2091/1562 830/1944/1535 874/2042/1559
f 856/2005/1563 894/2091/1562 863/2020/1514 847/1986/1513
f 863/2020/1514 894/2091/1562 878/2052/1564 883/2063/1544
f 886/2072/1565 889/2080/1565 891/2085/1566 887/2075/1567
f 891/2085/1566 892/2088/1568 873/2041/1568 887/2075/1567
f 895/2094/1569 854/2001/1569 865/2024/1570 866/2027/1571
f 857/2008/1572 864/2022/1573 860/2014/1574 858/2010/1572 896/2095/1572
f 860/2014/1574 864/2022/1573 884/2066/1575 862/2019/1576
f 882/2061/1577 881/2058/1578 862/2019/1576 884/2066/1575
f 880/2056/1579 862/2019/1576 881/2058/1578
f 879/2053/1540 874/2043/1533 871/2034/1532
f 849/1990/1498 896/2096/1497 858/2011/1580
f 897/2098/1581 898/2102/1581 899/2104/1581
f 843/1978/1479 842/1975/1582 897/2099/1582 899/2105/1582 838/1965/1477
f 827/1937/1457 829/1941/1460 831/1948/1583
f 876/2046/1538 900/2106/1584 869/2031/1524
f 867/2029/1522 868/2030/1521 870/2033/1585 872/2037/1586
f 869/2031/1524 871/2035/1587 870/2033/1585 868/2030/1521
f 877/2048/1588 871/2035/1587 869/2031/1524 900/2106/1584
f 866/2027/1571 865/2024/1570 901/2108/1589 902/2111/1589
f 866/2028/1590 902/2112/1591 876/2046/1538 850/1992/1537
f 876/2046/1538 902/2112/1591 901/2109/1592 900/2106/1584
f 865/2025/1593 861/2016/1550 901/2110/1594
f 861/2016/1550 877/2049/1549 900/2107/1595 901/2110/1594
f 906/2122/1596 905/2117/1597 903/2113/1598 904/2116/1599
f 905/2117/1597 908/2126/1600 907/2125/1601 903/2113/1598
f 909/2129/1602 905/2119/1603 910/2130/1604 911/2133/1605
f 914/2141/1606 913/2137/1606 915/2144/1606
f 916/2147/1607 915/2145/1608 911/2132/1609 910/2131/1610
f 913/2138/1611 911/2132/1609 915/2145/1608
f 915/2146/1612 916/2148/1613 914/2143/1614
f 906/2123/1615 918/2151/1615 905/2118/1615
f 917/2149/1616 910/2130/1604 905/2119/1603 918/2152/1616
f 916/2147/1607 910/2131/1610 917/2150/1617 968/2261/1618
f 921/2158/1619 904/2116/1599 903/2113/1598 920/2155/1619
f 924/2165/1620 923/2162/1620 922/2160/1620 980/2292/1620 979/2289/1620
f 921/2159/1621 920/2156/1621 981/2295/1621 980/2293/1621 922/2161/1621
f 920/2157/1622 903/2114/1623 925/2170/1624
f 923/2163/1625 927/2173/1626 928/2175/1627 926/2171/1625
f 923/2164/1628 924/2166/1629 927/2174/1630
f 927/2173/1626 933/2185/1631 930/2179/1632 928/2175/1627
f 933/2185/1631 935/2189/1633 932/2183/1634 930/2179/1632
f 933/2186/1635 927/2174/1630 924/2166/1629
f 925/2168/1636 934/2188/1637 924/2166/1629
f 934/2188/1637 936/2192/1638 935/2190/1639 933/2186/1635
f 929/2177/1640 939/2198/1641 978/2288/1642 931/2182/1643
f 907/2124/1644 934/2187/1645 925/2169/1646 903/2115/1646
f 937/2195/1647 936/2191/1648 934/2187/1645 907/2124/1644
f 908/2126/1600 938/2196/1649 937/2194/1650 907/2125/1601
f 934/2188/1637 933/2186/1635 924/2166/1629
f 929/2177/1640 931/2182/1643 937/2194/1650 938/2196/1649
f 940/2201/1651 942/2205/1652 941/2204/1653 931/2181/1654
f 931/2181/1654 941/2204/1653 936/2191/1648 937/2195/1647
f 942/2205/1652 944/2209/1655 943/2207/1656 941/2204/1653
f 939/2199/1657 929/2178/1658 945/2212/1659 946/2213/1660
f 947/2215/1661 936/2191/1648 941/2204/1653 943/2207/1656
f 932/2183/1634 935/2189/1633 977/2284/1662 948/2218/1662
f 935/2190/1639 936/2192/1638 977/2285/1663
f 926/2172/1664 928/2176/1665 950/2222/1666 949/2221/1667
f 930/2180/1668 951/2223/1669 950/2222/1666 928/2176/1665
f 914/2142/1670 912/2134/1671 909/2128/1672 913/2139/1670
f 909/2128/1672 912/2134/1671 905/2120/1673
f 954/2228/1674 952/2224/1675 955/2230/1676 957/2236/1674
f 952/2224/1675 953/2226/1677 956/2235/1678 955/2230/1676
f 905/2121/1679 912/2136/1680 908/2127/1681
f 932/2184/1682 958/2238/1683 951/2223/1669 930/2180/1668
f 959/2239/1684 961/2245/1685 953/2226/1677
f 960/2243/1686 956/2235/1678 961/2245/1685
f 961/2245/1685 959/2239/1684 962/2246/1687 963/2249/1688
f 946/2213/1660 945/2212/1659 965/2255/1689 966/2256/1690
f 960/2242/1691 964/2251/1691 966/2257/1691 965/2254/1691
f 961/2245/1685 963/2249/1688 964/2252/1692 960/2243/1686
f 944/2210/1693 962/2247/1693 959/2241/1694 943/2208/1695
f 967/2259/1696 912/2135/1697 914/2143/1614 916/2148/1613
f 968/2261/1618 917/2150/1617 919/2153/1698
f 967/2259/1696 916/2148/1613 968/2262/1699 969/2265/1699
f 971/2270/1700 968/2263/1700 919/2154/1700 970/2268/1700
f 971/2271/1701 970/2269/1701 972/2273/1701 973/2275/1701
f 975/2281/1702 974/2278/1702 973/2276/1702 972/2274/1702
f 957/2237/1703 955/2231/1703 974/2279/1703 975/2282/1703
f 956/2234/1704 912/2136/1680 967/2260/1705
f 955/2232/1706 956/2234/1704 967/2260/1705 969/2266/1706
f 976/2283/1707 938/2197/1708 908/2127/1681 912/2136/1680
f 960/2244/1709 976/2283/1707 912/2136/1680 956/2234/1704
f 938/2197/1708 976/2283/1707 945/2212/1659 929/2178/1658
f 945/2212/1659 976/2283/1707 960/2244/1709 965/2255/1689
f 968/2264/1710 971/2272/1710 973/2277/1711 969/2267/1712
f 973/2277/1711 974/2280/1713 955/2233/1713 969/2267/1712
f 977/2286/1714 936/2193/1714 947/2216/1715 948/2219/1716
f 939/2200/1717 946/2214/1718 942/2206/1719 940/2202/1717 978/2287/1717
f 942/2206/1719 946/2214/1718 966/2258/1720 944/2211/1721
f 964/2253/1722 963/2250/1723 944/2211/1721 966/2258/1720
f 962/2248/1724 944/2211/1721 963/2250/1723
f 961/2245/1685 956/2235/1678 953/2226/1677
f 931/2182/1643 978/2288/1642 940/2203/1725
f 979/2290/1726 980/2294/1726 981/2296/1726
f 925/2170/1624 924/2167/1727 979/2291/1727 981/2297/1727 920/2157/1622
f 909/2129/1602 911/2133/1605 913/2140/1728
f 958/2238/1683 982/2298/1729 951/2223/1669
f 949/2221/1667 950/2222/1666 952/2225/1730 954/2229/1731
f 951/2223/1669 953/2227/1732 952/2225/1730 950/2222/1666
f 959/2240/1733 953/2227/1732 951/2223/1669 982/2298/1729
f 948/2219/1716 947/2216/1715 983/2300/1734 984/2303/1734
f 948/2220/1735 984/2304/1736 958/2238/1683 932/2184/1682
f 958/2238/1683 984/2304/1736 983/2301/1737 982/2298/1729
f 947/2217/1738 943/2208/1695 983/2302/1739
f 943/2208/1695 959/2241/1694 982/2299/1740 983/2302/1739
f 988/2314/1741 987/2309/1742 985/2305/1743 986/2308/1744
f 987/2309/1742 990/2318/1745 989/2317/1746 985/2305/1743
f 991/2321/1747 987/2311/1748 992/2322/1749 993/2325/1750
f 996/2333/1751 995/2329/1751 997/2336/1751
f 998/2339/1752 997/2337/1753 993/2324/1754 992/2323/1755
f 995/2330/1756 993/2324/1754 997/2337/1753
f 997/2338/1757 998/2340/1758 996/2335/1759
f 988/2315/1760 1000/2343/1760 987/2310/1760
f 999/2341/1761 992/2322/1749 987/2311/1748 1000/2344/1761
f 998/2339/1752 992/2323/1755 999/2342/1762 1050/2453/1763
f 1003/2350/1764 986/2308/1744 985/2305/1743 1002/2347/1764
f 1006/2357/1765 1005/2354/1765 1004/2352/1765 1062/2484/1765 1061/2481/1765
f 1003/2351/1766 1002/2348/1766 1063/2487/1766 1062/2485/1766 1004/2353/1766
f 1002/2349/1767 985/2306/1768 1007/2362/1769
f 1005/2355/1770 1009/2365/1771 1010/2367/1772 1008/2363/1770
f 1005/2356/1773 1006/2358/1774 1009/2366/1775
f 1009/2365/1771 1015/2377/1776 1012/2371/1777 1010/2367/1772
f 1015/2377/1776 1017/2381/1778 1014/2375/1779 1012/2371/1777
f 1015/2378/1780 1009/2366/1775 1006/2358/1774
f 1007/2360/1781 1016/2380/1782 1006/2358/1774
f 1016/2380/1782 1018/2384/1783 1017/2382/1784 1015/2378/1780
f 1011/2369/1785 1021/2390/1786 1060/2480/1787 1013/2374/1788
f 989/2316/1789 1016/2379/1790 1007/2361/1791 985/2307/1791
f 1019/2387/1792 1018/2383/1793 1016/2379/1790 989/2316/1789
f 990/2318/1745 1020/2388/1794 1019/2386/1795 989/2317/1746
f 1016/2380/1782 1015/2378/1780 1006/2358/1774
f 1011/2369/1785 1013/2374/1788 1019/2386/1795 1020/2388/1794
f 1022/2393/1796 1024/2397/1797 1023/2396/1798 1013/2373/1799
f 1013/2373/1799 1023/2396/1798 1018/2383/1793 1019/2387/1792
f 1024/2397/1797 1026/2401/1800 1025/2399/1801 1023/2396/1798
f 1021/2391/1802 1011/2370/1803 1027/2404/1804 1028/2405/1805
f 1029/2407/1806 1018/2383/1793 1023/2396/1798 1025/2399/1801
f 1014/2375/1779 1017/2381/1778 1059/2476/1807 1030/2410/1807
f 1017/2382/1784 1018/2384/1783 1059/2477/1808
f 1008/2364/1809 1010/2368/1810 1032/2414/1811 1031/2413/1812
f 1012/2372/1813 1033/2415/1814 1032/2414/1811 1010/2368/1810
f 996/2334/1815 994/2326/1816 991/2320/1817 995/2331/1815
f 991/2320/1817 994/2326/1816 987/2312/1818
f 1036/2420/1819 1034/2416/1820 1037/2422/1821 1039/2428/1819
f 1034/2416/1820 1035/2418/1822 1038/2427/1823 1037/2422/1821
f 987/2313/1824 994/2328/1825 990/2319/1826
f 1014/2376/1827 1040/2430/1828 1033/2415/1814 1012/2372/1813
f 1041/2431/1829 1043/2437/1830 1035/2418/1822
f 1042/2435/1831 1038/2427/1823 1043/2437/1830
f 1043/2437/1830 1041/2431/1829 1044/2438/1832 1045/2441/1833
f 1028/2405/1805 1027/2404/1804 1047/2447/1834 1048/2448/1835
f 1042/2434/1836 1046/2443/1836 1048/2449/1836 1047/2446/1836
f 1043/2437/1830 1045/2441/1833 1046/2444/1837 1042/2435/1831
f 1026/2402/1838 1044/2439/1838 1041/2433/1839 1025/2400/1840
f 1049/2451/1841 994/2327/1842 996/2335/1759 998/2340/1758
f 1050/2453/1763 999/2342/1762 1001/2345/1843
f 1049/2451/1841 998/2340/1758 1050/2454/1844 1051/2457/1844
f 1053/2462/1845 1050/2455/1845 1001/2346/1845 1052/2460/1845
f 1053/2463/1846 1052/2461/1846 1054/2465/1846 1055/2467/1846
f 1057/2473/1847 1056/2470/1847 1055/2468/1847 1054/2466/1847
f 1039/2429/1848 1037/2423/1848 1056/2471/1848 1057/2474/1848
f 1038/2426/1849 994/2328/1825 1049/2452/1850
f 1037/2424/1851 1038/2426/1849 1049/2452/1850 1051/2458/1851
f 1058/2475/1852 1020/2389/1853 990/2319/1826 994/2328/1825
f 1042/2436/1854 1058/2475/1852 994/2328/1825 1038/2426/1849
f 1020/2389/1853 1058/2475/1852 1027/2404/1804 1011/2370/1803
f 1027/2404/1804 1058/2475/1852 1042/2436/1854 1047/2447/1834
f 1050/2456/1855 1053/2464/1855 1055/2469/1856 1051/2459/1857
f 1055/2469/1856 1056/2472/1858 1037/2425/1858 1051/2459/1857
f 1059/2478/1859 1018/2385/1859 1029/2408/1860 1030/2411/1861
f 1021/2392/1862 1028/2406/1863 1024/2398/1864 1022/2394/1862 1060/2479/1862
f 1024/2398/1864 1028/2406/1863 1048/2450/1865 1026/2403/1866
f 1046/2445/1867 1045/2442/1868 1026/2403/1866 1048/2450/1865
f 1044/2440/1869 1026/2403/1866 1045/2442/1868
f 1043/2437/1830 1038/2427/1823 1035/2418/1822
f 1013/2374/1788 1060/2480/1787 1022/2395/1870
f 1061/2482/1871 1062/2486/1871 1063/2488/1871
f 1007/2362/1769 1006/2359/1872 1061/2483/1872 1063/2489/1872 1002/2349/1767
f 991/2321/1747 993/2325/1750 995/2332/1873
f 1040/2430/1828 1064/2490/1874 1033/2415/1814
f 1031/2413/1812 1032/2414/1811 1034/2417/1875 1036/2421/1876
f 1033/2415/1814 1035/2419/1877 1034/2417/1875 1032/2414/1811
f 1041/2432/1878 1035/2419/1877 1033/2415/1814 1064/2490/1874
f 1030/2411/1861 1029/2408/1860 1065/2492/1879 1066/2495/1879
f 1030/2412/1880 1066/2496/1881 1040/2430/1828 1014/2376/1827
f 1040/2430/1828 1066/2496/1881 1065/2493/1882 1064/2490/1874
f 1029/2409/1883 1025/2400/1840 1065/2494/1884
f 1025/2400/1840 1041/2433/1839 1064/2491/1885 1065/2494/1884
f 1070/2506/1886 1069/2501/1887 1067/2497/1888 1068/2500/1889
f 1069/2501/1887 1072/2510/1890 1071/2509/1891 1067/2497/1888
f 1073/2513/1892 1069/2503/1893 1074/2514/1894 1075/2517/1895
f 1078/2525/1896 1077/2521/1896 1079/2528/1896
f 1080/2531/1897 1079/2529/1898 1075/2516/1899 1074/2515/1900
f 1077/2522/1901 1075/2516/1899 1079/2529/1898
f 1079/2530/1902 1080/2532/1903 1078/2527/1904
f 1070/2507/1905 1082/2535/1905 1069/2502/1905
f 1081/2533/1906 1074/2514/1894 1069/2503/1893 1082/2536/1906
f 1080/2531/1897 1074/2515/1900 1081/2534/1907 1132/2645/1908
f 1085/2542/1909 1068/2500/1889 1067/2497/1888 1084/2539/1909
f 1088/2549/1910 1087/2546/1910 1086/2544/1910 1144/2676/1910 1143/2673/1910
f 1085/2543/1911 1084/2540/1911 1145/2679/1911 1144/2677/1911 1086/2545/1911
f 1084/2541/1912 1067/2498/1913 1089/2554/1914
f 1087/2547/1915 1091/2557/1916 1092/2559/1917 1090/2555/1915
f 1087/2548/1918 1088/2550/1919 1091/2558/1920
f 1091/2557/1916 1097/2569/1921 1094/2563/1922 1092/2559/1917
f 1097/2569/1921 1099/2573/1923 1096/2567/1924 1094/2563/1922
f 1097/2570/1925 1091/2558/1920 1088/2550/1919
f 1089/2552/1926 1098/2572/1927 1088/2550/1919
f 1098/2572/1927 1100/2576/1928 1099/2574/1929 1097/2570/1925
f 1093/2561/1930 1103/2582/1931 1142/2672/1932 1095/2566/1933
f 1071/2508/1934 1098/2571/1935 1089/2553/1936 1067/2499/1936
f 1101/2579/1937 1100/2575/1938 1098/2571/1935 1071/2508/1934
f 1072/2510/1890 1102/2580/1939 1101/2578/1940 1071/2509/1891
f 1098/2572/1927 1097/2570/1925 1088/2550/1919
f 1093/2561/1930 1095/2566/1933 1101/2578/1940 1102/2580/1939
f 1104/2585/1941 1106/2589/1942 1105/2588/1943 1095/2565/1944
f 1095/2565/1944 1105/2588/1943 1100/2575/1938 1101/2579/1937
f 1106/2589/1942 1108/2593/1945 1107/2591/1946 1105/2588/1943
f 1103/2583/1947 1093/2562/1948 1109/2596/1949 1110/2597/1950
f 1111/2599/1951 1100/2575/1938 1105/2588/1943 1107/2591/1946
f 1096/2567/1924 1099/2573/1923 1141/2668/1952 1112/2602/1952
f 1099/2574/1929 1100/2576/1928 1141/2669/1953
f 1090/2556/1954 1092/2560/1955 1114/2606/1956 1113/2605/1957
f 1094/2564/1958 1115/2607/1959 1114/2606/1956 1092/2560/1955
f 1078/2526/1960 1076/2518/1961 1073/2512/1962 1077/2523/1960
f 1073/2512/1962 1076/2518/1961 1069/2504/1963
f 1118/2612/1964 1116/2608/1965 1119/2614/1966 1121/2620/1964
f 1116/2608/1965 1117/2610/1967 1120/2619/1968 1119/2614/1966
f 1069/2505/1969 1076/2520/1970 1072/2511/1971
f 1096/2568/1972 1122/2622/1973 1115/2607/1959 1094/2564/1958
f 1123/2623/1974 1125/2629/1975 1117/2610/1967
f 1124/2627/1976 1120/2619/1968 1125/2629/1975
f 1125/2629/1975 1123/2623/1974 1126/2630/1977 1127/2633/1978
f 1110/2597/1950 1109/2596/1949 1129/2639/1979 1130/2640/1980
f 1124/2626/1981 1128/2635/1981 1130/2641/1981 1129/2638/1981
f 1125/2629/1975 1127/2633/1978 1128/2636/1982 1124/2627/1976
f 1108/2594/1983 1126/2631/1983 1123/2625/1984 1107/2592/1985
f 1131/2643/1986 1076/2519/1987 1078/2527/1904 1080/2532/1903
f 1132/2645/1908 1081/2534/1907 1083/2537/1988
f 1131/2643/1986 1080/2532/1903 1132/2646/1989 1133/2649/1989
f 1135/2654/1990 1132/2647/1990 1083/2538/1990 1134/2652/1990
f 1135/2655/1991 1134/2653/1991 1136/2657/1991 1137/2659/1991
f 1139/2665/1992 1138/2662/1992 1137/2660/1992 1136/2658/1992
f 1121/2621/1993 1119/2615/1993 1138/2663/1993 1139/2666/1993
f 1120/2618/1994 1076/2520/1970 1131/2644/1995
f 1119/2616/1996 1120/2618/1994 1131/2644/1995 1133/2650/1996
f 1140/2667/1997 1102/2581/1998 1072/2511/1971 1076/2520/1970
f 1124/2628/1999 1140/2667/1997 1076/2520/1970 1120/2618/1994
f 1102/2581/1998 1140/2667/1997 1109/2596/1949 1093/2562/1948
f 1109/2596/1949 1140/2667/1997 1124/2628/1999 1129/2639/1979
f 1132/2648/2000 1135/2656/2000 1137/2661/2001 1133/2651/2002
f 1137/2661/2001 1138/2664/2003 1119/2617/2003 1133/2651/2002
f 1141/2670/2004 1100/2577/2004 1111/2600/2005 1112/2603/2006
f 1103/2584/2007 1110/2598/2008 1106/2590/2009 1104/2586/2007 1142/2671/2007
f 1106/2590/2009 1110/2598/2008 1130/2642/2010 1108/2595/2011
f 1128/2637/2012 1127/2634/2013 1108/2595/2011 1130/2642/2010
f 1126/2632/2014 1108/2595/2011 1127/2634/2013
f 1125/2629/1975 1120/2619/1968 1117/2610/1967
f 1095/2566/1933 1142/2672/1932 1104/2587/2015
f 1143/2674/2016 1144/2678/2016 1145/2680/2016
f 1089/2554/1914 1088/2551/2017 1143/2675/2017 1145/2681/2017 1084/2541/1912
f 1073/2513/1892 1075/2517/1895 1077/2524/2018
f 1122/2622/1973 1146/2682/2019 1115/2607/1959
f 1113/2605/1957 1114/2606/1956 1116/2609/2020 1118/2613/2021
f 1115/2607/1959 1117/2611/2022 1116/2609/2020 1114/2606/1956
f 1123/2624/2023 1117/2611/2022 1115/2607/1959 1146/2682/2019
f 1112/2603/2006 1111/2600/2005 1147/2684/2024 1148/2687/2024
f 1112/2604/2025 1148/2688/2026 1122/2622/1973 1096/2568/1972
f 1122/2622/1973 1148/2688/2026 1147/2685/2027 1146/2682/2019
f 1111/2601/2028 1107/2592/1985 1147/2686/2029
f 1107/2592/1985 1123/2625/1984 1146/2683/2030 1147/2686/2029
f 1152/2698/2031 1151/2693/2032 1149/2689/2033 1150/2692/2034
f 1151/2693/2032 1154/2702/2035 1153/2701/2036 1149/2689/2033
f 1155/2705/2037 1151/2695/2038 1156/2706/2039 1157/2709/2040
f 1160/2717/2041 1159/2713/2041 1161/2720/2041
f 1162/2723/2042 1161/2721/2043 1157/2708/2044 1156/2707/2045
f 1159/2714/2046 1157/2708/2044 1161/2721/2043
f 1161/2722/2047 1162/2724/2048 1160/2719/2049
f 1152/2699/2050 1164/2727/2050 1151/2694/2050
f 1163/2725/2051 1156/2706/2039 1151/2695/2038 1164/2728/2051
f 1162/2723/2042 1156/2707/2045 1163/2726/2052 1214/2837/2053
f 1167/2734/2054 1150/2692/2034 1149/2689/2033 1166/2731/2054
f 1170/2741/2055 1169/2738/2055 1168/2736/2055 1226/2868/2055 1225/2865/2055
f 1167/2735/2056 1166/2732/2056 1227/2871/2056 1226/2869/2056 1168/2737/2056
f 1166/2733/2057 1149/2690/2058 1171/2746/2059
f 1169/2739/2060 1173/2749/2061 1174/2751/2062 1172/2747/2060
f 1169/2740/2063 1170/2742/2064 1173/2750/2065
f 1173/2749/2061 1179/2761/2066 1176/2755/2067 1174/2751/2062
f 1179/2761/2066 1181/2765/2068 1178/2759/2069 1176/2755/2067
f 1179/2762/2070 1173/2750/2065 1170/2742/2064
f 1171/2744/2071 1180/2764/2072 1170/2742/2064
f 1180/2764/2072 1182/2768/2073 1181/2766/2074 1179/2762/2070
f 1175/2753/2075 1185/2774/2076 1224/2864/2077 1177/2758/2078
f 1153/2700/2079 1180/2763/2080 1171/2745/2081 1149/2691/2081
f 1183/2771/2082 1182/2767/2083 1180/2763/2080 1153/2700/2079
f 1154/2702/2035 1184/2772/2084 1183/2770/2085 1153/2701/2036
f 1180/2764/2072 1179/2762/2070 1170/2742/2064
f 1175/2753/2075 1177/2758/2078 1183/2770/2085 1184/2772/2084
f 1186/2777/2086 1188/2781/2087 1187/2780/2088 1177/2757/2089
f 1177/2757/2089 1187/2780/2088 1182/2767/2083 1183/2771/2082
f 1188/2781/2087 1190/2785/2090 1189/2783/2091 1187/2780/2088
f 1185/2775/2092 1175/2754/2093 1191/2788/2094 1192/2789/2095
f 1193/2791/2096 1182/2767/2083 1187/2780/2088 1189/2783/2091
f 1178/2759/2069 1181/2765/2068 1223/2860/2097 1194/2794/2097
f 1181/2766/2074 1182/2768/2073 1223/2861/2098
f 1172/2748/2099 1174/2752/2100 1196/2798/2101 1195/2797/2102
f 1176/2756/2103 1197/2799/2104 1196/2798/2101 1174/2752/2100
f 1160/2718/2105 1158/2710/2106 1155/2704/2107 1159/2715/2105
f 1155/2704/2107 1158/2710/2106 1151/2696/2108
f 1200/2804/2109 1198/2800/2110 1201/2806/2111 1203/2812/2109
f 1198/2800/2110 1199/2802/2112 1202/2811/2113 1201/2806/2111
f 1151/2697/2114 1158/2712/2115 1154/2703/2116
f 1178/2760/2117 1204/2814/2118 1197/2799/2104 1176/2756/2103
f 1205/2815/2119 1207/2821/2120 1199/2802/2112
f 1206/2819/2121 1202/2811/2113 1207/2821/2120
f 1207/2821/2120 1205/2815/2119 1208/2822/2122 1209/2825/2123
f 1192/2789/2095 1191/2788/2094 1211/2831/2124 1212/2832/2125
f 1206/2818/2126 1210/2827/2126 1212/2833/2126 1211/2830/2126
f 1207/2821/2120 1209/2825/2123 1210/2828/2127 1206/2819/2121
f 1190/2786/2128 1208/2823/2128 1205/2817/2129 1189/2784/2130
f 1213/2835/2131 1158/2711/2132 1160/2719/2049 1162/2724/2048
f 1214/2837/2053 1163/2726/2052 1165/2729/2133
f 1213/2835/2131 1162/2724/2048 1214/2838/2134 1215/2841/2134
f 1217/2846/2135 1214/2839/2135 1165/2730/2135 1216/2844/2135
f 1217/2847/2136 1216/2845/2136 1218/2849/2136 1219/2851/2136
f 1221/2857/2137 1220/2854/2137 1219/2852/2137 1218/2850/2137
f 1203/2813/2138 1201/2807/2138 1220/2855/2138 1221/2858/2138
f 1202/2810/2139 1158/2712/2115 1213/2836/2140
f 1201/2808/2141 1202/2810/2139 1213/2836/2140 1215/2842/2141
f 1222/2859/2142 1184/2773/2143 1154/2703/2116 1158/2712/2115
f 1206/2820/2144 1222/2859/2142 1158/2712/2115 1202/2810/2139
f 1184/2773/2143 1222/2859/2142 1191/2788/2094 1175/2754/2093
f 1191/2788/2094 1222/2859/2142 1206/2820/2144 1211/2831/2124
f 1214/2840/2145 1217/2848/2145 1219/2853/2146 1215/2843/2147
f 1219/2853/2146 1220/2856/2148 1201/2809/2148 1215/2843/2147
f 1223/2862/2149 1182/2769/2149 1193/2792/2150 1194/2795/2151
f 1185/2776/2152 1192/2790/2153 1188/2782/2154 1186/2778/2152 1224/2863/2152
f 1188/2782/2154 1192/2790/2153 1212/2834/2155 1190/2787/2156
f 1210/2829/2157 1209/2826/2158 1190/2787/2156 1212/2834/2155
f 1208/2824/2159 1190/2787/2156 1209/2826/2158
f 1207/2821/2120 1202/2811/2113 1199/2802/2112
f 1177/2758/2078 1224/2864/2077 1186/2779/2160
f 1225/2866/2161 1226/2870/2161 1227/2872/2161
f 1171/2746/2059 1170/2743/2162 1225/2867/2162 1227/2873/2162 1166/2733/2057
f 1155/2705/2037 1157/2709/2040 1159/2716/2163
f 1204/2814/2118 1228/2874/2164 1197/2799/2104
f 1195/2797/2102 1196/2798/2101 1198/2801/2165 1200/2805/2166
f 1197/2799/2104 1199/2803/2167 1198/2801/2165 1196/2798/2101
f 1205/2816/2168 1199/2803/2167 1197/2799/2104 1228/2874/2164
f 1194/2795/2151 1193/2792/2150 1229/2876/2169 1230/2879/2169
f 1194/2796/2170 1230/2880/2171 1204/2814/2118 1178/2760/2117
f 1204/2814/2118 1230/2880/2171 1229/2877/2172 1228/2874/2164
f 1193/2793/2173 1189/2784/2130 1229/2878/2174
f 1189/2784/2130 1205/2817/2129 1228/2875/2175 1229/2878/2174
f 1234/2890/1886 1233/2885/1887 1231/2881/1888 1232/2884/1889
f 1233/2885/1887 1236/2894/1890 1235/2893/1891 1231/2881/1888
f 1237/2897/1892 1233/2887/1893 1238/2898/1894 1239/2901/1895
f 1242/2909/2176 1241/2905/2176 1243/2912/2176
f 1244/2915/1897 1243/2913/1898 1239/2900/1899 1238/2899/1900
f 1241/2906/1901 1239/2900/1899 1243/2913/1898
f 1243/2914/1902 1244/2916/1903 1242/2911/1904
f 1234/2891/1905 1246/2919/1905 1233/2886/1905
f 1245/2917/1906 1238/2898/1894 1233/2887/1893 1246/2920/1906
f 1244/2915/1897 1238/2899/1900 1245/2918/1907 1296/3029/1908
f 1249/2926/1909 1232/2884/1889 1231/2881/1888 1248/2923/1909
f 1252/2933/1910 1251/2930/1910 1250/2928/1910 1308/3060/1910 1307/3057/1910
f 1249/2927/1911 1248/2924/1911 1309/3063/1911 1308/3061/1911 1250/2929/1911
f 1248/2925/1912 1231/2882/1913 1253/2938/1914
f 1251/2931/1915 1255/2941/1916 1256/2943/1917 1254/2939/1915
f 1251/2932/1918 1252/2934/1919 1255/2942/1920
f 1255/2941/1916 1261/2953/1921 1258/2947/1922 1256/2943/1917
f 1261/2953/1921 1263/2957/1923 1260/2951/1924 1258/2947/1922
f 1261/2954/1925 1255/2942/1920 1252/2934/1919
f 1253/2936/1926 1262/2956/1927 1252/2934/1919
f 1262/2956/1927 1264/2960/1928 1263/2958/1929 1261/2954/1925
f 1257/2945/1930 1267/2966/1931 1306/3056/1932 1259/2950/1933
f 1235/2892/1934 1262/2955/1935 1253/2937/1936 1231/2883/1936
f 1265/2963/1937 1264/2959/1938 1262/2955/1935 1235/2892/1934
f 1236/2894/1890 1266/2964/1939 1265/2962/1940 1235/2893/1891
f 1262/2956/1927 1261/2954/1925 1252/2934/1919
f 1257/2945/1930 1259/2950/1933 1265/2962/1940 1266/2964/1939
f 1268/2969/1941 1270/2973/1942 1269/2972/1943 1259/2949/1944
f 1259/2949/1944 1269/2972/1943 1264/2959/1938 1265/2963/1937
f 1270/2973/1942 1272/2977/1945 1271/2975/1946 1269/2972/1943
f 1267/2967/1947 1257/2946/1948 1273/2980/1949 1274/2981/1950
f 1275/2983/1951 1264/2959/1938 1269/2972/1943 1271/2975/1946
f 1260/2951/1924 1263/2957/1923 1305/3052/1952 1276/2986/1952
f 1263/2958/1929 1264/2960/1928 1305/3053/1953
f 1254/2940/1954 1256/2944/1955 1278/2990/1956 1277/2989/1957
f 1258/2948/1958 1279/2991/1959 1278/2990/1956 1256/2944/1955
f 1242/2910/1960 1240/2902/1961 1237/2896/1962 1241/2907/1960
f 1237/2896/1962 1240/2902/1961 1233/2888/1963
f 1282/2996/1964 1280/2992/1965 1283/2998/1966 1285/3004/1964
f 1280/2992/1965 1281/2994/1967 1284/3003/1968 1283/2998/1966
f 1233/2889/1969 1240/2904/1970 1236/2895/1971
f 1260/2952/1972 1286/3006/1973 1279/2991/1959 1258/2948/1958
f 1287/3007/1974 1289/3013/1975 1281/2994/1967
f 1288/3011/1976 1284/3003/1968 1289/3013/1975
f 1289/3013/1975 1287/3007/1974 1290/3014/1977 1291/3017/2177
f 1274/2981/1950 1273/2980/1949 1293/3023/1979 1294/3024/1980
f 1288/3010/1981 1292/3019/1981 1294/3025/1981 1293/3022/1981
f 1289/3013/1975 1291/3017/2177 1292/3020/1982 1288/3011/1976
f 1272/2978/1983 1290/3015/1983 1287/3009/1984 1271/2976/1985
f 1295/3027/1986 1240/2903/1987 1242/2911/1904 1244/2916/1903
f 1296/3029/1908 1245/2918/1907 1247/2921/1988
f 1295/3027/1986 1244/2916/1903 1296/3030/1989 1297/3033/1989
f 1299/3038/1990 1296/3031/1990 1247/2922/1990 1298/3036/1990
f 1299/3039/1991 1298/3037/1991 1300/3041/1991 1301/3043/1991
f 1303/3049/1992 1302/3046/1992 1301/3044/1992 1300/3042/1992
f 1285/3005/1993 1283/2999/1993 1302/3047/1993 1303/3050/1993
f 1284/3002/2178 1240/2904/1970 1295/3028/1995
f 1283/3000/1996 1284/3002/2178 1295/3028/1995 1297/3034/1996
f 1304/3051/1997 1266/2965/1998 1236/2895/1971 1240/2904/1970
f 1288/3012/1999 1304/3051/1997 1240/2904/1970 1284/3002/2178
f 1266/2965/1998 1304/3051/1997 1273/2980/1949 1257/2946/1948
f 1273/2980/1949 1304/3051/1997 1288/3012/1999 1293/3023/1979
f 1296/3032/2000 1299/3040/2000 1301/3045/2001 1297/3035/2002
f 1301/3045/2001 1302/3048/2003 1283/3001/2003 1297/3035/2002
f 1305/3054/2004 1264/2961/2004 1275/2984/2005 1276/2987/2006
f 1267/2968/2007 1274/2982/2008 1270/2974/2009 1268/2970/2007 1306/3055/2007
f 1270/2974/2009 1274/2982/2008 1294/3026/2010 1272/2979/2011
f 1292/3021/2012 1291/3018/2013 1272/2979/2011 1294/3026/2010
f 1290/3016/2014 1272/2979/2011 1291/3018/2013
f 1289/3013/1975 1284/3003/1968 1281/2994/1967
f 1259/2950/1933 1306/3056/1932 1268/2971/2015
f 1307/3058/2016 1308/3062/2016 1309/3064/2016
f 1253/2938/1914 1252/2935/2017 1307/3059/2017 1309/3065/2017 1248/2925/1912
f 1237/2897/1892 1239/2901/1895 1241/2908/2018
f 1286/3006/1973 1310/3066/2019 1279/2991/1959
f 1277/2989/1957 1278/2990/1956 1280/2993/2020 1282/2997/2021
f 1279/2991/1959 1281/2995/2022 1280/2993/2020 1278/2990/1956
f 1287/3008/2023 1281/2995/2022 1279/2991/1959 1310/3066/2019
f 1276/2987/2006 1275/2984/2005 1311/3068/2024 1312/3071/2024
f 1276/2988/2025 1312/3072/2026 1286/3006/1973 1260/2952/1972
f 1286/3006/1973 1312/3072/2026 1311/3069/2027 1310/3066/2019
f 1275/2985/2028 1271/2976/1985 1311/3070/2029
f 1271/2976/1985 1287/3009/1984 1310/3067/2030 1311/3070/2029
f 1316/3082/2179 1315/3077/2180 1313/3073/2181 1314/3076/2182
f 1315/3077/2180 1318/3086/2183 1317/3085/2184 1313/3073/2181
f 1319/3089/2185 1315/3079/2186 1320/3090/2187 1321/3093/2188
f 1324/3101/2189 1323/3097/2189 1325/3104/2189
f 1326/3107/2190 1325/3105/2191 1321/3092/2192 1320/3091/2193
f 1323/3098/2194 1321/3092/2192 1325/3105/2191
f 1325/3106/2195 1326/3108/2196 1324/3103/2197
f 1316/3083/2198 1328/3111/2198 1315/3078/2198
f 1327/3109/2199 1320/3090/2187 1315/3079/2186 1328/3112/2199
f 1326/3107/2190 1320/3091/2193 1327/3110/2200 1378/3221/2201
f 1331/3118/2202 1314/3076/2182 1313/3073/2181 1330/3115/2202
f 1334/3125/2203 1333/3122/2203 1332/3120/2203 1390/3252/2203 1389/3249/2203
f 1331/3119/2204 1330/3116/2204 1391/3255/2204 1390/3253/2204 1332/3121/2204
f 1330/3117/2205 1313/3074/2206 1335/3130/2207
f 1333/3123/2208 1337/3133/2209 1338/3135/2210 1336/3131/2208
f 1333/3124/2211 1334/3126/2212 1337/3134/2213
f 1337/3133/2209 1343/3145/2214 1340/3139/2215 1338/3135/2210
f 1343/3145/2214 1345/3149/2216 1342/3143/2217 1340/3139/2215
f 1343/3146/2218 1337/3134/2213 1334/3126/2212
f 1335/3128/2219 1344/3148/2220 1334/3126/2212
f 1344/3148/2220 1346/3152/2221 1345/3150/2222 1343/3146/2218
f 1339/3137/2223 1349/3158/2224 1388/3248/2225 1341/3142/2226
f 1317/3084/2227 1344/3147/2228 1335/3129/2229 1313/3075/2229
f 1347/3155/2230 1346/3151/2231 1344/3147/2228 1317/3084/2227
f 1318/3086/2183 1348/3156/2232 1347/3154/2233 1317/3085/2184
f 1344/3148/2220 1343/3146/2218 1334/3126/2212
f 1339/3137/2223 1341/3142/2226 1347/3154/2233 1348/3156/2232
f 1350/3161/2234 1352/3165/2235 1351/3164/2236 1341/3141/2237
f 1341/3141/2237 1351/3164/2236 1346/3151/2231 1347/3155/2230
f 1352/3165/2235 1354/3169/2238 1353/3167/2239 1351/3164/2236
f 1349/3159/2240 1339/3138/2241 1355/3172/2242 1356/3173/2243
f 1357/3175/2244 1346/3151/2231 1351/3164/2236 1353/3167/2239
f 1342/3143/2217 1345/3149/2216 1387/3244/2245 1358/3178/2245
f 1345/3150/2222 1346/3152/2221 1387/3245/2246
f 1336/3132/2247 1338/3136/2248 1360/3182/2249 1359/3181/2250
f 1340/3140/2251 1361/3183/2252 1360/3182/2249 1338/3136/2248
f 1324/3102/2253 1322/3094/2254 1319/3088/2255 1323/3099/2253
f 1319/3088/2255 1322/3094/2254 1315/3080/2256
f 1364/3188/2257 1362/3184/2258 1365/3190/2259 1367/3196/2257
f 1362/3184/2258 1363/3186/2260 1366/3195/2261 1365/3190/2259
f 1315/3081/2262 1322/3096/2263 1318/3087/2264
f 1342/3144/2265 1368/3198/2266 1361/3183/2252 1340/3140/2251
f 1369/3199/2267 1371/3205/2268 1363/3186/2260
f 1370/3203/2269 1366/3195/2261 1371/3205/2268
f 1371/3205/2268 1369/3199/2267 1372/3206/2270 1373/3209/2271
f 1356/3173/2243 1355/3172/2242 1375/3215/2272 1376/3216/2273
f 1370/3202/2274 1374/3211/2274 1376/3217/2274 1375/3214/2274
f 1371/3205/2268 1373/3209/2271 1374/3212/2275 1370/3203/2269
f 1354/3170/2276 1372/3207/2276 1369/3201/2277 1353/3168/2278
f 1377/3219/2279 1322/3095/2280 1324/3103/2197 1326/3108/2196
f 1378/3221/2201 1327/3110/2200 1329/3113/2281
f 1377/3219/2279 1326/3108/2196 1378/3222/2282 1379/3225/2282
f 1381/3230/2283 1378/3223/2283 1329/3114/2283 1380/3228/2283
f 1381/3231/2284 1380/3229/2284 1382/3233/2284 1383/3235/2284
f 1385/3241/2285 1384/3238/2285 1383/3236/2285 1382/3234/2285
f 1367/3197/2286 1365/3191/2286 1384/3239/2286 1385/3242/2286
f 1366/3194/2287 1322/3096/2263 1377/3220/2288
f 1365/3192/2289 1366/3194/2287 1377/3220/2288 1379/3226/2289
f 1386/3243/2290 1348/3157/2291 1318/3087/2264 1322/3096/2263
f 1370/3204/2292 1386/3243/2290 1322/3096/2263 1366/3194/2287
f 1348/3157/2291 1386/3243/2290 1355/3172/2242 1339/3138/2241
f 1355/3172/2242 1386/3243/2290 1370/3204/2292 1375/3215/2272
f 1378/3224/2293 1381/3232/2293 1383/3237/2294 1379/3227/2295
f 1383/3237/2294 1384/3240/2296 1365/3193/2296 1379/3227/2295
f 1387/3246/2297 1346/3153/2297 1357/3176/2298 1358/3179/2299
f 1349/3160/2300 1356/3174/2301 1352/3166/2302 1350/3162/2300 1388/3247/2300
f 1352/3166/2302 1356/3174/2301 1376/3218/2303 1354/3171/2304
f 1374/3213/2305 1373/3210/2306 1354/3171/2304 1376/3218/2303
f 1372/3208/2307 1354/3171/2304 1373/3210/2306
f 1371/3205/2268 1366/3195/2261 1363/3186/2260
f 1341/3142/2226 1388/3248/2225 1350/3163/2308
f 1389/3250/2309 1390/3254/2309 1391/3256/2309
f 1335/3130/2207 1334/3127/2310 1389/3251/2310 1391/3257/2310 1330/3117/2205
f 1319/3089/2185 1321/3093/2188 1323/3100/2311
f 1368/3198/2266 1392/3258/2312 1361/3183/2252
f 1359/3181/2250 1360/3182/2249 1362/3185/2313 1364/3189/2314
f 1361/3183/2252 1363/3187/2315 1362/3185/2313 1360/3182/2249
f 1369/3200/2316 1363/3187/2315 1361/3183/2252 1392/3258/2312
f 1358/3179/2299 1357/3176/2298 1393/3260/2317 1394/3263/2317
f 1358/3180/2318 1394/3264/2319 1368/3198/2266 1342/3144/2265
f 1368/3198/2266 1394/3264/2319 1393/3261/2320 1392/3258/2312
f 1357/3177/2321 1353/3168/2278 1393/3262/2322
f 1353/3168/2278 1369/3201/2277 1392/3259/2323 1393/3262/2322
f 1398/3274/2324 1397/3269/2325 1395/3265/2326 1396/3268/2327
f 1397/3269/2325 1400/3278/2328 1399/3277/2329 1395/3265/2326
f 1401/3281/2330 1397/3271/2331 1402/3282/2332 1403/3285/2333
f 1406/3293/2334 1405/3289/2334 1407/3296/2334
f 1408/3299/2335 1407/3297/2336 1403/3284/2337 1402/3283/2338
f 1405/3290/2339 1403/3284/2337 1407/3297/2336
f 1407/3298/2340 1408/3300/2341 1406/3295/2342
f 1398/3275/2343 1410/3303/2343 1397/3270/2343
f 1409/3301/2344 1402/3282/2332 1397/3271/2331 1410/3304/2344
f 1408/3299/2335 1402/3283/2338 1409/3302/2345 1460/3413/2346
f 1413/3310/2347 1396/3268/2327 1395/3265/2326 1412/3307/2347
f 1416/3317/2348 1415/3314/2348 1414/3312/2348 1472/3444/2348 1471/3441/2348
f 1413/3311/2349 1412/3308/2349 1473/3447/2349 1472/3445/2349 1414/3313/2349
f 1412/3309/2350 1395/3266/2351 1417/3322/2352
f 1415/3315/2353 1419/3325/2354 1420/3327/2355 1418/3323/2353
f 1415/3316/2356 1416/3318/2357 1419/3326/2358
f 1419/3325/2354 1425/3337/2359 1422/3331/2360 1420/3327/2355
f 1425/3337/2359 1427/3341/2361 1424/3335/2362 1422/3331/2360
f 1425/3338/2363 1419/3326/2358 1416/3318/2357
f 1417/3320/2364 1426/3340/2365 1416/3318/2357
f 1426/3340/2365 1428/3344/2366 1427/3342/2367 1425/3338/2363
f 1421/3329/2368 1431/3350/2369 1470/3440/2370 1423/3334/2371
f 1399/3276/2372 1426/3339/2373 1417/3321/2374 1395/3267/2374
f 1429/3347/2375 1428/3343/2376 1426/3339/2373 1399/3276/2372
f 1400/3278/2328 1430/3348/2377 1429/3346/2378 1399/3277/2329
f 1426/3340/2365 1425/3338/2363 1416/3318/2357
f 1421/3329/2368 1423/3334/2371 1429/3346/2378 1430/3348/2377
f 1432/3353/2379 1434/3357/2380 1433/3356/2381 1423/3333/2382
f 1423/3333/2382 1433/3356/2381 1428/3343/2376 1429/3347/2375
f 1434/3357/2380 1436/3361/2383 1435/3359/2384 1433/3356/2381
f 1431/3351/2385 1421/3330/2386 1437/3364/2387 1438/3365/2388
f 1439/3367/2389 1428/3343/2376 1433/3356/2381 1435/3359/2384
f 1424/3335/2362 1427/3341/2361 1469/3436/2390 1440/3370/2390
f 1427/3342/2367 1428/3344/2366 1469/3437/2391
f 1418/3324/2392 1420/3328/2393 1442/3374/2394 1441/3373/2395
f 1422/3332/2396 1443/3375/2397 1442/3374/2394 1420/3328/2393
f 1406/3294/2398 1404/3286/2399 1401/3280/2400 1405/3291/2398
f 1401/3280/2400 1404/3286/2399 1397/3272/2401
f 1446/3380/2402 1444/3376/2403 1447/3382/2404 1449/3388/2402
f 1444/3376/2403 1445/3378/2405 1448/3387/2406 1447/3382/2404
f 1397/3273/2407 1404/3288/2408 1400/3279/2409
f 1424/3336/2410 1450/3390/2411 1443/3375/2397 1422/3332/2396
f 1451/3391/2412 1453/3397/2413 1445/3378/2405
f 1452/3395/2414 1448/3387/2406 1453/3397/2413
f 1453/3397/2413 1451/3391/2412 1454/3398/2415 1455/3401/2416
f 1438/3365/2388 1437/3364/2387 1457/3407/2417 1458/3408/2418
f 1452/3394/2419 1456/3403/2419 1458/3409/2419 1457/3406/2419
f 1453/3397/2413 1455/3401/2416 1456/3404/2420 1452/3395/2414
f 1436/3362/2421 1454/3399/2421 1451/3393/2422 1435/3360/2423
f 1459/3411/2424 1404/3287/2425 1406/3295/2342 1408/3300/2341
f 1460/3413/2346 1409/3302/2345 1411/3305/2426
f 1459/3411/2424 1408/3300/2341 1460/3414/2427 1461/3417/2427
f 1463/3422/2428 1460/3415/2428 1411/3306/2428 1462/3420/2428
f 1463/3423/2429 1462/3421/2429 1464/3425/2429 1465/3427/2429
f 1467/3433/2430 1466/3430/2430 1465/3428/2430 1464/3426/2430
f 1449/3389/2431 1447/3383/2431 1466/3431/2431 1467/3434/2431
f 1448/3386/2432 1404/3288/2408 1459/3412/2433
f 1447/3384/2434 1448/3386/2432 1459/3412/2433 1461/3418/2434
f 1468/3435/2435 1430/3349/2436 1400/3279/2409 1404/3288/2408
f 1452/3396/2437 1468/3435/2435 1404/3288/2408 1448/3386/2432
f 1430/3349/2436 1468/3435/2435 1437/3364/2387 1421/3330/2386
f 1437/3364/2387 1468/3435/2435 1452/3396/2437 1457/3407/2417
f 1460/3416/2438 1463/3424/2438 1465/3429/2439 1461/3419/2440
f 1465/3429/2439 1466/3432/2441 1447/3385/2441 1461/3419/2440
f 1469/3438/2442 1428/3345/2442 1439/3368/2443 1440/3371/2444
f 1431/3352/2445 1438/3366/2446 1434/3358/2447 1432/3354/2445 1470/3439/2445
f 1434/3358/2447 1438/3366/2446 1458/3410/2448 1436/3363/2449
f 1456/3405/2450 1455/3402/2451 1436/3363/2449 1458/3410/2448
f 1454/3400/2452 1436/3363/2449 1455/3402/2451
f 1453/3397/2413 1448/3387/2406 1445/3378/2405
f 1423/3334/2371 1470/3440/2370 1432/3355/2453
f 1471/3442/2454 1472/3446/2454 1473/3448/2454
f 1417/3322/2352 1416/3319/2455 1471/3443/2455 1473/3449/2455 1412/3309/2350
f 1401/3281/2330 1403/3285/2333 1405/3292/2456
f 1450/3390/2411 1474/3450/2457 1443/3375/2397
f 1441/3373/2395 1442/3374/2394 1444/3377/2458 1446/3381/2459
f 1443/3375/2397 1445/3379/2460 1444/3377/2458 1442/3374/2394
f 1451/3392/2461 1445/3379/2460 1443/3375/2397 1474/3450/2457
f 1440/3371/2444 1439/3368/2443 1475/3452/2462 1476/3455/2462
f 1440/3372/2463 1476/3456/2464 1450/3390/2411 1424/3336/2410
f 1450/3390/2411 1476/3456/2464 1475/3453/2465 1474/3450/2457
f 1439/3369/2466 1435/3360/2423 1475/3454/2467
f 1435/3360/2423 1451/3393/2422 1474/3451/2468 1475/3454/2467
f 1480/3466/2469 1479/3461/2470 1477/3457/2471 1478/3460/2472
f 1479/3461/2470 1482/3470/2473 1481/3469/2474 1477/3457/2471
f 1483/3473/2475 1479/3463/2476 1484/3474/2477 1485/3477/2478
f 1488/3485/2479 1487/3481/2479 1489/3488/2479
f 1490/3491/2480 1489/3489/2481 1485/3476/2482 1484/3475/2483
f 1487/3482/2484 1485/3476/2482 1489/3489/2481
f 1489/3490/2485 1490/3492/2486 1488/3487/2487
f 1480/3467/2488 1492/3495/2488 1479/3462/2488
f 1491/3493/2489 1484/3474/2477 1479/3463/2476 1492/3496/2489
f 1490/3491/2480 1484/3475/2483 1491/3494/2490 1542/3605/2491
f 1495/3502/2492 1478/3460/2472 1477/3457/2471 1494/3499/2492
f 1498/3509/2493 1497/3506/2493 1496/3504/2493 1554/3636/2493 1553/3633/2493
f 1495/3503/2494 1494/3500/2494 1555/3639/2494 1554/3637/2494 1496/3505/2494
f 1494/3501/2495 1477/3458/2496 1499/3514/2497
f 1497/3507/2498 1501/3517/2499 1502/3519/2500 1500/3515/2498
f 1497/3508/2501 1498/3510/2502 1501/3518/2503
f 1501/3517/2499 1507/3529/2504 1504/3523/2505 1502/3519/2500
f 1507/3529/2504 1509/3533/2506 1506/3527/2507 1504/3523/2505
f 1507/3530/2508 1501/3518/2503 1498/3510/2502
f 1499/3512/2509 1508/3532/2510 1498/3510/2502
f 1508/3532/2510 1510/3536/2511 1509/3534/2512 1507/3530/2508
f 1503/3521/2513 1513/3542/2514 1552/3632/2515 1505/3526/2516
f 1481/3468/2517 1508/3531/2518 1499/3513/2519 1477/3459/2519
f 1511/3539/2520 1510/3535/2521 1508/3531/2518 1481/3468/2517
f 1482/3470/2473 1512/3540/2522 1511/3538/2523 1481/3469/2474
f 1508/3532/2510 1507/3530/2508 1498/3510/2502
f 1503/3521/2513 1505/3526/2516 1511/3538/2523 1512/3540/2522
f 1514/3545/2524 1516/3549/2525 1515/3548/2526 1505/3525/2527
f 1505/3525/2527 1515/3548/2526 1510/3535/2521 1511/3539/2520
f 1516/3549/2525 1518/3553/2528 1517/3551/2529 1515/3548/2526
f 1513/3543/2530 1503/3522/2531 1519/3556/2532 1520/3557/2533
f 1521/3559/2534 1510/3535/2521 1515/3548/2526 1517/3551/2529
f 1506/3527/2507 1509/3533/2506 1551/3628/2535 1522/3562/2535
f 1509/3534/2512 1510/3536/2511 1551/3629/2536
f 1500/3516/2537 1502/3520/2538 1524/3566/2539 1523/3565/2540
f 1504/3524/2541 1525/3567/2542 1524/3566/2539 1502/3520/2538
f 1488/3486/2543 1486/3478/2544 1483/3472/2545 1487/3483/2543
f 1483/3472/2545 1486/3478/2544 1479/3464/2546
f 1528/3572/2547 1526/3568/2548 1529/3574/2549 1531/3580/2547
f 1526/3568/2548 1527/3570/2550 1530/3579/2551 1529/3574/2549
f 1479/3465/2552 1486/3480/2553 1482/3471/2554
f 1506/3528/2555 1532/3582/2556 1525/3567/2542 1504/3524/2541
f 1533/3583/2557 1535/3589/2558 1527/3570/2550
f 1534/3587/2559 1530/3579/2551 1535/3589/2558
f 1535/3589/2558 1533/3583/2557 1536/3590/2560 1537/3593/2561
f 1520/3557/2533 1519/3556/2532 1539/3599/2562 1540/3600/2563
f 1534/3586/2564 1538/3595/2564 1540/3601/2564 1539/3598/2564
f 1535/3589/2558 1537/3593/2561 1538/3596/2565 1534/3587/2559
f 1518/3554/2566 1536/3591/2566 1533/3585/2567 1517/3552/2568
f 1541/3603/2569 1486/3479/2570 1488/3487/2487 1490/3492/2486
f 1542/3605/2491 1491/3494/2490 1493/3497/2571
f 1541/3603/2569 1490/3492/2486 1542/3606/2572 1543/3609/2572
f 1545/3614/2573 1542/3607/2573 1493/3498/2573 1544/3612/2573
f 1545/3615/2574 1544/3613/2574 1546/3617/2574 1547/3619/2574
f 1549/3625/2575 1548/3622/2575 1547/3620/2575 1546/3618/2575
f 1531/3581/2576 1529/3575/2576 1548/3623/2576 1549/3626/2576
f 1530/3578/2577 1486/3480/2553 1541/3604/2578
f 1529/3576/2579 1530/3578/2577 1541/3604/2578 1543/3610/2579
f 1550/3627/2580 1512/3541/2581 1482/3471/2554 1486/3480/2553
f 1534/3588/2582 1550/3627/2580 1486/3480/2553 1530/3578/2577
f 1512/3541/2581 1550/3627/2580 1519/3556/2532 1503/3522/2531
f 1519/3556/2532 1550/3627/2580 1534/3588/2582 1539/3599/2562
f 1542/3608/2583 1545/3616/2583 1547/3621/2584 1543/3611/2585
f 1547/3621/2584 1548/3624/2586 1529/3577/2586 1543/3611/2585
f 1551/3630/2587 1510/3537/2587 1521/3560/2588 1522/3563/2589
f 1513/3544/2590 1520/3558/2591 1516/3550/2592 1514/3546/2590 1552/3631/2590
f 1516/3550/2592 1520/3558/2591 1540/3602/2593 1518/3555/2594
f 1538/3597/2595 1537/3594/2596 1518/3555/2594 1540/3602/2593
f 1536/3592/2597 1518/3555/2594 1537/3594/2596
f 1535/3589/2558 1530/3579/2551 1527/3570/2550
f 1505/3526/2516 1552/3632/2515 1514/3547/2598
f 1553/3634/2599 1554/3638/2599 1555/3640/2599
f 1499/3514/2497 1498/3511/2600 1553/3635/2600 1555/3641/2600 1494/3501/2495
f 1483/3473/2475 1485/3477/2478 1487/3484/2601
f 1532/3582/2556 1556/3642/2602 1525/3567/2542
f 1523/3565/2540 1524/3566/2539 1526/3569/2603 1528/3573/2604
f 1525/3567/2542 1527/3571/2605 1526/3569/2603 1524/3566/2539
f 1533/3584/2606 1527/3571/2605 1525/3567/2542 1556/3642/2602
f 1522/3563/2589 1521/3560/2588 1557/3644/2607 1558/3647/2607
f 1522/3564/2608 1558/3648/2609 1532/3582/2556 1506/3528/2555
f 1532/3582/2556 1558/3648/2609 1557/3645/2610 1556/3642/2602
f 1521/3561/2611 1517/3552/2568 1557/3646/2612
f 1517/3552/2568 1533/3585/2567 1556/3643/2613 1557/3646/2612
