# Blender 3.3.1
# www.blender.org
o Sphere
v 0.000000 1.903133 -1.271633
v 0.000000 1.271633 -1.903133
v 0.000000 0.446538 -2.244899
v 0.000000 -0.000000 -2.288879
v 0.000000 -0.446538 -2.244899
v 0.000000 -1.271633 -1.903133
v 0.087115 2.244899 -0.437958
v 0.170883 2.114648 -0.859086
v 0.248083 1.903133 -1.247199
v 0.315750 1.618482 -1.587383
v 0.371283 1.271633 -1.866565
v 0.412547 0.875916 -2.074016
v 0.437958 0.446538 -2.201763
v 0.446538 -0.000000 -2.244899
v 0.437958 -0.446538 -2.201763
v 0.412547 -0.875916 -2.074016
v 0.371283 -1.271633 -1.866565
v 0.315750 -1.618482 -1.587383
v 0.248083 -1.903133 -1.247199
v 0.170883 -2.114648 -0.859086
v 0.087115 -2.244899 -0.437958
v 0.170883 2.244899 -0.412547
v 0.335199 2.114648 -0.809241
v 0.486633 1.903133 -1.174835
v 0.619366 1.618482 -1.495282
v 0.728297 1.271633 -1.758265
v 0.809241 0.875916 -1.953680
v 0.859085 0.446538 -2.074016
v 0.875916 -0.000000 -2.114648
v 0.859085 -0.446538 -2.074016
v 0.809241 -0.875916 -1.953680
v 0.728297 -1.271633 -1.758265
v 0.619366 -1.618482 -1.495282
v 0.486633 -1.903133 -1.174835
v 0.335199 -2.114648 -0.809241
v 0.170883 -2.244899 -0.412547
v 0.248083 2.244899 -0.371283
v 0.486633 2.114648 -0.728298
v 0.706481 1.903133 -1.057324
v 0.899180 1.618482 -1.345718
v 1.057324 1.271633 -1.582397
v 1.174835 0.875916 -1.758265
v 1.247199 0.446538 -1.866565
v 1.271633 -0.000000 -1.903133
v 1.247199 -0.446538 -1.866565
v 1.174835 -0.875916 -1.758265
v 1.057324 -1.271633 -1.582397
v 0.899180 -1.618482 -1.345718
v 0.706481 -1.903133 -1.057324
v 0.486633 -2.114648 -0.728298
v 0.248083 -2.244899 -0.371283
v 0.315750 2.244899 -0.315750
v 0.619366 2.114648 -0.619366
v 0.899180 1.903133 -0.899180
v 1.144439 1.618482 -1.144439
v 1.345718 1.271633 -1.345718
v 1.495282 0.875916 -1.495282
v 1.587383 0.446538 -1.587383
v 1.618482 -0.000000 -1.618481
v 1.587383 -0.446538 -1.587383
v 1.495282 -0.875916 -1.495282
v 1.345718 -1.271633 -1.345718
v 1.144439 -1.618482 -1.144439
v 0.899180 -1.903133 -0.899180
v 0.619366 -2.114648 -0.619366
v 0.315750 -2.244899 -0.315750
v 0.371283 2.244899 -0.248083
v 0.728298 2.114648 -0.486633
v 1.057324 1.903133 -0.706481
v 1.345718 1.618482 -0.899180
v 1.582397 1.271633 -1.057324
v 1.758265 0.875916 -1.174836
v 1.866565 0.446538 -1.247199
v 1.903133 -0.000000 -1.271632
v 1.866565 -0.446538 -1.247199
v 1.758265 -0.875916 -1.174836
v 1.582397 -1.271633 -1.057324
v 1.345718 -1.618482 -0.899180
v 1.057324 -1.903133 -0.706481
v 0.728298 -2.114648 -0.486633
v 0.371283 -2.244899 -0.248083
v 0.412547 2.244899 -0.170883
v 0.809241 2.114648 -0.335198
v 1.174835 1.903133 -0.486633
v 1.495282 1.618482 -0.619366
v 1.758265 1.271633 -0.728297
v 1.953680 0.875916 -0.809241
v 2.074016 0.446538 -0.859085
v 2.114648 -0.000000 -0.875915
v 2.074016 -0.446538 -0.859085
v 1.953680 -0.875916 -0.809241
v 1.758265 -1.271633 -0.728297
v 1.495282 -1.618482 -0.619366
v 1.174835 -1.903133 -0.486633
v 0.809241 -2.114648 -0.335198
v 0.412547 -2.244899 -0.170883
v 0.437958 2.244899 -0.087115
v 0.859085 2.114648 -0.170883
v 1.247199 1.903133 -0.248083
v 1.587383 1.618482 -0.315750
v 1.866565 1.271633 -0.371283
v 2.074016 0.875916 -0.412547
v 2.201763 0.446538 -0.437958
v 2.244898 -0.000000 -0.446538
v 2.201763 -0.446538 -0.437958
v 2.074016 -0.875916 -0.412547
v 1.866565 -1.271633 -0.371283
v 1.587383 -1.618482 -0.315750
v 1.247199 -1.903133 -0.248083
v 0.859085 -2.114648 -0.170883
v 0.437958 -2.244899 -0.087115
v 0.446538 2.244899 0.000000
v 0.875916 2.114648 0.000000
v 1.271633 1.903133 0.000000
v 1.618482 1.618482 -0.000000
v 1.903133 1.271633 0.000000
v 2.114648 0.875916 -0.000000
v 2.244898 0.446538 0.000000
v 2.288878 -0.000000 0.000000
v 2.244898 -0.446538 0.000000
v 2.114648 -0.875916 -0.000000
v 1.903133 -1.271633 0.000000
v 1.618482 -1.618482 -0.000000
v 1.271633 -1.903133 0.000000
v 0.875916 -2.114648 0.000000
v 0.446538 -2.244899 0.000000
v 0.437958 2.244899 0.087115
v 0.859085 2.114648 0.170883
v 1.247199 1.903133 0.248083
v 1.587383 1.618482 0.315750
v 1.866564 1.271633 0.371283
v 2.074016 0.875916 0.412547
v 2.201763 0.446538 0.437958
v 2.244898 -0.000000 0.446538
v 2.201763 -0.446538 0.437958
v 2.074016 -0.875916 0.412547
v 1.866564 -1.271633 0.371283
v 1.587383 -1.618482 0.315750
v 1.247199 -1.903133 0.248083
v 0.859085 -2.114648 0.170883
v 0.437958 -2.244899 0.087115
v 0.412547 2.244899 0.170883
v 0.809241 2.114648 0.335199
v 1.174835 1.903133 0.486633
v 1.495282 1.618482 0.619366
v 1.758265 1.271633 0.728298
v 1.953680 0.875916 0.809241
v 2.074015 0.446538 0.859086
v 2.114647 -0.000000 0.875916
v 2.074015 -0.446538 0.859086
v 1.953680 -0.875916 0.809241
v 1.758265 -1.271633 0.728298
v 1.495282 -1.618482 0.619366
v 1.174835 -1.903133 0.486633
v 0.809241 -2.114648 0.335199
v 0.412547 -2.244899 0.170883
v 0.371283 2.244899 0.248083
v 0.728297 2.114648 0.486633
v 1.057324 1.903133 0.706481
v 1.345718 1.618482 0.899180
v 1.582397 1.271633 1.057324
v 1.758265 0.875916 1.174835
v 1.866564 0.446538 1.247199
v 1.903132 -0.000000 1.271633
v 1.866564 -0.446538 1.247199
v 1.758265 -0.875916 1.174835
v 1.582397 -1.271633 1.057324
v 1.345718 -1.618482 0.899180
v 1.057324 -1.903133 0.706481
v 0.728297 -2.114648 0.486633
v 0.371283 -2.244899 0.248083
v 0.315750 2.244899 0.315750
v 0.619366 2.114648 0.619366
v 0.899180 1.903133 0.899180
v 1.144439 1.618482 1.144439
v 1.345718 1.271633 1.345718
v 1.495282 0.875916 1.495282
v 1.587382 0.446538 1.587383
v 1.618480 -0.000000 1.618481
v 1.587382 -0.446538 1.587383
v 1.495282 -0.875916 1.495282
v 1.345718 -1.271633 1.345718
v 1.144439 -1.618482 1.144439
v 0.899180 -1.903133 0.899180
v 0.619366 -2.114648 0.619366
v 0.315750 -2.244899 0.315750
v 0.248083 2.244899 0.371283
v 0.486633 2.114648 0.728297
v 0.706481 1.903133 1.057324
v 0.899180 1.618482 1.345718
v 1.057324 1.271633 1.582397
v 1.174835 0.875916 1.758265
v 1.247198 0.446538 1.866565
v 1.271632 -0.000000 1.903132
v 1.247198 -0.446538 1.866565
v 1.174835 -0.875916 1.758265
v 1.057324 -1.271633 1.582397
v 0.899180 -1.618482 1.345718
v 0.706481 -1.903133 1.057324
v 0.486633 -2.114648 0.728297
v 0.248083 -2.244899 0.371283
v 0.170883 2.244899 0.412547
v 0.335198 2.114648 0.809241
v 0.486632 1.903133 1.174835
v 0.619366 1.618482 1.495282
v 0.728297 1.271633 1.758265
v 0.809241 0.875916 1.953680
v 0.859085 0.446538 2.074015
v 0.875915 -0.000000 2.114647
v 0.859085 -0.446538 2.074015
v 0.809241 -0.875916 1.953680
v 0.728297 -1.271633 1.758265
v 0.619366 -1.618482 1.495282
v 0.486632 -1.903133 1.174835
v 0.335198 -2.114648 0.809241
v 0.170883 -2.244899 0.412547
v 0.087115 2.244899 0.437958
v 0.170883 2.114648 0.859085
v 0.248083 1.903133 1.247198
v 0.315750 1.618482 1.587383
v 0.371282 1.271633 1.866564
v 0.412547 0.875916 2.074015
v 0.437958 0.446538 2.201763
v 0.446537 -0.000000 2.244897
v 0.437958 -0.446538 2.201763
v 0.412547 -0.875916 2.074015
v 0.371282 -1.271633 1.866564
v 0.315750 -1.618482 1.587383
v 0.248083 -1.903133 1.247198
v 0.170883 -2.114648 0.859085
v 0.087115 -2.244899 0.437958
v -0.000000 2.244899 0.446538
v -0.000000 2.114648 0.875916
v -0.000000 1.903133 1.271632
v -0.000000 1.618482 1.618481
v -0.000000 1.271633 1.903132
v 0.000000 0.875916 2.114648
v -0.000000 0.446538 2.244898
v -0.000001 -0.000000 2.288877
v -0.000000 -0.446538 2.244898
v 0.000000 -0.875916 2.114648
v -0.000000 -1.271633 1.903132
v -0.000000 -1.618482 1.618481
v -0.000000 -1.903133 1.271632
v -0.000000 -2.114648 0.875916
v -0.000000 -2.244899 0.446538
v -0.087115 2.244899 0.437958
v -0.170883 2.114648 0.859085
v -0.248083 1.903133 1.247198
v -0.315750 1.618482 1.587383
v -0.371283 1.271633 1.866564
v -0.412547 0.875916 2.074015
v -0.437958 0.446538 2.201763
v -0.446539 -0.000000 2.244897
v -0.437958 -0.446538 2.201763
v -0.412547 -0.875916 2.074015
v -0.371283 -1.271633 1.866564
v -0.315750 -1.618482 1.587383
v -0.248083 -1.903133 1.247198
v -0.170883 -2.114648 0.859085
v -0.087115 -2.244899 0.437958
v -0.170883 2.244899 0.412547
v -0.335199 2.114648 0.809241
v -0.486633 1.903133 1.174835
v -0.619366 1.618482 1.495282
v -0.728297 1.271633 1.758265
v -0.809240 0.875916 1.953680
v -0.859085 0.446538 2.074015
v -0.875916 -0.000000 2.114646
v -0.859085 -0.446538 2.074015
v -0.809240 -0.875916 1.953680
v -0.728297 -1.271633 1.758265
v -0.619366 -1.618482 1.495282
v -0.486633 -1.903133 1.174835
v -0.335199 -2.114648 0.809241
v -0.170883 -2.244899 0.412547
v -0.248083 2.244899 0.371283
v -0.486633 2.114648 0.728297
v -0.706481 1.903133 1.057323
v -0.899180 1.618482 1.345718
v -1.057324 1.271633 1.582397
v -1.174835 0.875916 1.758265
v -1.247199 0.446538 1.866564
v -1.271633 -0.000000 1.903131
v -1.247199 -0.446538 1.866564
v -1.174835 -0.875916 1.758265
v -1.057324 -1.271633 1.582397
v -0.899180 -1.618482 1.345718
v -0.706481 -1.903133 1.057323
v -0.486633 -2.114648 0.728297
v -0.248083 -2.244899 0.371283
v -0.315750 2.244899 0.315750
v -0.619366 2.114648 0.619366
v -0.899180 1.903133 0.899179
v -1.144439 1.618482 1.144439
v -1.345718 1.271633 1.345717
v -1.495281 0.875916 1.495282
v -1.587383 0.446538 1.587382
v -1.618481 -0.000000 1.618480
v -1.587383 -0.446538 1.587382
v -1.495281 -0.875916 1.495282
v -1.345718 -1.271633 1.345717
v -1.144439 -1.618482 1.144439
v -0.899180 -1.903133 0.899179
v -0.619366 -2.114648 0.619366
v -0.315750 -2.244899 0.315750
v -0.371283 2.244899 0.248083
v -0.728297 2.114648 0.486633
v -1.057323 1.903133 0.706481
v -1.345718 1.618482 0.899180
v -1.582397 1.271633 1.057323
v -1.758265 0.875916 1.174835
v -1.866564 0.446538 1.247198
v -1.903132 -0.000000 1.271631
v -1.866564 -0.446538 1.247198
v -1.758265 -0.875916 1.174835
v -1.582397 -1.271633 1.057323
v -1.345718 -1.618482 0.899180
v -1.057323 -1.903133 0.706481
v -0.728297 -2.114648 0.486633
v -0.371283 -2.244899 0.248083
v -0.412547 2.244899 0.170883
v -0.809241 2.114648 0.335198
v -1.174835 1.903133 0.486632
v -1.495282 1.618482 0.619366
v -1.758265 1.271633 0.728297
v -1.953679 0.875916 0.809241
v -2.074015 0.446538 0.859085
v -2.114647 -0.000000 0.875914
v -2.074015 -0.446538 0.859085
v -1.953679 -0.875916 0.809241
v -1.758265 -1.271633 0.728297
v -1.495282 -1.618482 0.619366
v -1.174835 -1.903133 0.486632
v -0.809241 -2.114648 0.335198
v -0.412547 -2.244899 0.170883
v -0.437958 2.244899 0.087115
v -0.859085 2.114648 0.170883
v -1.247198 1.903133 0.248083
v -1.587383 1.618482 0.315750
v -1.866564 1.271633 0.371282
v -2.074015 0.875916 0.412547
v -2.201763 0.446538 0.437957
v -2.244897 -0.000000 0.446537
v -2.201763 -0.446538 0.437957
v -2.074015 -0.875916 0.412547
v -1.866564 -1.271633 0.371282
v -1.587383 -1.618482 0.315750
v -1.247198 -1.903133 0.248083
v -0.859085 -2.114648 0.170883
v -0.437958 -2.244899 0.087115
v -0.446538 2.244899 -0.000000
v -0.875916 2.114648 -0.000000
v -1.271632 1.903133 -0.000000
v -1.618481 1.618482 -0.000000
v -1.903132 1.271633 -0.000000
v -2.114647 0.875916 -0.000000
v -2.244898 0.446538 -0.000001
v -2.288877 -0.000000 -0.000001
v -2.244898 -0.446538 -0.000001
v -2.114647 -0.875916 -0.000000
v -1.903132 -1.271633 -0.000000
v -1.618481 -1.618482 -0.000000
v -1.271632 -1.903133 -0.000000
v -0.875916 -2.114648 -0.000000
v -0.446538 -2.244899 -0.000000
v -0.437958 2.244899 -0.087115
v -0.859085 2.114648 -0.170883
v -1.247198 1.903133 -0.248083
v -1.587382 1.618482 -0.315750
v -1.866564 1.271633 -0.371283
v -2.074015 0.875916 -0.412547
v -2.201762 0.446538 -0.437958
v -2.244896 -0.000000 -0.446539
v -2.201762 -0.446538 -0.437958
v -2.074015 -0.875916 -0.412547
v -1.866564 -1.271633 -0.371283
v -1.587382 -1.618482 -0.315750
v -1.247198 -1.903133 -0.248083
v -0.859085 -2.114648 -0.170883
v -0.437958 -2.244899 -0.087115
v -0.412547 2.244899 -0.170883
v -0.809240 2.114648 -0.335198
v -1.174834 1.903133 -0.486633
v -1.495282 1.618482 -0.619366
v -1.758264 1.271633 -0.728297
v -1.953679 0.875916 -0.809240
v -2.074014 0.446538 -0.859086
v -2.114646 -0.000000 -0.875916
v -2.074014 -0.446538 -0.859086
v -1.953679 -0.875916 -0.809240
v -1.758264 -1.271633 -0.728297
v -1.495282 -1.618482 -0.619366
v -1.174834 -1.903133 -0.486633
v -0.809240 -2.114648 -0.335198
v -0.412547 -2.244899 -0.170883
v -0.371282 2.244899 -0.248083
v -0.728297 2.114648 -0.486633
v -1.057323 1.903133 -0.706481
v -1.345718 1.618482 -0.899180
v -1.582396 1.271633 -1.057324
v -1.758265 0.875916 -1.174835
v -1.866564 0.446538 -1.247199
v -1.903130 -0.000000 -1.271632
v -1.866564 -0.446538 -1.247199
v -1.758265 -0.875916 -1.174835
v -1.582396 -1.271633 -1.057324
v -1.345718 -1.618482 -0.899180
v -1.057323 -1.903133 -0.706481
v -0.728297 -2.114648 -0.486633
v -0.371282 -2.244899 -0.248083
v -0.315750 2.244899 -0.315750
v -0.619366 2.114648 -0.619366
v -0.899179 1.903133 -0.899180
v -1.144439 1.618482 -1.144439
v -1.345717 1.271633 -1.345718
v -1.495281 0.875916 -1.495281
v -1.587382 0.446538 -1.587382
v -1.618479 -0.000000 -1.618481
v -1.587382 -0.446538 -1.587382
v -1.495281 -0.875916 -1.495281
v -1.345717 -1.271633 -1.345718
v -1.144439 -1.618482 -1.144439
v -0.899179 -1.903133 -0.899180
v -0.619366 -2.114648 -0.619366
v -0.315750 -2.244899 -0.315750
v -0.248083 2.244899 -0.371282
v -0.486632 2.114648 -0.728297
v -0.706480 1.903133 -1.057323
v -0.899180 1.618482 -1.345718
v -1.057323 1.271633 -1.582397
v -1.174835 0.875916 -1.758265
v -1.247198 0.446538 -1.866564
v -1.271631 -0.000000 -1.903131
v -1.247198 -0.446538 -1.866564
v -1.174835 -0.875916 -1.758265
v -1.057323 -1.271633 -1.582397
v -0.899180 -1.618482 -1.345718
v -0.706480 -1.903133 -1.057323
v -0.486632 -2.114648 -0.728297
v -0.248083 -2.244899 -0.371282
v -0.170883 2.244899 -0.412547
v -0.335198 2.114648 -0.809240
v -0.486632 1.903133 -1.174834
v -0.619366 1.618482 -1.495282
v -0.728296 1.271633 -1.758265
v -0.809240 0.875916 -1.953679
v -0.859084 0.446538 -2.074015
v -0.875914 -0.000000 -2.114646
v -0.859084 -0.446538 -2.074015
v -0.809240 -0.875916 -1.953679
v -0.728296 -1.271633 -1.758265
v -0.619366 -1.618482 -1.495282
v -0.486632 -1.903133 -1.174834
v -0.335198 -2.114648 -0.809240
v -0.170883 -2.244899 -0.412547
v -0.087115 2.244899 -0.437957
v -0.170882 2.114648 -0.859085
v -0.248082 1.903133 -1.247197
v -0.315750 1.618482 -1.587383
v -0.371282 1.271633 -1.866564
v -0.412547 0.875916 -2.074015
v -0.437957 0.446538 -2.201762
v -0.446536 -0.000000 -2.244896
v -0.437957 -0.446538 -2.201762
v -0.412547 -0.875916 -2.074015
v -0.371282 -1.271633 -1.866564
v -0.315750 -1.618482 -1.587383
v -0.248082 -1.903133 -1.247197
v -0.170882 -2.114648 -0.859085
v -0.087115 -2.244899 -0.437957
v 0.000000 2.244899 -0.446538
v 0.000000 2.114648 -0.875915
v 0.000000 1.618482 -1.618481
v 0.000000 0.875916 -2.114647
v 0.000000 -0.875916 -2.114647
v 0.000000 -1.618482 -1.618481
v 0.000000 -1.903133 -1.271631
v 0.000000 -2.114648 -0.875915
v 0.000000 -2.244899 -0.446538
v 0.092594 -2.016340 -0.223541
v 0.047204 -2.016340 -0.237310
v 0.092594 2.016341 -0.223541
v 0.047204 2.016341 -0.237310
v 0.134425 -2.016340 -0.201181
v 0.134425 2.016341 -0.201181
v 0.171091 -2.016340 -0.171091
v 0.171091 2.016341 -0.171091
v 0.201181 -2.016340 -0.134425
v 0.201181 2.016341 -0.134425
v 0.000000 2.055844 0.000000
v 0.223541 2.016341 -0.092594
v 0.223541 -2.016340 -0.092594
v 0.237310 -2.016340 -0.047204
v 0.237310 2.016341 -0.047204
v 0.241959 2.016341 0.000000
v 0.241959 -2.016340 0.000000
v 0.237310 -2.016340 0.047204
v 0.237310 2.016341 0.047204
v 0.223541 -2.016340 0.092594
v 0.223541 2.016341 0.092594
v 0.201181 -2.016340 0.134425
v 0.201181 2.016341 0.134425
v 0.171091 2.016341 0.171091
v 0.171091 -2.016340 0.171091
v 0.134425 -2.016340 0.201181
v 0.134425 2.016341 0.201181
v 0.092594 -2.016340 0.223541
v 0.092594 2.016341 0.223541
v 0.047204 -2.016340 0.237309
v 0.047204 2.016341 0.237309
v 0.000000 -2.016340 0.241959
v 0.000000 2.016341 0.241959
v -0.047204 -2.016340 0.237309
v -0.047204 2.016341 0.237309
v -0.092593 -2.016340 0.223541
v -0.092593 2.016341 0.223541
v -0.134425 -2.016340 0.201181
v -0.134425 2.016341 0.201181
v -0.171090 -2.016340 0.171091
v 0.000000 -2.055842 0.000000
v -0.171090 2.016341 0.171091
v -0.201181 2.016341 0.134425
v -0.201181 -2.016340 0.134425
v -0.223540 -2.016340 0.092594
v -0.223540 2.016341 0.092594
v -0.237309 2.016341 0.047204
v -0.237309 -2.016340 0.047204
v -0.241958 -2.016340 -0.000000
v -0.241958 2.016341 -0.000000
v -0.237309 2.016341 -0.047204
v -0.237309 -2.016340 -0.047204
v -0.223540 -2.016340 -0.092594
v -0.223540 2.016341 -0.092594
v -0.201181 -2.016340 -0.134425
v -0.201181 2.016341 -0.134425
v -0.171090 -2.016340 -0.171091
v -0.171090 2.016341 -0.171091
v -0.134425 -2.016340 -0.201181
v -0.134425 2.016341 -0.201181
v -0.092593 -2.016340 -0.223541
v -0.092593 2.016341 -0.223541
v -0.047204 -2.016340 -0.237309
v -0.047204 2.016341 -0.237309
v 0.000000 2.016341 -0.241958
v 0.000000 -2.016340 -0.241958
v 0.000000 0.223269 -2.193551
v 0.427941 0.223269 -2.151402
v 0.839436 0.223269 -2.026577
v 1.218672 0.223269 -1.823871
v 1.551075 0.223269 -1.551075
v 1.823871 0.223269 -1.218671
v 2.026577 0.223269 -0.839435
v 2.151402 0.223269 -0.427940
v 2.193551 0.223269 0.000000
v 2.151402 0.223269 0.427941
v 2.026576 0.223269 0.839436
v 1.823870 0.223269 1.218672
v 1.551074 0.223269 1.551075
v 1.218671 0.223269 1.823871
v 0.839435 0.223269 2.026576
v 0.427940 0.223269 2.151402
v -0.000001 0.223269 2.193550
v -0.427941 0.223269 2.151402
v -0.839436 0.223269 2.026576
v -1.218671 0.223269 1.823870
v -1.551074 0.223269 1.551073
v -1.823870 0.223269 1.218670
v -2.026576 0.223269 0.839434
v -2.151401 0.223269 0.427940
v -2.193550 0.223269 -0.000001
v -2.151401 0.223269 -0.427941
v -2.026575 0.223269 -0.839436
v -1.823869 0.223269 -1.218671
v -1.551073 0.223269 -1.551074
v -1.218670 0.223269 -1.823870
v -0.839434 0.223269 -2.026576
v -0.427939 0.223269 -2.151401
v 0.425253 0.661227 -2.137889
v 0.834163 0.661227 -2.013848
v 1.211017 0.661227 -1.812415
v 1.541332 0.661227 -1.541332
v 1.812415 0.661227 -1.211017
v 2.013848 0.661227 -0.834163
v 2.137889 0.661227 -0.425253
v 2.179773 0.661227 0.000000
v 2.137889 0.661227 0.425253
v 2.013848 0.661227 0.834163
v 1.812415 0.661227 1.211017
v 1.541332 0.661227 1.541332
v 1.211017 0.661227 1.812415
v 0.834163 0.661227 2.013847
v 0.425252 0.661227 2.137889
v -0.000000 0.661227 2.179773
v -0.425253 0.661227 2.137889
v -0.834163 0.661227 2.013847
v -1.211017 0.661227 1.812415
v -1.541332 0.661227 1.541332
v -1.812415 0.661227 1.211017
v -2.013847 0.661227 0.834163
v -2.137889 0.661227 0.425252
v -2.179772 0.661227 -0.000000
v -2.137889 0.661227 -0.425253
v -2.013847 0.661227 -0.834163
v -1.812414 0.661227 -1.211017
v -1.541332 0.661227 -1.541332
v -1.211016 0.661227 -1.812414
v -0.834162 0.661227 -2.013847
v -0.425252 0.661227 -2.137888
v 0.000000 0.661227 -2.179773
v 0.000000 -0.223269 -2.266889
v 0.442248 -0.223269 -2.223331
v 0.867501 -0.223269 -2.094332
v 1.259416 -0.223269 -1.884849
v 1.602932 -0.223269 -1.602932
v 1.884849 -0.223269 -1.259416
v 2.094332 -0.223269 -0.867500
v 2.223330 -0.223269 -0.442248
v 2.266888 -0.223269 0.000000
v 2.223330 -0.223269 0.442248
v 2.094331 -0.223269 0.867501
v 1.884848 -0.223269 1.259416
v 1.602931 -0.223269 1.602932
v 1.259415 -0.223269 1.884849
v 0.867500 -0.223269 2.094331
v 0.442247 -0.223269 2.223330
v -0.000001 -0.223269 2.266887
v -0.442248 -0.223269 2.223330
v -0.867501 -0.223269 2.094331
v -1.259416 -0.223269 1.884848
v -1.602932 -0.223269 1.602931
v -1.884848 -0.223269 1.259414
v -2.094331 -0.223269 0.867499
v -2.223330 -0.223269 0.442247
v -2.266887 -0.223269 -0.000001
v -2.223329 -0.223269 -0.442249
v -2.094330 -0.223269 -0.867501
v -1.884847 -0.223269 -1.259416
v -1.602930 -0.223269 -1.602932
v -1.259414 -0.223269 -1.884848
v -0.867499 -0.223269 -2.094331
v -0.442247 -0.223269 -2.223329
v 0.000000 0.331292 -2.182912
v 0.425865 0.331292 -2.140968
v 0.835364 0.331292 -2.016747
v 1.212761 0.331292 -1.815025
v 1.543552 0.331292 -1.543551
v 1.815025 0.331292 -1.212761
v 2.016747 0.331292 -0.835364
v 2.140967 0.331292 -0.425865
v 2.182911 0.331292 0.000000
v 2.140967 0.331292 0.425865
v 2.016747 0.331292 0.835364
v 1.815024 0.331292 1.212761
v 1.543551 0.331292 1.543551
v 1.212760 0.331292 1.815024
v 0.835364 0.331292 2.016747
v 0.425864 0.331292 2.140967
v -0.000000 0.331292 2.182911
v -0.425865 0.331292 2.140967
v -0.835364 0.331292 2.016747
v -1.212761 0.331292 1.815024
v -1.543551 0.331292 1.543550
v -1.815024 0.331292 1.212760
v -2.016747 0.331292 0.835363
v -2.140966 0.331292 0.425864
v -2.182911 0.331292 -0.000001
v -2.140966 0.331292 -0.425865
v -2.016746 0.331292 -0.835364
v -1.815023 0.331292 -1.212761
v -1.543550 0.331292 -1.543551
v -1.212759 0.331292 -1.815024
v -0.835363 0.331292 -2.016746
v -0.425864 0.331292 -2.140966
v 0.000000 0.115246 -2.204190
v 0.430016 0.115246 -2.161837
v 0.843507 0.115246 -2.036406
v 1.224583 0.115246 -1.832717
v 1.558598 0.115246 -1.558598
v 1.832717 0.115246 -1.224582
v 2.036406 0.115246 -0.843507
v 2.161837 0.115246 -0.430016
v 2.204190 0.115246 0.000000
v 2.161837 0.115246 0.430016
v 2.036406 0.115246 0.843507
v 1.832716 0.115246 1.224582
v 1.558597 0.115246 1.558598
v 1.224582 0.115246 1.832717
v 0.843506 0.115246 2.036406
v 0.430015 0.115246 2.161837
v -0.000001 0.115246 2.204189
v -0.430017 0.115246 2.161836
v -0.843507 0.115246 2.036405
v -1.224582 0.115246 1.832716
v -1.558597 0.115246 1.558596
v -1.832716 0.115246 1.224581
v -2.036405 0.115246 0.843506
v -2.161836 0.115246 0.430015
v -2.204189 0.115246 -0.000001
v -2.161836 0.115246 -0.430017
v -2.036404 0.115246 -0.843507
v -1.832715 0.115246 -1.224582
v -1.558596 0.115246 -1.558597
v -1.224581 0.115246 -1.832716
v -0.843505 0.115246 -2.036405
v -0.430015 0.115246 -2.161835
v 0.446538 -0.000000 -2.244899
v 0.000000 -0.000000 -2.288879
v 0.000000 0.446538 -2.244899
v 0.437958 0.446538 -2.201763
v 0.859085 0.446538 -2.074016
v 0.170883 -2.244899 -0.412547
v 0.087115 -2.244899 -0.437958
v 0.875916 -0.000000 -2.114648
v 0.170883 2.244899 -0.412547
v 0.087115 2.244899 -0.437958
v 1.247199 0.446538 -1.866565
v 0.248083 -2.244899 -0.371283
v 1.271633 -0.000000 -1.903133
v 0.248083 2.244899 -0.371283
v 1.587383 0.446538 -1.587383
v 0.315750 -2.244899 -0.315750
v 1.618482 -0.000000 -1.618481
v 0.315750 2.244899 -0.315750
v 1.866565 0.446538 -1.247199
v 0.371283 -2.244899 -0.248083
v 1.903133 -0.000000 -1.271632
v 0.371283 2.244899 -0.248083
v 0.412547 -2.244899 -0.170883
v 2.114648 -0.000000 -0.875915
v 2.074016 0.446538 -0.859085
v 0.412547 2.244899 -0.170883
v 2.201763 0.446538 -0.437958
v 0.437958 -2.244899 -0.087115
v 2.244898 -0.000000 -0.446538
v 0.437958 2.244899 -0.087115
v 2.288878 -0.000000 0.000000
v 2.244898 0.446538 0.000000
v 0.446538 2.244899 0.000000
v 0.446538 -2.244899 0.000000
v 2.201763 0.446538 0.437958
v 0.437958 -2.244899 0.087115
v 2.244898 -0.000000 0.446538
v 0.437958 2.244899 0.087115
v 0.412547 -2.244899 0.170883
v 2.114647 -0.000000 0.875916
v 0.412547 2.244899 0.170883
v 2.074015 0.446538 0.859086
v 1.866564 0.446538 1.247199
v 0.371283 -2.244899 0.248083
v 1.903132 -0.000000 1.271633
v 0.371283 2.244899 0.248083
v 0.315750 2.244899 0.315750
v 1.587382 0.446538 1.587383
v 0.315750 -2.244899 0.315750
v 1.618480 -0.000000 1.618481
v 1.247198 0.446538 1.866565
v 0.248083 -2.244899 0.371283
v 1.271632 -0.000000 1.903132
v 0.248083 2.244899 0.371283
v 0.859085 0.446538 2.074015
v 0.170883 -2.244899 0.412547
v 0.875915 -0.000000 2.114647
v 0.170883 2.244899 0.412547
v 0.437958 0.446538 2.201763
v 0.087115 -2.244899 0.437958
v 0.446537 -0.000000 2.244897
v 0.087115 2.244899 0.437958
v -0.000000 0.446538 2.244898
v -0.000000 -2.244899 0.446538
v -0.000001 -0.000000 2.288877
v -0.000000 2.244899 0.446538
v -0.437958 0.446538 2.201763
v -0.087115 -2.244899 0.437958
v -0.446539 -0.000000 2.244897
v -0.087115 2.244899 0.437958
v -0.859085 0.446538 2.074015
v -0.170883 -2.244899 0.412547
v -0.875916 -0.000000 2.114646
v -0.170883 2.244899 0.412547
v -0.248083 -2.244899 0.371283
v -1.271633 -0.000000 1.903131
v -1.247199 0.446538 1.866564
v -0.248083 2.244899 0.371283
v -1.587383 0.446538 1.587382
v -0.315750 -2.244899 0.315750
v -1.618481 -0.000000 1.618480
v -0.315750 2.244899 0.315750
v -0.371283 2.244899 0.248083
v -0.371283 -2.244899 0.248083
v -1.903132 -0.000000 1.271631
v -1.866564 0.446538 1.247198
v -2.074015 0.446538 0.859085
v -0.412547 -2.244899 0.170883
v -2.114647 -0.000000 0.875914
v -0.412547 2.244899 0.170883
v -2.244897 -0.000000 0.446537
v -0.437958 2.244899 0.087115
v -2.201763 0.446538 0.437957
v -0.437958 -2.244899 0.087115
v -2.244898 0.446538 -0.000001
v -0.446538 -2.244899 -0.000000
v -2.288877 -0.000000 -0.000001
v -0.446538 2.244899 -0.000000
v -0.437958 2.244899 -0.087115
v -2.201762 0.446538 -0.437958
v -0.437958 -2.244899 -0.087115
v -2.244896 -0.000000 -0.446539
v -2.074014 0.446538 -0.859086
v -0.412547 -2.244899 -0.170883
v -2.114646 -0.000000 -0.875916
v -0.412547 2.244899 -0.170883
v -1.866564 0.446538 -1.247199
v -0.371282 -2.244899 -0.248083
v -1.903130 -0.000000 -1.271632
v -0.371282 2.244899 -0.248083
v -1.587382 0.446538 -1.587382
v -0.315750 -2.244899 -0.315750
v -1.618479 -0.000000 -1.618481
v -0.315750 2.244899 -0.315750
v -1.247198 0.446538 -1.866564
v -0.248083 -2.244899 -0.371282
v -1.271631 -0.000000 -1.903131
v -0.248083 2.244899 -0.371282
v -0.170883 -2.244899 -0.412547
v -0.875914 -0.000000 -2.114646
v -0.859084 0.446538 -2.074015
v -0.170883 2.244899 -0.412547
v -0.437957 0.446538 -2.201762
v -0.087115 -2.244899 -0.437957
v -0.446536 -0.000000 -2.244896
v -0.087115 2.244899 -0.437957
v 0.000000 2.244899 -0.446538
v 0.000000 -2.244899 -0.446538
v 0.092594 -2.016340 -0.223541
v 0.047204 -2.016340 -0.237310
v 0.092594 2.016341 -0.223541
v 0.047204 2.016341 -0.237310
v 0.134425 -2.016340 -0.201181
v 0.134425 2.016341 -0.201181
v 0.171091 -2.016340 -0.171091
v 0.171091 2.016341 -0.171091
v 0.201181 -2.016340 -0.134425
v 0.201181 2.016341 -0.134425
v 0.223541 -2.016340 -0.092594
v 0.223541 2.016341 -0.092594
v 0.237310 -2.016340 -0.047204
v 0.237310 2.016341 -0.047204
v 0.241959 2.016341 0.000000
v 0.241959 -2.016340 0.000000
v 0.237310 -2.016340 0.047204
v 0.237310 2.016341 0.047204
v 0.223541 -2.016340 0.092594
v 0.223541 2.016341 0.092594
v 0.201181 -2.016340 0.134425
v 0.201181 2.016341 0.134425
v 0.171091 2.016341 0.171091
v 0.171091 -2.016340 0.171091
v 0.134425 -2.016340 0.201181
v 0.134425 2.016341 0.201181
v 0.092594 -2.016340 0.223541
v 0.092594 2.016341 0.223541
v 0.047204 -2.016340 0.237309
v 0.047204 2.016341 0.237309
v 0.000000 -2.016340 0.241959
v 0.000000 2.016341 0.241959
v -0.047204 -2.016340 0.237309
v -0.047204 2.016341 0.237309
v -0.092593 -2.016340 0.223541
v -0.092593 2.016341 0.223541
v -0.134425 -2.016340 0.201181
v -0.134425 2.016341 0.201181
v -0.171090 -2.016340 0.171091
v -0.171090 2.016341 0.171091
v -0.201181 2.016341 0.134425
v -0.201181 -2.016340 0.134425
v -0.223540 -2.016340 0.092594
v -0.223540 2.016341 0.092594
v -0.237309 2.016341 0.047204
v -0.237309 -2.016340 0.047204
v -0.241958 -2.016340 -0.000000
v -0.241958 2.016341 -0.000000
v -0.237309 2.016341 -0.047204
v -0.237309 -2.016340 -0.047204
v -0.223540 -2.016340 -0.092594
v -0.223540 2.016341 -0.092594
v -0.201181 -2.016340 -0.134425
v -0.201181 2.016341 -0.134425
v -0.171090 -2.016340 -0.171091
v -0.171090 2.016341 -0.171091
v -0.134425 -2.016340 -0.201181
v -0.134425 2.016341 -0.201181
v -0.092593 -2.016340 -0.223541
v -0.092593 2.016341 -0.223541
v -0.047204 -2.016340 -0.237309
v -0.047204 2.016341 -0.237309
v 0.000000 2.016341 -0.241958
v 0.000000 -2.016340 -0.241958
v -0.425864 0.331292 -2.140966
v 0.000000 0.331292 -2.182912
v -0.835363 0.331292 -2.016746
v -1.212759 0.331292 -1.815024
v -1.543550 0.331292 -1.543551
v -1.815023 0.331292 -1.212761
v -2.016746 0.331292 -0.835364
v -2.140966 0.331292 -0.425865
v -2.182911 0.331292 -0.000001
v -2.140966 0.331292 0.425864
v -2.016747 0.331292 0.835363
v -1.815024 0.331292 1.212760
v -1.543551 0.331292 1.543550
v -1.212761 0.331292 1.815024
v -0.835364 0.331292 2.016747
v -0.425865 0.331292 2.140967
v -0.000000 0.331292 2.182911
v 0.425864 0.331292 2.140967
v 0.835364 0.331292 2.016747
v 1.212760 0.331292 1.815024
v 1.543551 0.331292 1.543551
v 1.815024 0.331292 1.212761
v 2.016747 0.331292 0.835364
v 2.140967 0.331292 0.425865
v 2.182911 0.331292 0.000000
v 2.140967 0.331292 -0.425865
v 2.016747 0.331292 -0.835364
v 1.815025 0.331292 -1.212761
v 1.543552 0.331292 -1.543551
v 1.212761 0.331292 -1.815025
v 0.835364 0.331292 -2.016747
v 0.425865 0.331292 -2.140968
v 0.000000 0.115246 -2.204190
v 0.430016 0.115246 -2.161837
v 0.843507 0.115246 -2.036406
v 1.224583 0.115246 -1.832717
v 1.558598 0.115246 -1.558598
v 1.832717 0.115246 -1.224582
v 2.036406 0.115246 -0.843507
v 2.161837 0.115246 -0.430016
v 2.204190 0.115246 0.000000
v 2.161837 0.115246 0.430016
v 2.036406 0.115246 0.843507
v 1.832716 0.115246 1.224582
v 1.558597 0.115246 1.558598
v 1.224582 0.115246 1.832717
v 0.843506 0.115246 2.036406
v 0.430015 0.115246 2.161837
v -0.000001 0.115246 2.204189
v -0.430017 0.115246 2.161836
v -0.843507 0.115246 2.036405
v -1.224582 0.115246 1.832716
v -1.558597 0.115246 1.558596
v -1.832716 0.115246 1.224581
v -2.036405 0.115246 0.843506
v -2.161836 0.115246 0.430015
v -2.204189 0.115246 -0.000001
v -2.161836 0.115246 -0.430017
v -2.036404 0.115246 -0.843507
v -1.832715 0.115246 -1.224582
v -1.558596 0.115246 -1.558597
v -1.224581 0.115246 -1.832716
v -0.843505 0.115246 -2.036405
v -0.430015 0.115246 -2.161835
vn -0.0000 -0.9569 -0.2903
vn -0.0000 -0.9217 -0.3879
vn 0.0757 -0.9217 -0.3804
vn 0.0566 -0.9569 -0.2847
vn -0.0000 -0.4737 -0.8807
vn 0.1718 -0.4737 -0.8638
vn -0.7308 -0.6669 0.1454
vn -0.7451 -0.6669 -0.0000
vn -0.4140 -0.6669 -0.6195
vn -0.2851 -0.6669 -0.6884
vn -0.0000 -0.0980 -0.9952
vn 0.1942 -0.0980 -0.9761
vn -0.0000 0.9217 -0.3879
vn -0.0000 0.9569 -0.2903
vn 0.0566 0.9569 -0.2847
vn 0.0757 0.9217 -0.3804
vn -0.0000 -0.3805 -0.9248
vn -0.0000 -0.1939 -0.9810
vn 0.1914 -0.1939 -0.9622
vn 0.1804 -0.3805 -0.9070
vn -0.0000 0.8286 -0.5598
vn 0.1092 0.8286 -0.5490
vn -0.0000 -0.5528 -0.8333
vn 0.1626 -0.5528 -0.8173
vn -0.0000 0.7041 -0.7101
vn 0.1385 0.7041 -0.6965
vn -0.0000 -0.7041 -0.7101
vn 0.1385 -0.7041 -0.6965
vn -0.0000 0.5528 -0.8333
vn 0.1626 0.5528 -0.8173
vn -0.0000 -0.8286 -0.5598
vn 0.1092 -0.8286 -0.5490
vn -0.0000 0.3805 -0.9248
vn 0.1804 0.3805 -0.9070
vn -0.0000 0.2903 -0.9569
vn 0.1867 0.2903 -0.9386
vn 0.2142 -0.8286 -0.5172
vn 0.1484 -0.9217 -0.3584
vn 0.3539 0.3805 -0.8544
vn 0.3662 0.2903 -0.8841
vn 0.1111 -0.9569 -0.2682
vn 0.3370 -0.4737 -0.8137
vn -0.6195 0.6669 0.4140
vn -0.5269 0.6669 0.5269
vn -0.1454 0.6669 0.7308
vn -0.0000 0.6669 0.7451
vn 0.3808 -0.0980 -0.9194
vn 0.1111 0.9569 -0.2682
vn 0.1484 0.9217 -0.3584
vn 0.3754 -0.1939 -0.9063
vn 0.3539 -0.3805 -0.8544
vn 0.2142 0.8286 -0.5172
vn 0.3189 -0.5528 -0.7699
vn 0.2718 0.7041 -0.6561
vn 0.2718 -0.7041 -0.6561
vn 0.3189 0.5528 -0.7699
vn 0.2155 0.9217 -0.3225
vn 0.3110 0.8286 -0.4654
vn 0.5138 -0.3805 -0.7689
vn 0.4630 -0.5528 -0.6929
vn 0.3945 0.7041 -0.5905
vn 0.3945 -0.7041 -0.5905
vn 0.4630 0.5528 -0.6929
vn 0.3110 -0.8286 -0.4654
vn 0.5138 0.3805 -0.7689
vn 0.2155 -0.9217 -0.3225
vn 0.5316 0.2903 -0.7957
vn 0.1613 -0.9569 -0.2414
vn 0.4893 -0.4737 -0.7323
vn -0.7451 0.6669 -0.0000
vn -0.7308 0.6669 0.1454
vn 0.7451 0.6669 -0.0000
vn 0.7308 0.6669 -0.1454
vn 0.5529 -0.0980 -0.8275
vn 0.1613 0.9569 -0.2414
vn 0.5450 -0.1939 -0.8157
vn 0.6539 0.3805 -0.6539
vn 0.6767 0.2903 -0.6767
vn 0.2743 -0.9217 -0.2743
vn 0.2053 -0.9569 -0.2053
vn 0.6227 -0.4737 -0.6227
vn -0.0000 -0.6669 -0.7451
vn 0.1454 -0.6669 -0.7308
vn -0.5269 -0.6669 0.5269
vn -0.6195 -0.6669 0.4140
vn 0.7037 -0.0980 -0.7037
vn 0.2053 0.9569 -0.2053
vn 0.2743 0.9217 -0.2743
vn 0.6937 -0.1939 -0.6937
vn 0.6539 -0.3805 -0.6539
vn 0.3958 0.8286 -0.3958
vn 0.5893 -0.5528 -0.5893
vn 0.5021 0.7041 -0.5021
vn 0.5021 -0.7041 -0.5021
vn 0.5893 0.5528 -0.5893
vn 0.3958 -0.8286 -0.3958
vn 0.7689 -0.3805 -0.5138
vn 0.6929 -0.5528 -0.4630
vn 0.4654 0.8286 -0.3110
vn 0.5905 0.7041 -0.3945
vn 0.5905 -0.7041 -0.3945
vn 0.6929 0.5528 -0.4630
vn 0.4654 -0.8286 -0.3110
vn 0.7689 0.3805 -0.5138
vn 0.3225 -0.9217 -0.2155
vn 0.7957 0.2903 -0.5316
vn 0.2414 -0.9569 -0.1613
vn 0.7323 -0.4737 -0.4893
vn -0.0000 -0.6669 0.7451
vn -0.1454 -0.6669 0.7308
vn -0.1454 0.6669 -0.7308
vn -0.2851 0.6669 -0.6884
vn 0.8275 -0.0980 -0.5529
vn 0.2414 0.9569 -0.1613
vn 0.3225 0.9217 -0.2155
vn 0.8157 -0.1939 -0.5450
vn 0.3584 -0.9217 -0.1484
vn 0.2682 -0.9569 -0.1111
vn 0.8137 -0.4737 -0.3370
vn 0.7308 -0.6669 -0.1454
vn 0.7451 -0.6669 -0.0000
vn -0.6884 0.6669 0.2851
vn 0.9194 -0.0980 -0.3808
vn 0.2682 0.9569 -0.1111
vn 0.3584 0.9217 -0.1484
vn 0.9063 -0.1939 -0.3754
vn 0.8544 -0.3805 -0.3539
vn 0.5172 0.8286 -0.2142
vn 0.7699 -0.5528 -0.3189
vn 0.6561 0.7041 -0.2718
vn 0.6561 -0.7041 -0.2718
vn 0.7699 0.5528 -0.3189
vn 0.5172 -0.8286 -0.2142
vn 0.8544 0.3805 -0.3539
vn 0.8841 0.2903 -0.3662
vn 0.5490 0.8286 -0.1092
vn 0.6965 0.7041 -0.1385
vn 0.8173 -0.5528 -0.1626
vn 0.6965 -0.7041 -0.1385
vn 0.8173 0.5528 -0.1626
vn 0.5490 -0.8286 -0.1092
vn 0.9070 0.3805 -0.1804
vn 0.3804 -0.9217 -0.0757
vn 0.9386 0.2903 -0.1867
vn 0.2847 -0.9569 -0.0566
vn 0.8638 -0.4737 -0.1718
vn -0.6195 -0.6669 -0.4140
vn -0.5269 -0.6669 -0.5269
vn -0.4140 0.6669 0.6195
vn -0.2851 0.6669 0.6884
vn 0.9761 -0.0980 -0.1942
vn 0.2847 0.9569 -0.0566
vn 0.3804 0.9217 -0.0757
vn 0.9622 -0.1939 -0.1914
vn 0.9070 -0.3805 -0.1804
vn 0.8807 -0.4737 -0.0000
vn 0.1454 0.6669 0.7308
vn 0.2851 0.6669 0.6884
vn -0.1454 -0.6669 -0.7308
vn 0.9952 -0.0980 -0.0000
vn 0.2903 0.9569 -0.0000
vn 0.3879 0.9217 -0.0000
vn 0.9810 -0.1939 -0.0000
vn 0.9248 -0.3805 -0.0000
vn 0.5598 0.8286 -0.0000
vn 0.8333 -0.5528 -0.0000
vn 0.7101 0.7041 -0.0000
vn 0.7101 -0.7041 -0.0000
vn 0.8333 0.5528 -0.0000
vn 0.5598 -0.8286 -0.0000
vn 0.9248 0.3805 -0.0000
vn 0.3879 -0.9217 -0.0000
vn 0.9569 0.2903 -0.0000
vn 0.2903 -0.9569 -0.0000
vn 0.8173 -0.5528 0.1626
vn 0.6965 -0.7041 0.1385
vn 0.6965 0.7041 0.1385
vn 0.8173 0.5528 0.1626
vn 0.5490 -0.8286 0.1092
vn 0.9070 0.3805 0.1804
vn 0.3804 -0.9217 0.0757
vn 0.9386 0.2903 0.1867
vn 0.2847 -0.9569 0.0566
vn 0.8638 -0.4737 0.1718
vn 0.7308 0.6669 0.1454
vn 0.6884 0.6669 -0.2851
vn 0.6195 0.6669 -0.4140
vn 0.9761 -0.0980 0.1942
vn 0.2847 0.9569 0.0566
vn 0.3804 0.9217 0.0757
vn 0.9622 -0.1939 0.1914
vn 0.9070 -0.3805 0.1804
vn 0.5490 0.8286 0.1092
vn -0.2851 -0.6669 0.6884
vn -0.4140 -0.6669 0.6195
vn 0.9194 -0.0980 0.3808
vn 0.2682 0.9569 0.1111
vn 0.3584 0.9217 0.1484
vn 0.9063 -0.1939 0.3754
vn 0.8544 -0.3805 0.3539
vn 0.5172 0.8286 0.2142
vn 0.7699 -0.5528 0.3189
vn 0.6561 0.7041 0.2718
vn 0.6561 -0.7041 0.2718
vn 0.7699 0.5528 0.3189
vn 0.5172 -0.8286 0.2142
vn 0.8544 0.3805 0.3539
vn 0.3584 -0.9217 0.1484
vn 0.8841 0.2903 0.3662
vn 0.2682 -0.9569 0.1111
vn 0.8137 -0.4737 0.3370
vn 0.2851 -0.6669 0.6884
vn 0.1454 -0.6669 0.7308
vn 0.5905 -0.7041 0.3945
vn 0.4654 -0.8286 0.3110
vn 0.6929 0.5528 0.4630
vn 0.7689 0.3805 0.5138
vn 0.3225 -0.9217 0.2155
vn 0.7957 0.2903 0.5316
vn 0.2414 -0.9569 0.1613
vn 0.7323 -0.4737 0.4893
vn 0.6195 -0.6669 -0.4140
vn 0.6884 -0.6669 -0.2851
vn -0.4140 0.6669 -0.6195
vn -0.5269 0.6669 -0.5269
vn 0.8275 -0.0980 0.5529
vn 0.2414 0.9569 0.1613
vn 0.3225 0.9217 0.2155
vn 0.8157 -0.1939 0.5450
vn 0.7689 -0.3805 0.5138
vn 0.4654 0.8286 0.3110
vn 0.6929 -0.5528 0.4630
vn 0.5905 0.7041 0.3945
vn 0.2053 0.9569 0.2053
vn 0.2743 0.9217 0.2743
vn 0.6937 -0.1939 0.6937
vn 0.6539 -0.3805 0.6539
vn 0.3958 0.8286 0.3958
vn 0.5893 -0.5528 0.5893
vn 0.5021 0.7041 0.5021
vn 0.5021 -0.7041 0.5021
vn 0.5893 0.5528 0.5893
vn 0.3958 -0.8286 0.3958
vn 0.6539 0.3805 0.6539
vn 0.2743 -0.9217 0.2743
vn 0.6767 0.2903 0.6767
vn 0.2053 -0.9569 0.2053
vn 0.6227 -0.4737 0.6227
vn -0.6884 -0.6669 0.2851
vn 0.7037 -0.0980 0.7037
vn 0.4630 0.5528 0.6929
vn 0.5138 0.3805 0.7689
vn 0.3110 -0.8286 0.4654
vn 0.2155 -0.9217 0.3225
vn 0.5316 0.2903 0.7957
vn 0.1613 -0.9569 0.2414
vn 0.4893 -0.4737 0.7323
vn 0.4140 0.6669 0.6195
vn 0.5269 0.6669 0.5269
vn 0.5529 -0.0980 0.8275
vn 0.1613 0.9569 0.2414
vn 0.2155 0.9217 0.3225
vn 0.5450 -0.1939 0.8157
vn 0.5138 -0.3805 0.7689
vn 0.3110 0.8286 0.4654
vn 0.4630 -0.5528 0.6929
vn 0.3945 0.7041 0.5905
vn 0.3945 -0.7041 0.5905
vn 0.3754 -0.1939 0.9063
vn 0.3539 -0.3805 0.8544
vn 0.1484 0.9217 0.3584
vn 0.2142 0.8286 0.5172
vn 0.3189 -0.5528 0.7699
vn 0.2718 0.7041 0.6561
vn 0.2718 -0.7041 0.6561
vn 0.3189 0.5528 0.7699
vn 0.2142 -0.8286 0.5172
vn 0.3539 0.3805 0.8544
vn 0.1484 -0.9217 0.3584
vn 0.3662 0.2903 0.8841
vn 0.1111 -0.9569 0.2682
vn 0.3370 -0.4737 0.8137
vn 0.5269 0.6669 -0.5269
vn 0.4140 0.6669 -0.6195
vn 0.3808 -0.0980 0.9194
vn 0.1111 0.9569 0.2682
vn 0.1092 -0.8286 0.5490
vn 0.0757 -0.9217 0.3804
vn 0.1804 0.3805 0.9070
vn 0.1867 0.2903 0.9386
vn 0.0566 -0.9569 0.2847
vn 0.1718 -0.4737 0.8638
vn 0.5269 -0.6669 0.5269
vn 0.4140 -0.6669 0.6195
vn 0.4140 -0.6669 -0.6195
vn 0.5269 -0.6669 -0.5269
vn 0.1942 -0.0980 0.9761
vn 0.0566 0.9569 0.2847
vn 0.0757 0.9217 0.3804
vn 0.1914 -0.1939 0.9622
vn 0.1804 -0.3805 0.9070
vn 0.1092 0.8286 0.5490
vn 0.1626 -0.5528 0.8173
vn 0.1385 0.7041 0.6965
vn 0.1385 -0.7041 0.6965
vn 0.1626 0.5528 0.8173
vn -0.0000 0.9217 0.3879
vn -0.0000 0.8286 0.5598
vn -0.0000 -0.3805 0.9248
vn -0.0000 -0.5528 0.8333
vn -0.0000 0.7041 0.7101
vn -0.0000 -0.7041 0.7101
vn -0.0000 0.5528 0.8333
vn -0.0000 -0.8286 0.5598
vn -0.0000 0.3805 0.9248
vn -0.0000 -0.9217 0.3879
vn -0.0000 0.2903 0.9569
vn -0.0000 -0.9569 0.2903
vn -0.0000 -0.4737 0.8807
vn -0.6195 0.6669 -0.4140
vn -0.6884 0.6669 -0.2851
vn -0.0000 -0.0980 0.9952
vn -0.0000 0.9569 0.2903
vn -0.0000 -0.1939 0.9810
vn -0.1804 0.3805 0.9070
vn -0.1867 0.2903 0.9386
vn -0.0757 -0.9217 0.3804
vn -0.0566 -0.9569 0.2847
vn -0.1718 -0.4737 0.8638
vn 0.6195 0.6669 0.4140
vn 0.6884 0.6669 0.2851
vn -0.6884 -0.6669 -0.2851
vn -0.1942 -0.0980 0.9761
vn -0.0566 0.9569 0.2847
vn -0.0757 0.9217 0.3804
vn -0.1914 -0.1939 0.9622
vn -0.1804 -0.3805 0.9070
vn -0.1092 0.8286 0.5490
vn -0.1626 -0.5528 0.8173
vn -0.1385 0.7041 0.6965
vn -0.1385 -0.7041 0.6965
vn -0.1626 0.5528 0.8173
vn -0.1092 -0.8286 0.5490
vn -0.3539 -0.3805 0.8544
vn -0.3189 -0.5528 0.7699
vn -0.2142 0.8286 0.5172
vn -0.2718 0.7041 0.6561
vn -0.2718 -0.7041 0.6561
vn -0.3189 0.5528 0.7699
vn -0.2142 -0.8286 0.5172
vn -0.3539 0.3805 0.8544
vn -0.1484 -0.9217 0.3584
vn -0.3662 0.2903 0.8841
vn -0.1111 -0.9569 0.2682
vn -0.3370 -0.4737 0.8137
vn -0.3808 -0.0980 0.9194
vn -0.1111 0.9569 0.2682
vn -0.1484 0.9217 0.3584
vn -0.3754 -0.1939 0.9063
vn -0.2155 -0.9217 0.3225
vn -0.1613 -0.9569 0.2414
vn -0.4893 -0.4737 0.7323
vn 0.2851 0.6669 -0.6884
vn 0.1454 0.6669 -0.7308
vn 0.6884 -0.6669 0.2851
vn 0.6195 -0.6669 0.4140
vn -0.5529 -0.0980 0.8275
vn -0.1613 0.9569 0.2414
vn -0.2155 0.9217 0.3225
vn -0.5450 -0.1939 0.8157
vn -0.5138 -0.3805 0.7689
vn -0.3110 0.8286 0.4654
vn -0.4630 -0.5528 0.6929
vn -0.3945 0.7041 0.5905
vn -0.3945 -0.7041 0.5905
vn -0.4630 0.5528 0.6929
vn -0.3110 -0.8286 0.4654
vn -0.5138 0.3805 0.7689
vn -0.5316 0.2903 0.7957
vn -0.5893 -0.5528 0.5893
vn -0.5021 -0.7041 0.5021
vn -0.5021 0.7041 0.5021
vn -0.5893 0.5528 0.5893
vn -0.3958 -0.8286 0.3958
vn -0.6539 0.3805 0.6539
vn -0.2743 -0.9217 0.2743
vn -0.6767 0.2903 0.6767
vn -0.2053 -0.9569 0.2053
vn -0.6227 -0.4737 0.6227
vn -0.7308 0.6669 -0.1454
vn -0.7037 -0.0980 0.7037
vn -0.2053 0.9569 0.2053
vn -0.2743 0.9217 0.2743
vn -0.6937 -0.1939 0.6937
vn -0.6539 -0.3805 0.6539
vn -0.3958 0.8286 0.3958
vn -0.8275 -0.0980 0.5529
vn -0.2414 0.9569 0.1613
vn -0.3225 0.9217 0.2155
vn -0.8157 -0.1939 0.5450
vn -0.7689 -0.3805 0.5138
vn -0.4654 0.8286 0.3110
vn -0.6929 -0.5528 0.4630
vn -0.5905 0.7041 0.3945
vn -0.5905 -0.7041 0.3945
vn -0.6929 0.5528 0.4630
vn -0.4654 -0.8286 0.3110
vn -0.7689 0.3805 0.5138
vn -0.3225 -0.9217 0.2155
vn -0.7957 0.2903 0.5316
vn -0.2414 -0.9569 0.1613
vn -0.7323 -0.4737 0.4893
vn -0.6561 0.7041 0.2718
vn -0.7699 0.5528 0.3189
vn -0.6561 -0.7041 0.2718
vn -0.5172 -0.8286 0.2142
vn -0.8544 0.3805 0.3539
vn -0.3584 -0.9217 0.1484
vn -0.8841 0.2903 0.3662
vn -0.2682 -0.9569 0.1111
vn -0.8137 -0.4737 0.3370
vn 0.2851 -0.6669 -0.6884
vn -0.9194 -0.0980 0.3808
vn -0.2682 0.9569 0.1111
vn -0.3584 0.9217 0.1484
vn -0.9063 -0.1939 0.3754
vn -0.8544 -0.3805 0.3539
vn -0.5172 0.8286 0.2142
vn -0.7699 -0.5528 0.3189
vn -0.9761 -0.0980 0.1942
vn -0.2847 0.9569 0.0566
vn -0.3804 0.9217 0.0757
vn -0.9622 -0.1939 0.1914
vn -0.9070 -0.3805 0.1804
vn -0.5490 0.8286 0.1092
vn -0.8173 -0.5528 0.1626
vn -0.6965 0.7041 0.1385
vn -0.6965 -0.7041 0.1385
vn -0.8173 0.5528 0.1626
vn -0.5490 -0.8286 0.1092
vn -0.9070 0.3805 0.1804
vn -0.3804 -0.9217 0.0757
vn -0.9386 0.2903 0.1867
vn -0.2847 -0.9569 0.0566
vn -0.8638 -0.4737 0.1718
vn -0.7308 -0.6669 -0.1454
vn -0.7101 -0.7041 -0.0000
vn -0.5598 -0.8286 -0.0000
vn -0.8333 0.5528 -0.0000
vn -0.9248 0.3805 -0.0000
vn -0.3879 -0.9217 -0.0000
vn -0.9569 0.2903 -0.0000
vn -0.2903 -0.9569 -0.0000
vn -0.8807 -0.4737 -0.0000
vn -0.9952 -0.0980 -0.0000
vn -0.2903 0.9569 -0.0000
vn -0.3879 0.9217 -0.0000
vn -0.9810 -0.1939 -0.0000
vn -0.9248 -0.3805 -0.0000
vn -0.5598 0.8286 -0.0000
vn -0.8333 -0.5528 -0.0000
vn -0.7101 0.7041 -0.0000
vn -0.2847 0.9569 -0.0566
vn -0.3804 0.9217 -0.0757
vn -0.9622 -0.1939 -0.1914
vn -0.9070 -0.3805 -0.1804
vn -0.5490 0.8286 -0.1092
vn -0.8173 -0.5528 -0.1626
vn -0.6965 0.7041 -0.1385
vn -0.6965 -0.7041 -0.1385
vn -0.8173 0.5528 -0.1626
vn -0.5490 -0.8286 -0.1092
vn -0.9070 0.3805 -0.1804
vn -0.3804 -0.9217 -0.0757
vn -0.9386 0.2903 -0.1867
vn -0.2847 -0.9569 -0.0566
vn -0.8638 -0.4737 -0.1718
vn 0.7308 -0.6669 0.1454
vn -0.0000 0.6669 -0.7451
vn -0.9761 -0.0980 -0.1942
vn -0.7699 0.5528 -0.3189
vn -0.8544 0.3805 -0.3539
vn -0.5172 -0.8286 -0.2142
vn -0.3584 -0.9217 -0.1484
vn -0.8841 0.2903 -0.3662
vn -0.2682 -0.9569 -0.1111
vn -0.8137 -0.4737 -0.3370
vn -0.9194 -0.0980 -0.3808
vn -0.2682 0.9569 -0.1111
vn -0.3584 0.9217 -0.1484
vn -0.9063 -0.1939 -0.3754
vn -0.8544 -0.3805 -0.3539
vn -0.5172 0.8286 -0.2142
vn -0.7699 -0.5528 -0.3189
vn -0.6561 0.7041 -0.2718
vn -0.6561 -0.7041 -0.2718
vn -0.8157 -0.1939 -0.5450
vn -0.7689 -0.3805 -0.5138
vn -0.3225 0.9217 -0.2155
vn -0.4654 0.8286 -0.3110
vn -0.6929 -0.5528 -0.4630
vn -0.5905 0.7041 -0.3945
vn -0.5905 -0.7041 -0.3945
vn -0.6929 0.5528 -0.4630
vn -0.4654 -0.8286 -0.3110
vn -0.7689 0.3805 -0.5138
vn -0.3225 -0.9217 -0.2155
vn -0.7957 0.2903 -0.5316
vn -0.2414 -0.9569 -0.1613
vn -0.7323 -0.4737 -0.4893
vn -0.8275 -0.0980 -0.5529
vn -0.2414 0.9569 -0.1613
vn -0.3958 -0.8286 -0.3958
vn -0.2743 -0.9217 -0.2743
vn -0.6539 0.3805 -0.6539
vn -0.6767 0.2903 -0.6767
vn -0.2053 -0.9569 -0.2053
vn -0.6227 -0.4737 -0.6227
vn -0.7037 -0.0980 -0.7037
vn -0.2053 0.9569 -0.2053
vn -0.2743 0.9217 -0.2743
vn -0.6937 -0.1939 -0.6937
vn -0.6539 -0.3805 -0.6539
vn -0.3958 0.8286 -0.3958
vn -0.5893 -0.5528 -0.5893
vn -0.5021 0.7041 -0.5021
vn -0.5021 -0.7041 -0.5021
vn -0.5893 0.5528 -0.5893
vn -0.5138 -0.3805 -0.7689
vn -0.4630 -0.5528 -0.6929
vn -0.3110 0.8286 -0.4654
vn -0.3945 0.7041 -0.5905
vn -0.3945 -0.7041 -0.5905
vn -0.4630 0.5528 -0.6929
vn -0.3110 -0.8286 -0.4654
vn -0.5138 0.3805 -0.7689
vn -0.2155 -0.9217 -0.3225
vn -0.5316 0.2903 -0.7957
vn -0.1613 -0.9569 -0.2414
vn -0.4893 -0.4737 -0.7323
vn -0.5529 -0.0980 -0.8275
vn -0.1613 0.9569 -0.2414
vn -0.2155 0.9217 -0.3225
vn -0.5450 -0.1939 -0.8157
vn -0.1484 -0.9217 -0.3584
vn -0.1111 -0.9569 -0.2682
vn -0.3370 -0.4737 -0.8137
vn -0.3808 -0.0980 -0.9194
vn -0.1111 0.9569 -0.2682
vn -0.1484 0.9217 -0.3584
vn -0.3754 -0.1939 -0.9063
vn -0.3539 -0.3805 -0.8544
vn -0.2142 0.8286 -0.5172
vn -0.3189 -0.5528 -0.7699
vn -0.2718 0.7041 -0.6561
vn -0.2718 -0.7041 -0.6561
vn -0.3189 0.5528 -0.7699
vn -0.2142 -0.8286 -0.5172
vn -0.3539 0.3805 -0.8544
vn -0.3662 0.2903 -0.8841
vn -0.1092 0.8286 -0.5490
vn -0.1385 0.7041 -0.6965
vn -0.1626 -0.5528 -0.8173
vn -0.1385 -0.7041 -0.6965
vn -0.1626 0.5528 -0.8173
vn -0.1092 -0.8286 -0.5490
vn -0.1804 0.3805 -0.9070
vn -0.0757 -0.9217 -0.3804
vn -0.1867 0.2903 -0.9386
vn -0.0566 -0.9569 -0.2847
vn -0.1718 -0.4737 -0.8638
vn -0.1942 -0.0980 -0.9761
vn -0.0566 0.9569 -0.2847
vn -0.0757 0.9217 -0.3804
vn -0.1914 -0.1939 -0.9622
vn -0.1804 -0.3805 -0.9070
vn -0.0000 0.9869 -0.1611
vn -0.0000 1.0000 -0.0000
vn 0.0314 0.9869 -0.1580
vn -0.0000 -1.0000 -0.0000
vn -0.0000 -0.9869 -0.1611
vn 0.0314 -0.9869 -0.1580
vn 0.0617 0.9869 -0.1489
vn 0.0617 -0.9869 -0.1489
vn 0.0895 0.9869 -0.1340
vn 0.0895 -0.9869 -0.1340
vn 0.1139 0.9869 -0.1139
vn 0.1139 -0.9869 -0.1139
vn 0.1340 0.9869 -0.0895
vn 0.1340 -0.9869 -0.0895
vn 0.1489 0.9869 -0.0617
vn 0.1489 -0.9869 -0.0617
vn 0.1580 0.9869 -0.0314
vn 0.1580 -0.9869 -0.0314
vn 0.1611 0.9869 -0.0000
vn 0.1611 -0.9869 -0.0000
vn 0.1580 0.9869 0.0314
vn 0.1580 -0.9869 0.0314
vn 0.1489 -0.9869 0.0617
vn 0.1489 0.9869 0.0617
vn 0.1340 0.9869 0.0895
vn 0.1340 -0.9869 0.0895
vn 0.1139 0.9869 0.1139
vn 0.1139 -0.9869 0.1139
vn 0.0895 0.9869 0.1340
vn 0.0895 -0.9869 0.1340
vn 0.0617 0.9869 0.1489
vn 0.0617 -0.9869 0.1489
vn 0.0314 0.9869 0.1580
vn 0.0314 -0.9869 0.1580
vn -0.0000 0.9869 0.1611
vn -0.0000 -0.9869 0.1611
vn -0.0314 0.9869 0.1580
vn -0.0314 -0.9869 0.1580
vn -0.0617 0.9869 0.1489
vn -0.0617 -0.9869 0.1489
vn -0.0895 0.9869 0.1340
vn -0.0895 -0.9869 0.1340
vn -0.1139 0.9869 0.1139
vn -0.1139 -0.9869 0.1139
vn -0.1340 0.9869 0.0895
vn -0.1340 -0.9869 0.0895
vn -0.1489 0.9869 0.0617
vn -0.1489 -0.9869 0.0617
vn -0.1580 0.9869 0.0314
vn -0.1580 -0.9869 0.0314
vn -0.1611 0.9869 -0.0000
vn -0.1611 -0.9869 -0.0000
vn -0.1580 0.9869 -0.0314
vn -0.1580 -0.9869 -0.0314
vn -0.1489 0.9869 -0.0617
vn -0.1489 -0.9869 -0.0617
vn -0.1340 0.9869 -0.0895
vn -0.1340 -0.9869 -0.0895
vn -0.1139 0.9869 -0.1139
vn -0.1139 -0.9869 -0.1139
vn -0.0895 0.9869 -0.1340
vn -0.0895 -0.9869 -0.1340
vn -0.0617 0.9869 -0.1489
vn -0.0617 -0.9869 -0.1489
vn -0.0314 0.9869 -0.1580
vn -0.0314 -0.9869 -0.1580
vn -0.1942 0.0980 -0.9761
vn -0.0000 0.0980 -0.9952
vn -0.3808 0.0980 -0.9194
vn -0.5529 0.0980 -0.8275
vn -0.7037 0.0980 -0.7037
vn -0.8275 0.0980 -0.5529
vn -0.9194 0.0980 -0.3808
vn -0.9761 0.0980 -0.1942
vn -0.9952 0.0980 -0.0000
vn -0.9761 0.0980 0.1942
vn -0.9194 0.0980 0.3808
vn -0.8275 0.0980 0.5529
vn -0.7037 0.0980 0.7037
vn -0.5529 0.0980 0.8275
vn -0.3808 0.0980 0.9194
vn -0.1942 0.0980 0.9761
vn -0.0000 0.0980 0.9952
vn 0.1942 0.0980 0.9761
vn 0.3808 0.0980 0.9194
vn 0.5529 0.0980 0.8275
vn 0.7037 0.0980 0.7037
vn 0.8275 0.0980 0.5529
vn 0.9194 0.0980 0.3808
vn 0.9761 0.0980 0.1942
vn 0.9952 0.0980 -0.0000
vn 0.9761 0.0980 -0.1942
vn 0.9194 0.0980 -0.3808
vn 0.8275 0.0980 -0.5529
vn 0.7037 0.0980 -0.7037
vn 0.5529 0.0980 -0.8275
vn 0.3808 0.0980 -0.9194
vn 0.1942 0.0980 -0.9761
vn -0.0000 0.5922 -0.8058
vn 0.1572 0.5922 -0.7903
vn 0.3084 0.5922 -0.7445
vn 0.4477 0.5922 -0.6700
vn 0.5698 0.5922 -0.5698
vn 0.6700 0.5922 -0.4477
vn 0.7445 0.5922 -0.3084
vn 0.7903 0.5922 -0.1572
vn 0.8058 0.5922 -0.0000
vn 0.7903 0.5922 0.1572
vn 0.7445 0.5922 0.3084
vn 0.6700 0.5922 0.4477
vn 0.5698 0.5922 0.5698
vn 0.4477 0.5922 0.6700
vn 0.3084 0.5922 0.7445
vn 0.1572 0.5922 0.7903
vn -0.0000 0.5922 0.8058
vn -0.1572 0.5922 0.7903
vn -0.3084 0.5922 0.7445
vn -0.4477 0.5922 0.6700
vn -0.5698 0.5922 0.5698
vn -0.6700 0.5922 0.4477
vn -0.7445 0.5922 0.3084
vn -0.7903 0.5922 0.1572
vn -0.8058 0.5922 -0.0000
vn -0.7903 0.5922 -0.1572
vn -0.7445 0.5922 -0.3084
vn -0.6700 0.5922 -0.4477
vn -0.5698 0.5922 -0.5698
vn -0.4477 0.5922 -0.6700
vn -0.3084 0.5922 -0.7445
vn -0.1572 0.5922 -0.7903
vt 0.750000 0.812500
vt 0.750000 0.687500
vt 0.750000 0.562500
vt 0.750000 0.500000
vt 0.750000 0.437500
vt 0.750000 0.312500
vt 0.718750 0.937500
vt 0.718750 0.875000
vt 0.718750 0.812500
vt 0.718750 0.750000
vt 0.718750 0.687500
vt 0.718750 0.625000
vt 0.718750 0.562500
vt 0.718750 0.500000
vt 0.718750 0.437500
vt 0.718750 0.375000
vt 0.718750 0.312500
vt 0.718750 0.250000
vt 0.718750 0.187500
vt 0.718750 0.125000
vt 0.718750 0.062500
vt 0.687500 0.937500
vt 0.687500 0.875000
vt 0.687500 0.812500
vt 0.687500 0.750000
vt 0.687500 0.687500
vt 0.687500 0.625000
vt 0.687500 0.562500
vt 0.687500 0.500000
vt 0.687500 0.437500
vt 0.687500 0.375000
vt 0.687500 0.312500
vt 0.687500 0.250000
vt 0.687500 0.187500
vt 0.687500 0.125000
vt 0.687500 0.062500
vt 0.656250 0.937500
vt 0.656250 0.875000
vt 0.656250 0.812500
vt 0.656250 0.750000
vt 0.656250 0.687500
vt 0.656250 0.625000
vt 0.656250 0.562500
vt 0.656250 0.500000
vt 0.656250 0.437500
vt 0.656250 0.375000
vt 0.656250 0.312500
vt 0.656250 0.250000
vt 0.656250 0.187500
vt 0.656250 0.125000
vt 0.656250 0.062500
vt 0.625000 0.937500
vt 0.625000 0.875000
vt 0.625000 0.812500
vt 0.625000 0.750000
vt 0.625000 0.687500
vt 0.625000 0.625000
vt 0.625000 0.562500
vt 0.625000 0.500000
vt 0.625000 0.437500
vt 0.625000 0.375000
vt 0.625000 0.312500
vt 0.625000 0.250000
vt 0.625000 0.187500
vt 0.625000 0.125000
vt 0.625000 0.062500
vt 0.593750 0.937500
vt 0.593750 0.875000
vt 0.593750 0.812500
vt 0.593750 0.750000
vt 0.593750 0.687500
vt 0.593750 0.625000
vt 0.593750 0.562500
vt 0.593750 0.500000
vt 0.593750 0.437500
vt 0.593750 0.375000
vt 0.593750 0.312500
vt 0.593750 0.250000
vt 0.593750 0.187500
vt 0.593750 0.125000
vt 0.593750 0.062500
vt 0.562500 0.937500
vt 0.562500 0.875000
vt 0.562500 0.812500
vt 0.562500 0.750000
vt 0.562500 0.687500
vt 0.562500 0.625000
vt 0.562500 0.562500
vt 0.562500 0.500000
vt 0.562500 0.437500
vt 0.562500 0.375000
vt 0.562500 0.312500
vt 0.562500 0.250000
vt 0.562500 0.187500
vt 0.562500 0.125000
vt 0.562500 0.062500
vt 0.531250 0.937500
vt 0.531250 0.875000
vt 0.531250 0.812500
vt 0.531250 0.750000
vt 0.531250 0.687500
vt 0.531250 0.625000
vt 0.531250 0.562500
vt 0.531250 0.500000
vt 0.531250 0.437500
vt 0.531250 0.375000
vt 0.531250 0.312500
vt 0.531250 0.250000
vt 0.531250 0.187500
vt 0.531250 0.125000
vt 0.531250 0.062500
vt 0.500000 0.937500
vt 0.500000 0.875000
vt 0.500000 0.812500
vt 0.500000 0.750000
vt 0.500000 0.687500
vt 0.500000 0.625000
vt 0.500000 0.562500
vt 0.500000 0.500000
vt 0.500000 0.437500
vt 0.500000 0.375000
vt 0.500000 0.312500
vt 0.500000 0.250000
vt 0.500000 0.187500
vt 0.500000 0.125000
vt 0.500000 0.062500
vt 0.468750 0.937500
vt 0.468750 0.875000
vt 0.468750 0.812500
vt 0.468750 0.750000
vt 0.468750 0.687500
vt 0.468750 0.625000
vt 0.468750 0.562500
vt 0.468750 0.500000
vt 0.468750 0.437500
vt 0.468750 0.375000
vt 0.468750 0.312500
vt 0.468750 0.250000
vt 0.468750 0.187500
vt 0.468750 0.125000
vt 0.468750 0.062500
vt 0.437500 0.937500
vt 0.437500 0.875000
vt 0.437500 0.812500
vt 0.437500 0.750000
vt 0.437500 0.687500
vt 0.437500 0.625000
vt 0.437500 0.562500
vt 0.437500 0.500000
vt 0.437500 0.437500
vt 0.437500 0.375000
vt 0.437500 0.312500
vt 0.437500 0.250000
vt 0.437500 0.187500
vt 0.437500 0.125000
vt 0.437500 0.062500
vt 0.406250 0.937500
vt 0.406250 0.875000
vt 0.406250 0.812500
vt 0.406250 0.750000
vt 0.406250 0.687500
vt 0.406250 0.625000
vt 0.406250 0.562500
vt 0.406250 0.500000
vt 0.406250 0.437500
vt 0.406250 0.375000
vt 0.406250 0.312500
vt 0.406250 0.250000
vt 0.406250 0.187500
vt 0.406250 0.125000
vt 0.406250 0.062500
vt 0.375000 0.937500
vt 0.375000 0.875000
vt 0.375000 0.812500
vt 0.375000 0.750000
vt 0.375000 0.687500
vt 0.375000 0.625000
vt 0.375000 0.562500
vt 0.375000 0.500000
vt 0.375000 0.437500
vt 0.375000 0.375000
vt 0.375000 0.312500
vt 0.375000 0.250000
vt 0.375000 0.187500
vt 0.375000 0.125000
vt 0.375000 0.062500
vt 0.343750 0.937500
vt 0.343750 0.875000
vt 0.343750 0.812500
vt 0.343750 0.750000
vt 0.343750 0.687500
vt 0.343750 0.625000
vt 0.343750 0.562500
vt 0.343750 0.500000
vt 0.343750 0.437500
vt 0.343750 0.375000
vt 0.343750 0.312500
vt 0.343750 0.250000
vt 0.343750 0.187500
vt 0.343750 0.125000
vt 0.343750 0.062500
vt 0.312500 0.937500
vt 0.312500 0.875000
vt 0.312500 0.812500
vt 0.312500 0.750000
vt 0.312500 0.687500
vt 0.312500 0.625000
vt 0.312500 0.562500
vt 0.312500 0.500000
vt 0.312500 0.437500
vt 0.312500 0.375000
vt 0.312500 0.312500
vt 0.312500 0.250000
vt 0.312500 0.187500
vt 0.312500 0.125000
vt 0.312500 0.062500
vt 0.281250 0.937500
vt 0.281250 0.875000
vt 0.281250 0.812500
vt 0.281250 0.750000
vt 0.281250 0.687500
vt 0.281250 0.625000
vt 0.281250 0.562500
vt 0.281250 0.500000
vt 0.281250 0.437500
vt 0.281250 0.375000
vt 0.281250 0.312500
vt 0.281250 0.250000
vt 0.281250 0.187500
vt 0.281250 0.125000
vt 0.281250 0.062500
vt 0.250000 0.937500
vt 0.250000 0.875000
vt 0.250000 0.812500
vt 0.250000 0.750000
vt 0.250000 0.687500
vt 0.250000 0.625000
vt 0.250000 0.562500
vt 0.250000 0.500000
vt 0.250000 0.437500
vt 0.250000 0.375000
vt 0.250000 0.312500
vt 0.250000 0.250000
vt 0.250000 0.187500
vt 0.250000 0.125000
vt 0.250000 0.062500
vt 0.218750 0.937500
vt 0.218750 0.875000
vt 0.218750 0.812500
vt 0.218750 0.750000
vt 0.218750 0.687500
vt 0.218750 0.625000
vt 0.218750 0.562500
vt 0.218750 0.500000
vt 0.218750 0.437500
vt 0.218750 0.375000
vt 0.218750 0.312500
vt 0.218750 0.250000
vt 0.218750 0.187500
vt 0.218750 0.125000
vt 0.218750 0.062500
vt 0.187500 0.937500
vt 0.187500 0.875000
vt 0.187500 0.812500
vt 0.187500 0.750000
vt 0.187500 0.687500
vt 0.187500 0.625000
vt 0.187500 0.562500
vt 0.187500 0.500000
vt 0.187500 0.437500
vt 0.187500 0.375000
vt 0.187500 0.312500
vt 0.187500 0.250000
vt 0.187500 0.187500
vt 0.187500 0.125000
vt 0.187500 0.062500
vt 0.156250 0.937500
vt 0.156250 0.875000
vt 0.156250 0.812500
vt 0.156250 0.750000
vt 0.156250 0.687500
vt 0.156250 0.625000
vt 0.156250 0.562500
vt 0.156250 0.500000
vt 0.156250 0.437500
vt 0.156250 0.375000
vt 0.156250 0.312500
vt 0.156250 0.250000
vt 0.156250 0.187500
vt 0.156250 0.125000
vt 0.156250 0.062500
vt 0.125000 0.937500
vt 0.125000 0.875000
vt 0.125000 0.812500
vt 0.125000 0.750000
vt 0.125000 0.687500
vt 0.125000 0.625000
vt 0.125000 0.562500
vt 0.125000 0.500000
vt 0.125000 0.437500
vt 0.125000 0.375000
vt 0.125000 0.312500
vt 0.125000 0.250000
vt 0.125000 0.187500
vt 0.125000 0.125000
vt 0.125000 0.062500
vt 0.093750 0.937500
vt 0.093750 0.875000
vt 0.093750 0.812500
vt 0.093750 0.750000
vt 0.093750 0.687500
vt 0.093750 0.625000
vt 0.093750 0.562500
vt 0.093750 0.500000
vt 0.093750 0.437500
vt 0.093750 0.375000
vt 0.093750 0.312500
vt 0.093750 0.250000
vt 0.093750 0.187500
vt 0.093750 0.125000
vt 0.093750 0.062500
vt 0.062500 0.937500
vt 0.062500 0.875000
vt 0.062500 0.812500
vt 0.062500 0.750000
vt 0.062500 0.687500
vt 0.062500 0.625000
vt 0.062500 0.562500
vt 0.062500 0.500000
vt 0.062500 0.437500
vt 0.062500 0.375000
vt 0.062500 0.312500
vt 0.062500 0.250000
vt 0.062500 0.187500
vt 0.062500 0.125000
vt 0.062500 0.062500
vt 0.031250 0.937500
vt 0.031250 0.875000
vt 0.031250 0.812500
vt 0.031250 0.750000
vt 0.031250 0.687500
vt 0.031250 0.625000
vt 0.031250 0.562500
vt 0.031250 0.500000
vt 0.031250 0.437500
vt 0.031250 0.375000
vt 0.031250 0.312500
vt 0.031250 0.250000
vt 0.031250 0.187500
vt 0.031250 0.125000
vt 0.031250 0.062500
vt 0.000000 0.937500
vt 1.000000 0.937500
vt 0.000000 0.875000
vt 1.000000 0.875000
vt 0.000000 0.812500
vt 1.000000 0.812500
vt 0.000000 0.750000
vt 1.000000 0.750000
vt 0.000000 0.687500
vt 1.000000 0.687500
vt 0.000000 0.625000
vt 1.000000 0.625000
vt 0.000000 0.562500
vt 1.000000 0.562500
vt 0.000000 0.500000
vt 1.000000 0.500000
vt 1.000000 0.437500
vt 0.000000 0.437500
vt 0.000000 0.375000
vt 1.000000 0.375000
vt 0.000000 0.312500
vt 1.000000 0.312500
vt 0.000000 0.250000
vt 1.000000 0.250000
vt 0.000000 0.187500
vt 1.000000 0.187500
vt 0.000000 0.125000
vt 1.000000 0.125000
vt 0.000000 0.062500
vt 1.000000 0.062500
vt 0.968750 0.937500
vt 0.968750 0.875000
vt 0.968750 0.812500
vt 0.968750 0.750000
vt 0.968750 0.687500
vt 0.968750 0.625000
vt 0.968750 0.562500
vt 0.968750 0.500000
vt 0.968750 0.437500
vt 0.968750 0.375000
vt 0.968750 0.312500
vt 0.968750 0.250000
vt 0.968750 0.187500
vt 0.968750 0.125000
vt 0.968750 0.062500
vt 0.937500 0.937500
vt 0.937500 0.875000
vt 0.937500 0.812500
vt 0.937500 0.750000
vt 0.937500 0.687500
vt 0.937500 0.625000
vt 0.937500 0.562500
vt 0.937500 0.500000
vt 0.937500 0.437500
vt 0.937500 0.375000
vt 0.937500 0.312500
vt 0.937500 0.250000
vt 0.937500 0.187500
vt 0.937500 0.125000
vt 0.937500 0.062500
vt 0.906250 0.937500
vt 0.906250 0.875000
vt 0.906250 0.812500
vt 0.906250 0.750000
vt 0.906250 0.687500
vt 0.906250 0.625000
vt 0.906250 0.562500
vt 0.906250 0.500000
vt 0.906250 0.437500
vt 0.906250 0.375000
vt 0.906250 0.312500
vt 0.906250 0.250000
vt 0.906250 0.187500
vt 0.906250 0.125000
vt 0.906250 0.062500
vt 0.875000 0.937500
vt 0.875000 0.875000
vt 0.875000 0.812500
vt 0.875000 0.750000
vt 0.875000 0.687500
vt 0.875000 0.625000
vt 0.875000 0.562500
vt 0.875000 0.500000
vt 0.875000 0.437500
vt 0.875000 0.375000
vt 0.875000 0.312500
vt 0.875000 0.250000
vt 0.875000 0.187500
vt 0.875000 0.125000
vt 0.875000 0.062500
vt 0.843750 0.937500
vt 0.843750 0.875000
vt 0.843750 0.812500
vt 0.843750 0.750000
vt 0.843750 0.687500
vt 0.843750 0.625000
vt 0.843750 0.562500
vt 0.843750 0.500000
vt 0.843750 0.437500
vt 0.843750 0.375000
vt 0.843750 0.312500
vt 0.843750 0.250000
vt 0.843750 0.187500
vt 0.843750 0.125000
vt 0.843750 0.062500
vt 0.812500 0.937500
vt 0.812500 0.875000
vt 0.812500 0.812500
vt 0.812500 0.750000
vt 0.812500 0.687500
vt 0.812500 0.625000
vt 0.812500 0.562500
vt 0.812500 0.500000
vt 0.812500 0.437500
vt 0.812500 0.375000
vt 0.812500 0.312500
vt 0.812500 0.250000
vt 0.812500 0.187500
vt 0.812500 0.125000
vt 0.812500 0.062500
vt 0.781250 0.937500
vt 0.781250 0.875000
vt 0.781250 0.812500
vt 0.781250 0.750000
vt 0.781250 0.687500
vt 0.781250 0.625000
vt 0.781250 0.562500
vt 0.781250 0.500000
vt 0.781250 0.437500
vt 0.781250 0.375000
vt 0.781250 0.312500
vt 0.781250 0.250000
vt 0.781250 0.187500
vt 0.781250 0.125000
vt 0.781250 0.062500
vt 0.750000 0.937500
vt 0.750000 0.875000
vt 0.750000 0.750000
vt 0.750000 0.625000
vt 0.750000 0.375000
vt 0.750000 0.250000
vt 0.750000 0.187500
vt 0.750000 0.125000
vt 0.750000 0.062500
vt 0.687500 0.062500
vt 0.718750 0.062500
vt 0.687500 0.937500
vt 0.718750 0.937500
vt 0.656250 0.062500
vt 0.656250 0.937500
vt 0.625000 0.062500
vt 0.625000 0.937500
vt 0.593750 0.062500
vt 0.593750 0.937500
vt 0.734375 1.000000
vt 0.703125 1.000000
vt 0.671875 1.000000
vt 0.640625 1.000000
vt 0.609375 1.000000
vt 0.578125 1.000000
vt 0.546875 1.000000
vt 0.515625 1.000000
vt 0.484375 1.000000
vt 0.453125 1.000000
vt 0.421875 1.000000
vt 0.390625 1.000000
vt 0.359375 1.000000
vt 0.328125 1.000000
vt 0.296875 1.000000
vt 0.265625 1.000000
vt 0.234375 1.000000
vt 0.203125 1.000000
vt 0.171875 1.000000
vt 0.140625 1.000000
vt 0.109375 1.000000
vt 0.078125 1.000000
vt 0.046875 1.000000
vt 0.015625 1.000000
vt 0.984375 1.000000
vt 0.953125 1.000000
vt 0.921875 1.000000
vt 0.890625 1.000000
vt 0.859375 1.000000
vt 0.828125 1.000000
vt 0.796875 1.000000
vt 0.765625 1.000000
vt 0.562500 0.937500
vt 0.562500 0.062500
vt 0.531250 0.062500
vt 0.531250 0.937500
vt 0.500000 0.937500
vt 0.500000 0.062500
vt 0.468750 0.062500
vt 0.468750 0.937500
vt 0.437500 0.062500
vt 0.437500 0.937500
vt 0.406250 0.062500
vt 0.406250 0.937500
vt 0.375000 0.937500
vt 0.375000 0.062500
vt 0.343750 0.062500
vt 0.343750 0.937500
vt 0.312500 0.062500
vt 0.312500 0.937500
vt 0.281250 0.062500
vt 0.281250 0.937500
vt 0.250000 0.062500
vt 0.250000 0.937500
vt 0.218750 0.062500
vt 0.218750 0.937500
vt 0.187500 0.062500
vt 0.187500 0.937500
vt 0.156250 0.062500
vt 0.156250 0.937500
vt 0.125000 0.062500
vt 0.734375 0.000000
vt 0.703125 0.000000
vt 0.671875 0.000000
vt 0.640625 0.000000
vt 0.609375 0.000000
vt 0.578125 0.000000
vt 0.546875 0.000000
vt 0.515625 0.000000
vt 0.484375 0.000000
vt 0.453125 0.000000
vt 0.421875 0.000000
vt 0.390625 0.000000
vt 0.359375 0.000000
vt 0.328125 0.000000
vt 0.296875 0.000000
vt 0.265625 0.000000
vt 0.234375 0.000000
vt 0.203125 0.000000
vt 0.171875 0.000000
vt 0.140625 0.000000
vt 0.109375 0.000000
vt 0.078125 0.000000
vt 0.046875 0.000000
vt 0.015625 0.000000
vt 0.984375 0.000000
vt 0.953125 0.000000
vt 0.921875 0.000000
vt 0.890625 0.000000
vt 0.859375 0.000000
vt 0.828125 0.000000
vt 0.796875 0.000000
vt 0.765625 0.000000
vt 0.125000 0.937500
vt 0.093750 0.937500
vt 0.093750 0.062500
vt 0.062500 0.062500
vt 0.062500 0.937500
vt 0.031250 0.937500
vt 0.031250 0.062500
vt 0.000000 0.062500
vt 1.000000 0.062500
vt 0.000000 0.937500
vt 1.000000 0.937500
vt 0.968750 0.937500
vt 0.968750 0.062500
vt 0.937500 0.062500
vt 0.937500 0.937500
vt 0.906250 0.062500
vt 0.906250 0.937500
vt 0.875000 0.062500
vt 0.875000 0.937500
vt 0.843750 0.062500
vt 0.843750 0.937500
vt 0.812500 0.062500
vt 0.812500 0.937500
vt 0.781250 0.062500
vt 0.781250 0.937500
vt 0.750000 0.937500
vt 0.750000 0.062500
vt 0.750000 0.531250
vt 0.718750 0.531250
vt 0.687500 0.531250
vt 0.656250 0.531250
vt 0.625000 0.531250
vt 0.593750 0.531250
vt 0.562500 0.531250
vt 0.531250 0.531250
vt 0.500000 0.531250
vt 0.468750 0.531250
vt 0.437500 0.531250
vt 0.406250 0.531250
vt 0.375000 0.531250
vt 0.343750 0.531250
vt 0.312500 0.531250
vt 0.281250 0.531250
vt 0.250000 0.531250
vt 0.218750 0.531250
vt 0.187500 0.531250
vt 0.156250 0.531250
vt 0.125000 0.531250
vt 0.093750 0.531250
vt 0.062500 0.531250
vt 0.031250 0.531250
vt 1.000000 0.531250
vt 0.000000 0.531250
vt 0.968750 0.531250
vt 0.937500 0.531250
vt 0.906250 0.531250
vt 0.875000 0.531250
vt 0.843750 0.531250
vt 0.812500 0.531250
vt 0.781250 0.531250
vt 0.718750 0.593750
vt 0.687500 0.593750
vt 0.656250 0.593750
vt 0.625000 0.593750
vt 0.593750 0.593750
vt 0.562500 0.593750
vt 0.531250 0.593750
vt 0.500000 0.593750
vt 0.468750 0.593750
vt 0.437500 0.593750
vt 0.406250 0.593750
vt 0.375000 0.593750
vt 0.343750 0.593750
vt 0.312500 0.593750
vt 0.281250 0.593750
vt 0.250000 0.593750
vt 0.218750 0.593750
vt 0.187500 0.593750
vt 0.156250 0.593750
vt 0.125000 0.593750
vt 0.093750 0.593750
vt 0.062500 0.593750
vt 0.031250 0.593750
vt 1.000000 0.593750
vt 0.000000 0.593750
vt 0.968750 0.593750
vt 0.937500 0.593750
vt 0.906250 0.593750
vt 0.875000 0.593750
vt 0.843750 0.593750
vt 0.812500 0.593750
vt 0.781250 0.593750
vt 0.750000 0.593750
vt 0.750000 0.468750
vt 0.718750 0.468750
vt 0.687500 0.468750
vt 0.656250 0.468750
vt 0.625000 0.468750
vt 0.593750 0.468750
vt 0.562500 0.468750
vt 0.531250 0.468750
vt 0.500000 0.468750
vt 0.468750 0.468750
vt 0.437500 0.468750
vt 0.406250 0.468750
vt 0.375000 0.468750
vt 0.343750 0.468750
vt 0.312500 0.468750
vt 0.281250 0.468750
vt 0.250000 0.468750
vt 0.218750 0.468750
vt 0.187500 0.468750
vt 0.156250 0.468750
vt 0.125000 0.468750
vt 0.093750 0.468750
vt 0.062500 0.468750
vt 0.031250 0.468750
vt 1.000000 0.468750
vt 0.000000 0.468750
vt 0.968750 0.468750
vt 0.937500 0.468750
vt 0.906250 0.468750
vt 0.875000 0.468750
vt 0.843750 0.468750
vt 0.812500 0.468750
vt 0.781250 0.468750
vt 0.750000 0.546875
vt 0.718750 0.546875
vt 0.687500 0.546875
vt 0.656250 0.546875
vt 0.625000 0.546875
vt 0.593750 0.546875
vt 0.562500 0.546875
vt 0.531250 0.546875
vt 0.500000 0.546875
vt 0.468750 0.546875
vt 0.437500 0.546875
vt 0.406250 0.546875
vt 0.375000 0.546875
vt 0.343750 0.546875
vt 0.312500 0.546875
vt 0.281250 0.546875
vt 0.250000 0.546875
vt 0.218750 0.546875
vt 0.187500 0.546875
vt 0.156250 0.546875
vt 0.125000 0.546875
vt 0.093750 0.546875
vt 0.062500 0.546875
vt 0.031250 0.546875
vt 0.000000 0.546875
vt 1.000000 0.546875
vt 0.968750 0.546875
vt 0.937500 0.546875
vt 0.906250 0.546875
vt 0.875000 0.546875
vt 0.843750 0.546875
vt 0.812500 0.546875
vt 0.781250 0.546875
vt 0.750000 0.515625
vt 0.718750 0.515625
vt 0.687500 0.515625
vt 0.656250 0.515625
vt 0.625000 0.515625
vt 0.593750 0.515625
vt 0.562500 0.515625
vt 0.531250 0.515625
vt 0.500000 0.515625
vt 0.468750 0.515625
vt 0.437500 0.515625
vt 0.406250 0.515625
vt 0.375000 0.515625
vt 0.343750 0.515625
vt 0.312500 0.515625
vt 0.281250 0.515625
vt 0.250000 0.515625
vt 0.218750 0.515625
vt 0.187500 0.515625
vt 0.156250 0.515625
vt 0.125000 0.515625
vt 0.093750 0.515625
vt 0.062500 0.515625
vt 0.031250 0.515625
vt 1.000000 0.515625
vt 0.000000 0.515625
vt 0.968750 0.515625
vt 0.937500 0.515625
vt 0.906250 0.515625
vt 0.875000 0.515625
vt 0.843750 0.515625
vt 0.812500 0.515625
vt 0.781250 0.515625
vt 0.718750 0.500000
vt 0.750000 0.500000
vt 0.750000 0.562500
vt 0.718750 0.562500
vt 0.687500 0.562500
vt 0.687500 0.062500
vt 0.718750 0.062500
vt 0.687500 0.500000
vt 0.687500 0.937500
vt 0.718750 0.937500
vt 0.656250 0.562500
vt 0.656250 0.062500
vt 0.656250 0.500000
vt 0.656250 0.937500
vt 0.625000 0.562500
vt 0.625000 0.062500
vt 0.625000 0.500000
vt 0.625000 0.937500
vt 0.593750 0.562500
vt 0.593750 0.062500
vt 0.593750 0.500000
vt 0.593750 0.937500
vt 0.562500 0.062500
vt 0.562500 0.500000
vt 0.562500 0.562500
vt 0.562500 0.937500
vt 0.531250 0.562500
vt 0.531250 0.062500
vt 0.531250 0.500000
vt 0.531250 0.937500
vt 0.500000 0.500000
vt 0.500000 0.562500
vt 0.500000 0.937500
vt 0.500000 0.062500
vt 0.468750 0.562500
vt 0.468750 0.062500
vt 0.468750 0.500000
vt 0.468750 0.937500
vt 0.437500 0.062500
vt 0.437500 0.500000
vt 0.437500 0.937500
vt 0.437500 0.562500
vt 0.406250 0.562500
vt 0.406250 0.062500
vt 0.406250 0.500000
vt 0.406250 0.937500
vt 0.375000 0.937500
vt 0.375000 0.562500
vt 0.375000 0.062500
vt 0.375000 0.500000
vt 0.343750 0.562500
vt 0.343750 0.062500
vt 0.343750 0.500000
vt 0.343750 0.937500
vt 0.312500 0.562500
vt 0.312500 0.062500
vt 0.312500 0.500000
vt 0.312500 0.937500
vt 0.281250 0.562500
vt 0.281250 0.062500
vt 0.281250 0.500000
vt 0.281250 0.937500
vt 0.250000 0.562500
vt 0.250000 0.062500
vt 0.250000 0.500000
vt 0.250000 0.937500
vt 0.218750 0.562500
vt 0.218750 0.062500
vt 0.218750 0.500000
vt 0.218750 0.937500
vt 0.187500 0.562500
vt 0.187500 0.062500
vt 0.187500 0.500000
vt 0.187500 0.937500
vt 0.156250 0.062500
vt 0.156250 0.500000
vt 0.156250 0.562500
vt 0.156250 0.937500
vt 0.125000 0.562500
vt 0.125000 0.062500
vt 0.125000 0.500000
vt 0.125000 0.937500
vt 0.093750 0.937500
vt 0.093750 0.062500
vt 0.093750 0.500000
vt 0.093750 0.562500
vt 0.062500 0.562500
vt 0.062500 0.062500
vt 0.062500 0.500000
vt 0.062500 0.937500
vt 0.031250 0.500000
vt 0.031250 0.937500
vt 0.031250 0.562500
vt 0.031250 0.062500
vt 1.000000 0.562500
vt 0.000000 0.562500
vt 0.000000 0.062500
vt 1.000000 0.062500
vt 0.000000 0.500000
vt 1.000000 0.500000
vt 0.000000 0.937500
vt 1.000000 0.937500
vt 0.968750 0.937500
vt 0.968750 0.562500
vt 0.968750 0.062500
vt 0.968750 0.500000
vt 0.937500 0.562500
vt 0.937500 0.062500
vt 0.937500 0.500000
vt 0.937500 0.937500
vt 0.906250 0.562500
vt 0.906250 0.062500
vt 0.906250 0.500000
vt 0.906250 0.937500
vt 0.875000 0.562500
vt 0.875000 0.062500
vt 0.875000 0.500000
vt 0.875000 0.937500
vt 0.843750 0.562500
vt 0.843750 0.062500
vt 0.843750 0.500000
vt 0.843750 0.937500
vt 0.812500 0.062500
vt 0.812500 0.500000
vt 0.812500 0.562500
vt 0.812500 0.937500
vt 0.781250 0.562500
vt 0.781250 0.062500
vt 0.781250 0.500000
vt 0.781250 0.937500
vt 0.750000 0.937500
vt 0.750000 0.062500
vt 0.687500 0.062500
vt 0.718750 0.062500
vt 0.687500 0.937500
vt 0.718750 0.937500
vt 0.656250 0.062500
vt 0.656250 0.937500
vt 0.625000 0.062500
vt 0.625000 0.937500
vt 0.593750 0.062500
vt 0.593750 0.937500
vt 0.562500 0.062500
vt 0.562500 0.937500
vt 0.531250 0.062500
vt 0.531250 0.937500
vt 0.500000 0.937500
vt 0.500000 0.062500
vt 0.468750 0.062500
vt 0.468750 0.937500
vt 0.437500 0.062500
vt 0.437500 0.937500
vt 0.406250 0.062500
vt 0.406250 0.937500
vt 0.375000 0.937500
vt 0.375000 0.062500
vt 0.343750 0.062500
vt 0.343750 0.937500
vt 0.312500 0.062500
vt 0.312500 0.937500
vt 0.281250 0.062500
vt 0.281250 0.937500
vt 0.250000 0.062500
vt 0.250000 0.937500
vt 0.218750 0.062500
vt 0.218750 0.937500
vt 0.187500 0.062500
vt 0.187500 0.937500
vt 0.156250 0.062500
vt 0.156250 0.937500
vt 0.125000 0.062500
vt 0.125000 0.937500
vt 0.093750 0.937500
vt 0.093750 0.062500
vt 0.062500 0.062500
vt 0.062500 0.937500
vt 0.031250 0.937500
vt 0.031250 0.062500
vt 0.000000 0.062500
vt 1.000000 0.062500
vt 0.000000 0.937500
vt 1.000000 0.937500
vt 0.968750 0.937500
vt 0.968750 0.062500
vt 0.937500 0.062500
vt 0.937500 0.937500
vt 0.906250 0.062500
vt 0.906250 0.937500
vt 0.875000 0.062500
vt 0.875000 0.937500
vt 0.843750 0.062500
vt 0.843750 0.937500
vt 0.812500 0.062500
vt 0.812500 0.937500
vt 0.781250 0.062500
vt 0.781250 0.937500
vt 0.750000 0.937500
vt 0.750000 0.062500
vt 0.781250 0.546875
vt 0.750000 0.546875
vt 0.812500 0.546875
vt 0.843750 0.546875
vt 0.875000 0.546875
vt 0.906250 0.546875
vt 0.937500 0.546875
vt 0.968750 0.546875
vt 1.000000 0.546875
vt 0.000000 0.546875
vt 0.031250 0.546875
vt 0.062500 0.546875
vt 0.093750 0.546875
vt 0.125000 0.546875
vt 0.156250 0.546875
vt 0.187500 0.546875
vt 0.218750 0.546875
vt 0.250000 0.546875
vt 0.281250 0.546875
vt 0.312500 0.546875
vt 0.343750 0.546875
vt 0.375000 0.546875
vt 0.406250 0.546875
vt 0.437500 0.546875
vt 0.468750 0.546875
vt 0.500000 0.546875
vt 0.531250 0.546875
vt 0.562500 0.546875
vt 0.593750 0.546875
vt 0.625000 0.546875
vt 0.656250 0.546875
vt 0.687500 0.546875
vt 0.718750 0.546875
vt 0.750000 0.515625
vt 0.718750 0.515625
vt 0.687500 0.515625
vt 0.656250 0.515625
vt 0.625000 0.515625
vt 0.593750 0.515625
vt 0.562500 0.515625
vt 0.531250 0.515625
vt 0.500000 0.515625
vt 0.468750 0.515625
vt 0.437500 0.515625
vt 0.406250 0.515625
vt 0.375000 0.515625
vt 0.343750 0.515625
vt 0.312500 0.515625
vt 0.281250 0.515625
vt 0.250000 0.515625
vt 0.218750 0.515625
vt 0.187500 0.515625
vt 0.156250 0.515625
vt 0.125000 0.515625
vt 0.093750 0.515625
vt 0.062500 0.515625
vt 0.031250 0.515625
vt 0.000000 0.515625
vt 1.000000 0.515625
vt 0.968750 0.515625
vt 0.937500 0.515625
vt 0.906250 0.515625
vt 0.875000 0.515625
vt 0.843750 0.515625
vt 0.812500 0.515625
vt 0.781250 0.515625
s 1
f 834/922/1 479/494/2 20/20/3 713/797/4
f 643/725/5 709/793/5 13/13/6 644/726/6
f 111/111/7 126/126/8 850/938/8 847/935/7
f 201/201/9 216/216/10 861/949/10 859/947/9
f 611/692/11 4/4/11 14/14/12 612/693/12
f 473/488/13 833/921/14 716/800/15 8/8/16
f 476/491/17 5/5/18 15/15/19 16/16/20
f 1/1/21 473/488/13 8/8/16 9/9/22
f 6/6/23 476/491/17 16/16/20 17/17/24
f 474/489/25 1/1/21 9/9/22 10/10/26
f 477/492/27 6/6/23 17/17/24 18/18/28
f 2/2/29 474/489/25 10/10/26 11/11/30
f 478/493/31 477/492/27 18/18/28 19/19/32
f 475/490/33 2/2/29 11/11/30 12/12/34
f 479/494/2 478/493/31 19/19/32 20/20/3
f 610/691/35 475/490/33 12/12/34 579/659/36
f 20/20/3 19/19/32 34/34/37 35/35/38
f 579/659/36 12/12/34 27/27/39 580/660/40
f 713/797/4 20/20/3 35/35/38 712/796/41
f 644/726/6 13/13/6 28/28/42 645/727/42
f 67/67/43 52/52/44 842/930/44 844/932/43
f 7/7/45 472/487/46 897/987/46 838/926/45
f 612/693/12 14/14/12 29/29/47 613/694/47
f 8/8/16 716/800/15 715/799/48 23/23/49
f 16/16/20 15/15/19 30/30/50 31/31/51
f 9/9/22 8/8/16 23/23/49 24/24/52
f 17/17/24 16/16/20 31/31/51 32/32/53
f 10/10/26 9/9/22 24/24/52 25/25/54
f 18/18/28 17/17/24 32/32/53 33/33/55
f 11/11/30 10/10/26 25/25/54 26/26/56
f 19/19/32 18/18/28 33/33/55 34/34/37
f 12/12/34 11/11/30 26/26/56 27/27/39
f 24/24/52 23/23/49 38/38/57 39/39/58
f 32/32/53 31/31/51 46/46/59 47/47/60
f 25/25/54 24/24/52 39/39/58 40/40/61
f 33/33/55 32/32/53 47/47/60 48/48/62
f 26/26/56 25/25/54 40/40/61 41/41/63
f 34/34/37 33/33/55 48/48/62 49/49/64
f 27/27/39 26/26/56 41/41/63 42/42/65
f 35/35/38 34/34/37 49/49/64 50/50/66
f 580/660/40 27/27/39 42/42/65 581/661/67
f 712/796/41 35/35/38 50/50/66 718/802/68
f 645/727/42 28/28/42 43/43/69 646/728/69
f 112/112/70 97/97/71 848/936/71 849/937/70
f 352/352/72 337/337/73 879/967/73 882/971/72
f 613/694/47 29/29/47 44/44/74 614/695/74
f 23/23/49 715/799/48 720/804/75 38/38/57
f 31/31/51 30/30/50 45/45/76 46/46/59
f 581/661/67 42/42/65 57/57/77 582/662/78
f 718/802/68 50/50/66 65/65/79 722/806/80
f 646/728/69 43/43/69 58/58/81 647/729/81
f 246/246/82 261/261/83 867/955/83 865/953/82
f 66/66/84 81/81/85 843/931/85 841/929/84
f 614/695/74 44/44/74 59/59/86 615/696/86
f 38/38/57 720/804/75 724/808/87 53/53/88
f 46/46/59 45/45/76 60/60/89 61/61/90
f 39/39/58 38/38/57 53/53/88 54/54/91
f 47/47/60 46/46/59 61/61/90 62/62/92
f 40/40/61 39/39/58 54/54/91 55/55/93
f 48/48/62 47/47/60 62/62/92 63/63/94
f 41/41/63 40/40/61 55/55/93 56/56/95
f 49/49/64 48/48/62 63/63/94 64/64/96
f 42/42/65 41/41/63 56/56/95 57/57/77
f 50/50/66 49/49/64 64/64/96 65/65/79
f 62/62/92 61/61/90 76/76/97 77/77/98
f 55/55/93 54/54/91 69/69/99 70/70/100
f 63/63/94 62/62/92 77/77/98 78/78/101
f 56/56/95 55/55/93 70/70/100 71/71/102
f 64/64/96 63/63/94 78/78/101 79/79/103
f 57/57/77 56/56/95 71/71/102 72/72/104
f 65/65/79 64/64/96 79/79/103 80/80/105
f 582/662/78 57/57/77 72/72/104 583/663/106
f 722/806/80 65/65/79 80/80/105 726/810/107
f 647/729/81 58/58/81 73/73/108 648/730/108
f 480/495/109 21/21/110 836/924/110 898/988/109
f 217/217/111 202/202/112 862/950/112 864/952/111
f 615/696/86 59/59/86 74/74/113 616/697/113
f 53/53/88 724/808/87 728/812/114 68/68/115
f 61/61/90 60/60/89 75/75/116 76/76/97
f 54/54/91 53/53/88 68/68/115 69/69/99
f 726/810/107 80/80/105 95/95/117 729/813/118
f 648/730/108 73/73/108 88/88/119 649/731/119
f 351/351/120 366/380/121 881/969/121 880/968/120
f 82/82/122 67/67/43 844/932/43 846/934/122
f 616/697/113 74/74/113 89/89/123 617/698/123
f 68/68/115 728/812/114 732/816/124 83/83/125
f 76/76/97 75/75/116 90/90/126 91/91/127
f 69/69/99 68/68/115 83/83/125 84/84/128
f 77/77/98 76/76/97 91/91/127 92/92/129
f 70/70/100 69/69/99 84/84/128 85/85/130
f 78/78/101 77/77/98 92/92/129 93/93/131
f 71/71/102 70/70/100 85/85/130 86/86/132
f 79/79/103 78/78/101 93/93/131 94/94/133
f 72/72/104 71/71/102 86/86/132 87/87/134
f 80/80/105 79/79/103 94/94/133 95/95/117
f 583/663/106 72/72/104 87/87/134 584/664/135
f 85/85/130 84/84/128 99/99/136 100/100/137
f 93/93/131 92/92/129 107/107/138 108/108/139
f 86/86/132 85/85/130 100/100/137 101/101/140
f 94/94/133 93/93/131 108/108/139 109/109/141
f 87/87/134 86/86/132 101/101/140 102/102/142
f 95/95/117 94/94/133 109/109/141 110/110/143
f 584/664/135 87/87/134 102/102/142 585/665/144
f 729/813/118 95/95/117 110/110/143 734/818/145
f 649/731/119 88/88/119 103/103/146 650/732/146
f 171/171/147 186/186/148 858/946/148 855/943/147
f 37/37/149 22/22/150 837/925/150 840/928/149
f 617/698/123 89/89/123 104/104/151 618/699/151
f 83/83/125 732/816/124 736/820/152 98/98/153
f 91/91/127 90/90/126 105/105/154 106/106/155
f 84/84/128 83/83/125 98/98/153 99/99/136
f 92/92/129 91/91/127 106/106/155 107/107/138
f 650/732/146 103/103/146 118/118/156 651/733/156
f 457/472/157 442/457/158 894/984/158 896/986/157
f 216/216/10 231/231/159 863/951/159 861/949/10
f 618/699/151 104/104/151 119/119/160 619/700/160
f 98/98/153 736/820/152 739/823/161 113/113/162
f 106/106/155 105/105/154 120/120/163 121/121/164
f 99/99/136 98/98/153 113/113/162 114/114/165
f 107/107/138 106/106/155 121/121/164 122/122/166
f 100/100/137 99/99/136 114/114/165 115/115/167
f 108/108/139 107/107/138 122/122/166 123/123/168
f 101/101/140 100/100/137 115/115/167 116/116/169
f 109/109/141 108/108/139 123/123/168 124/124/170
f 102/102/142 101/101/140 116/116/169 117/117/171
f 110/110/143 109/109/141 124/124/170 125/125/172
f 585/665/144 102/102/142 117/117/171 586/666/173
f 734/818/145 110/110/143 125/125/172 740/824/174
f 123/123/168 122/122/166 137/137/175 138/138/176
f 116/116/169 115/115/167 130/130/177 131/131/178
f 124/124/170 123/123/168 138/138/176 139/139/179
f 117/117/171 116/116/169 131/131/178 132/132/180
f 125/125/172 124/124/170 139/139/179 140/140/181
f 586/666/173 117/117/171 132/132/180 587/667/182
f 740/824/174 125/125/172 140/140/181 742/826/183
f 651/733/156 118/118/156 133/133/184 652/734/184
f 367/382/185 352/353/72 882/972/72 883/973/185
f 322/322/186 307/307/187 875/963/187 878/966/186
f 619/700/160 119/119/160 134/134/188 620/701/188
f 113/113/162 739/823/161 744/828/189 128/128/190
f 121/121/164 120/120/163 135/135/191 136/136/192
f 114/114/165 113/113/162 128/128/190 129/129/193
f 122/122/166 121/121/164 136/136/192 137/137/175
f 115/115/167 114/114/165 129/129/193 130/130/177
f 36/36/194 51/51/195 839/927/195 835/923/194
f 620/701/188 134/134/188 149/149/196 621/702/196
f 128/128/190 744/828/189 747/831/197 143/143/198
f 136/136/192 135/135/191 150/150/199 151/151/200
f 129/129/193 128/128/190 143/143/198 144/144/201
f 137/137/175 136/136/192 151/151/200 152/152/202
f 130/130/177 129/129/193 144/144/201 145/145/203
f 138/138/176 137/137/175 152/152/202 153/153/204
f 131/131/178 130/130/177 145/145/203 146/146/205
f 139/139/179 138/138/176 153/153/204 154/154/206
f 132/132/180 131/131/178 146/146/205 147/147/207
f 140/140/181 139/139/179 154/154/206 155/155/208
f 587/667/182 132/132/180 147/147/207 588/668/209
f 742/826/183 140/140/181 155/155/208 745/829/210
f 652/734/184 133/133/184 148/148/211 653/735/211
f 456/471/212 471/486/213 895/985/213 893/983/212
f 154/154/206 153/153/204 168/168/214 169/169/215
f 147/147/207 146/146/205 161/161/216 162/162/217
f 155/155/208 154/154/206 169/169/215 170/170/218
f 588/668/209 147/147/207 162/162/217 589/669/219
f 745/829/210 155/155/208 170/170/218 750/834/220
f 653/735/211 148/148/211 163/163/221 654/736/221
f 321/321/222 336/336/223 877/965/223 876/964/222
f 187/187/224 172/172/225 857/945/225 860/948/224
f 621/702/196 149/149/196 164/164/226 622/703/226
f 143/143/198 747/831/197 752/836/227 158/158/228
f 151/151/200 150/150/199 165/165/229 166/166/230
f 144/144/201 143/143/198 158/158/228 159/159/231
f 152/152/202 151/151/200 166/166/230 167/167/232
f 145/145/203 144/144/201 159/159/231 160/160/233
f 153/153/204 152/152/202 167/167/232 168/168/214
f 146/146/205 145/145/203 160/160/233 161/161/216
f 158/158/228 752/836/227 753/837/234 173/173/235
f 166/166/230 165/165/229 180/180/236 181/181/237
f 159/159/231 158/158/228 173/173/235 174/174/238
f 167/167/232 166/166/230 181/181/237 182/182/239
f 160/160/233 159/159/231 174/174/238 175/175/240
f 168/168/214 167/167/232 182/182/239 183/183/241
f 161/161/216 160/160/233 175/175/240 176/176/242
f 169/169/215 168/168/214 183/183/241 184/184/243
f 162/162/217 161/161/216 176/176/242 177/177/244
f 170/170/218 169/169/215 184/184/243 185/185/245
f 589/669/219 162/162/217 177/177/244 590/670/246
f 750/834/220 170/170/218 185/185/245 755/839/247
f 654/736/221 163/163/221 178/178/248 655/737/248
f 81/81/85 96/96/249 845/933/249 843/931/85
f 337/337/73 322/322/186 878/966/186 879/967/73
f 622/703/226 164/164/226 179/179/250 623/704/250
f 177/177/244 176/176/242 191/191/251 192/192/252
f 185/185/245 184/184/243 199/199/253 200/200/254
f 590/670/246 177/177/244 192/192/252 591/671/255
f 755/839/247 185/185/245 200/200/254 758/842/256
f 655/737/248 178/178/248 193/193/257 656/738/257
f 427/442/258 412/427/259 890/980/259 892/982/258
f 52/52/44 37/37/149 840/928/149 842/930/44
f 623/704/250 179/179/250 194/194/260 624/705/260
f 173/173/235 753/837/234 760/844/261 188/188/262
f 181/181/237 180/180/236 195/195/263 196/196/264
f 174/174/238 173/173/235 188/188/262 189/189/265
f 182/182/239 181/181/237 196/196/264 197/197/266
f 175/175/240 174/174/238 189/189/265 190/190/267
f 183/183/241 182/182/239 197/197/266 198/198/268
f 176/176/242 175/175/240 190/190/267 191/191/251
f 184/184/243 183/183/241 198/198/268 199/199/253
f 196/196/264 195/195/263 210/210/269 211/211/270
f 189/189/265 188/188/262 203/203/271 204/204/272
f 197/197/266 196/196/264 211/211/270 212/212/273
f 190/190/267 189/189/265 204/204/272 205/205/274
f 198/198/268 197/197/266 212/212/273 213/213/275
f 191/191/251 190/190/267 205/205/274 206/206/276
f 199/199/253 198/198/268 213/213/275 214/214/277
f 192/192/252 191/191/251 206/206/276 207/207/278
f 200/200/254 199/199/253 214/214/277 215/215/279
f 591/671/255 192/192/252 207/207/278 592/672/280
f 758/842/256 200/200/254 215/215/279 762/846/281
f 656/738/257 193/193/257 208/208/282 657/739/282
f 186/186/148 201/201/9 859/947/9 858/946/148
f 292/292/283 277/277/284 872/960/284 874/962/283
f 624/705/260 194/194/260 209/209/285 625/706/285
f 188/188/262 760/844/261 764/848/286 203/203/271
f 215/215/279 214/214/277 229/229/287 230/230/288
f 592/672/280 207/207/278 222/222/289 593/673/290
f 762/846/281 215/215/279 230/230/288 766/850/291
f 657/739/282 208/208/282 223/223/292 658/740/292
f 426/441/293 441/456/294 891/981/294 889/979/293
f 291/291/295 306/306/296 873/961/296 871/959/295
f 625/706/285 209/209/285 224/224/297 626/707/297
f 203/203/271 764/848/286 768/852/298 218/218/299
f 211/211/270 210/210/269 225/225/300 226/226/301
f 204/204/272 203/203/271 218/218/299 219/219/302
f 212/212/273 211/211/270 226/226/301 227/227/303
f 205/205/274 204/204/272 219/219/302 220/220/304
f 213/213/275 212/212/273 227/227/303 228/228/305
f 206/206/276 205/205/274 220/220/304 221/221/306
f 214/214/277 213/213/275 228/228/305 229/229/287
f 207/207/278 206/206/276 221/221/306 222/222/289
f 219/219/302 218/218/299 233/233/307 234/234/308
f 227/227/303 226/226/301 241/241/309 242/242/310
f 220/220/304 219/219/302 234/234/308 235/235/311
f 228/228/305 227/227/303 242/242/310 243/243/312
f 221/221/306 220/220/304 235/235/311 236/236/313
f 229/229/287 228/228/305 243/243/312 244/244/314
f 222/222/289 221/221/306 236/236/313 237/237/315
f 230/230/288 229/229/287 244/244/314 245/245/316
f 593/673/290 222/222/289 237/237/315 594/674/317
f 766/850/291 230/230/288 245/245/316 770/854/318
f 658/740/292 223/223/292 238/238/319 659/741/319
f 157/157/320 142/142/321 854/942/321 856/944/320
f 51/51/195 66/66/84 841/929/84 839/927/195
f 626/707/297 224/224/297 239/239/322 627/708/322
f 218/218/299 768/852/298 772/856/323 233/233/307
f 226/226/301 225/225/300 240/240/324 241/241/309
f 594/674/317 237/237/315 252/252/325 595/675/326
f 770/854/318 245/245/316 260/260/327 774/858/328
f 659/741/319 238/238/319 253/253/329 660/742/329
f 397/412/330 382/397/331 886/976/331 888/978/330
f 156/156/332 171/171/147 855/943/147 853/941/332
f 627/708/322 239/239/322 254/254/333 628/709/333
f 233/233/307 772/856/323 776/860/334 248/248/335
f 241/241/309 240/240/324 255/255/336 256/256/337
f 234/234/308 233/233/307 248/248/335 249/249/338
f 242/242/310 241/241/309 256/256/337 257/257/339
f 235/235/311 234/234/308 249/249/338 250/250/340
f 243/243/312 242/242/310 257/257/339 258/258/341
f 236/236/313 235/235/311 250/250/340 251/251/342
f 244/244/314 243/243/312 258/258/341 259/259/343
f 237/237/315 236/236/313 251/251/342 252/252/325
f 245/245/316 244/244/314 259/259/343 260/260/327
f 257/257/339 256/256/337 271/271/344 272/272/345
f 250/250/340 249/249/338 264/264/346 265/265/347
f 258/258/341 257/257/339 272/272/345 273/273/348
f 251/251/342 250/250/340 265/265/347 266/266/349
f 259/259/343 258/258/341 273/273/348 274/274/350
f 252/252/325 251/251/342 266/266/349 267/267/351
f 260/260/327 259/259/343 274/274/350 275/275/352
f 595/675/326 252/252/325 267/267/351 596/676/353
f 774/858/328 260/260/327 275/275/352 778/862/354
f 660/742/329 253/253/329 268/268/355 661/743/355
f 22/22/150 7/7/45 838/926/45 837/925/150
f 442/457/158 427/442/258 892/982/258 894/984/158
f 628/709/333 254/254/333 269/269/356 629/710/356
f 248/248/335 776/860/334 780/864/357 263/263/358
f 256/256/337 255/255/336 270/270/359 271/271/344
f 249/249/338 248/248/335 263/263/358 264/264/346
f 778/862/354 275/275/352 290/290/360 781/865/361
f 661/743/355 268/268/355 283/283/362 662/744/362
f 262/262/363 247/247/364 868/956/364 870/958/363
f 396/411/365 411/426/366 887/977/366 885/975/365
f 629/710/356 269/269/356 284/284/367 630/711/367
f 263/263/358 780/864/357 784/868/368 278/278/369
f 271/271/344 270/270/359 285/285/370 286/286/371
f 264/264/346 263/263/358 278/278/369 279/279/372
f 272/272/345 271/271/344 286/286/371 287/287/373
f 265/265/347 264/264/346 279/279/372 280/280/374
f 273/273/348 272/272/345 287/287/373 288/288/375
f 266/266/349 265/265/347 280/280/374 281/281/376
f 274/274/350 273/273/348 288/288/375 289/289/377
f 267/267/351 266/266/349 281/281/376 282/282/378
f 275/275/352 274/274/350 289/289/377 290/290/360
f 596/676/353 267/267/351 282/282/378 597/677/379
f 288/288/375 287/287/373 302/302/380 303/303/381
f 281/281/376 280/280/374 295/295/382 296/296/383
f 289/289/377 288/288/375 303/303/381 304/304/384
f 282/282/378 281/281/376 296/296/383 297/297/385
f 290/290/360 289/289/377 304/304/384 305/305/386
f 597/677/379 282/282/378 297/297/385 598/678/387
f 781/865/361 290/290/360 305/305/386 786/870/388
f 662/744/362 283/283/362 298/298/389 663/745/389
f 127/127/390 112/112/70 849/937/70 852/940/390
f 21/21/110 36/36/194 835/923/194 836/924/110
f 630/711/367 284/284/367 299/299/391 631/712/391
f 278/278/369 784/868/368 788/872/392 293/293/393
f 286/286/371 285/285/370 300/300/394 301/301/395
f 279/279/372 278/278/369 293/293/393 294/294/396
f 287/287/373 286/286/371 301/301/395 302/302/380
f 280/280/374 279/279/372 294/294/396 295/295/382
f 172/172/225 157/157/320 856/944/320 857/945/225
f 306/306/296 321/321/222 876/964/222 873/961/296
f 631/712/391 299/299/391 314/314/397 632/713/397
f 293/293/393 788/872/392 789/873/398 308/308/399
f 301/301/395 300/300/394 315/315/400 316/316/401
f 294/294/396 293/293/393 308/308/399 309/309/402
f 302/302/380 301/301/395 316/316/401 317/317/403
f 295/295/382 294/294/396 309/309/402 310/310/404
f 303/303/381 302/302/380 317/317/403 318/318/405
f 296/296/383 295/295/382 310/310/404 311/311/406
f 304/304/384 303/303/381 318/318/405 319/319/407
f 297/297/385 296/296/383 311/311/406 312/312/408
f 305/305/386 304/304/384 319/319/407 320/320/409
f 598/678/387 297/297/385 312/312/408 599/679/410
f 786/870/388 305/305/386 320/320/409 790/874/411
f 663/745/389 298/298/389 313/313/412 664/746/412
f 311/311/406 310/310/404 325/325/413 326/326/414
f 319/319/407 318/318/405 333/333/415 334/334/416
f 312/312/408 311/311/406 326/326/414 327/327/417
f 320/320/409 319/319/407 334/334/416 335/335/418
f 599/679/410 312/312/408 327/327/417 600/680/419
f 790/874/411 320/320/409 335/335/418 794/878/420
f 664/746/412 313/313/412 328/328/421 665/747/421
f 261/261/83 276/276/422 869/957/422 867/955/83
f 307/307/187 292/292/283 874/962/283 875/963/187
f 632/713/397 314/314/397 329/329/423 633/714/423
f 308/308/399 789/873/398 796/880/424 323/323/425
f 316/316/401 315/315/400 330/330/426 331/331/427
f 309/309/402 308/308/399 323/323/425 324/324/428
f 317/317/403 316/316/401 331/331/427 332/332/429
f 310/310/404 309/309/402 324/324/428 325/325/413
f 318/318/405 317/317/403 332/332/429 333/333/415
f 633/714/423 329/329/423 344/344/430 634/715/430
f 323/323/425 796/880/424 798/882/431 338/338/432
f 331/331/427 330/330/426 345/345/433 346/346/434
f 324/324/428 323/323/425 338/338/432 339/339/435
f 332/332/429 331/331/427 346/346/434 347/347/436
f 325/325/413 324/324/428 339/339/435 340/340/437
f 333/333/415 332/332/429 347/347/436 348/348/438
f 326/326/414 325/325/413 340/340/437 341/341/439
f 334/334/416 333/333/415 348/348/438 349/349/440
f 327/327/417 326/326/414 341/341/439 342/342/441
f 335/335/418 334/334/416 349/349/440 350/350/442
f 600/680/419 327/327/417 342/342/441 601/681/443
f 794/878/420 335/335/418 350/350/442 800/884/444
f 665/747/421 328/328/421 343/343/445 666/748/445
f 126/126/8 141/141/446 851/939/446 850/938/8
f 412/427/259 397/412/330 888/978/330 890/980/259
f 349/349/440 348/348/438 363/374/447 364/376/448
f 342/342/441 341/341/439 356/360/449 357/362/450
f 350/350/442 349/349/440 364/376/448 365/378/451
f 601/681/443 342/342/441 357/362/450 602/683/452
f 800/884/444 350/350/442 365/378/451 802/887/453
f 666/748/445 343/343/445 358/364/454 667/749/454
f 441/456/294 456/471/212 893/983/212 891/981/294
f 142/142/321 127/127/390 852/940/390 854/942/321
f 634/715/430 344/344/430 359/366/455 635/717/455
f 338/338/432 798/882/431 804/891/456 353/354/457
f 346/346/434 345/345/433 360/369/458 361/370/459
f 339/339/435 338/338/432 353/354/457 354/356/460
f 347/347/436 346/346/434 361/370/459 362/372/461
f 340/340/437 339/339/435 354/356/460 355/358/462
f 348/348/438 347/347/436 362/372/461 363/374/447
f 341/341/439 340/340/437 355/358/462 356/360/449
f 353/355/457 804/892/456 805/893/463 368/383/464
f 361/371/459 360/368/458 375/390/465 376/391/466
f 354/357/460 353/355/457 368/383/464 369/384/467
f 362/373/461 361/371/459 376/391/466 377/392/468
f 355/359/462 354/357/460 369/384/467 370/385/469
f 363/375/447 362/373/461 377/392/468 378/393/470
f 356/361/449 355/359/462 370/385/469 371/386/471
f 364/377/448 363/375/447 378/393/470 379/394/472
f 357/363/450 356/361/449 371/386/471 372/387/473
f 365/379/451 364/377/448 379/394/472 380/395/474
f 602/682/452 357/363/450 372/387/473 603/684/475
f 802/888/453 365/379/451 380/395/474 807/895/476
f 667/750/454 358/365/454 373/388/477 668/751/477
f 366/381/121 381/396/478 884/974/478 881/970/121
f 232/232/479 217/217/111 864/952/111 866/954/479
f 635/716/455 359/367/455 374/389/480 636/718/480
f 372/387/473 371/386/471 386/401/481 387/402/482
f 380/395/474 379/394/472 394/409/483 395/410/484
f 603/684/475 372/387/473 387/402/482 604/685/485
f 807/895/476 380/395/474 395/410/484 810/898/486
f 668/751/477 373/388/477 388/403/487 669/752/487
f 277/277/284 262/262/363 870/958/363 872/960/284
f 411/426/366 426/441/293 889/979/293 887/977/366
f 636/718/480 374/389/480 389/404/488 637/719/488
f 368/383/464 805/893/463 812/900/489 383/398/490
f 376/391/466 375/390/465 390/405/491 391/406/492
f 369/384/467 368/383/464 383/398/490 384/399/493
f 377/392/468 376/391/466 391/406/492 392/407/494
f 370/385/469 369/384/467 384/399/493 385/400/495
f 378/393/470 377/392/468 392/407/494 393/408/496
f 371/386/471 370/385/469 385/400/495 386/401/481
f 379/394/472 378/393/470 393/408/496 394/409/483
f 391/406/492 390/405/491 405/420/497 406/421/498
f 384/399/493 383/398/490 398/413/499 399/414/500
f 392/407/494 391/406/492 406/421/498 407/422/501
f 385/400/495 384/399/493 399/414/500 400/415/502
f 393/408/496 392/407/494 407/422/501 408/423/503
f 386/401/481 385/400/495 400/415/502 401/416/504
f 394/409/483 393/408/496 408/423/503 409/424/505
f 387/402/482 386/401/481 401/416/504 402/417/506
f 395/410/484 394/409/483 409/424/505 410/425/507
f 604/685/485 387/402/482 402/417/506 605/686/508
f 810/898/486 395/410/484 410/425/507 814/902/509
f 669/752/487 388/403/487 403/418/510 670/753/510
f 97/97/71 82/82/122 846/934/122 848/936/71
f 231/231/159 246/246/82 865/953/82 863/951/159
f 637/719/488 389/404/488 404/419/511 638/720/511
f 383/398/490 812/900/489 816/904/512 398/413/499
f 410/425/507 409/424/505 424/439/513 425/440/514
f 605/686/508 402/417/506 417/432/515 606/687/516
f 814/902/509 410/425/507 425/440/514 818/906/517
f 670/753/510 403/418/510 418/433/518 671/754/518
f 471/486/213 480/495/109 898/988/109 895/985/213
f 96/96/249 111/111/7 847/935/7 845/933/249
f 638/720/511 404/419/511 419/434/519 639/721/519
f 398/413/499 816/904/512 820/908/520 413/428/521
f 406/421/498 405/420/497 420/435/522 421/436/523
f 399/414/500 398/413/499 413/428/521 414/429/524
f 407/422/501 406/421/498 421/436/523 422/437/525
f 400/415/502 399/414/500 414/429/524 415/430/526
f 408/423/503 407/422/501 422/437/525 423/438/527
f 401/416/504 400/415/502 415/430/526 416/431/528
f 409/424/505 408/423/503 423/438/527 424/439/513
f 402/417/506 401/416/504 416/431/528 417/432/515
f 422/437/525 421/436/523 436/451/529 437/452/530
f 415/430/526 414/429/524 429/444/531 430/445/532
f 423/438/527 422/437/525 437/452/530 438/453/533
f 416/431/528 415/430/526 430/445/532 431/446/534
f 424/439/513 423/438/527 438/453/533 439/454/535
f 417/432/515 416/431/528 431/446/534 432/447/536
f 425/440/514 424/439/513 439/454/535 440/455/537
f 606/687/516 417/432/515 432/447/536 607/688/538
f 818/906/517 425/440/514 440/455/537 822/910/539
f 671/754/518 418/433/518 433/448/540 672/755/540
f 382/397/331 367/382/185 883/973/185 886/976/331
f 472/487/46 457/472/157 896/986/157 897/987/46
f 639/721/519 419/434/519 434/449/541 640/722/541
f 413/428/521 820/908/520 824/912/542 428/443/543
f 421/436/523 420/435/522 435/450/544 436/451/529
f 414/429/524 413/428/521 428/443/543 429/444/531
f 822/910/539 440/455/537 455/470/545 825/913/546
f 672/755/540 433/448/540 448/463/547 673/756/547
f 141/141/446 156/156/332 853/941/332 851/939/446
f 336/336/223 351/351/120 880/968/120 877/965/223
f 640/722/541 434/449/541 449/464/548 641/723/548
f 428/443/543 824/912/542 828/916/549 443/458/550
f 436/451/529 435/450/544 450/465/551 451/466/552
f 429/444/531 428/443/543 443/458/550 444/459/553
f 437/452/530 436/451/529 451/466/552 452/467/554
f 430/445/532 429/444/531 444/459/553 445/460/555
f 438/453/533 437/452/530 452/467/554 453/468/556
f 431/446/534 430/445/532 445/460/555 446/461/557
f 439/454/535 438/453/533 453/468/556 454/469/558
f 432/447/536 431/446/534 446/461/557 447/462/559
f 440/455/537 439/454/535 454/469/558 455/470/545
f 607/688/538 432/447/536 447/462/559 608/689/560
f 445/460/555 444/459/553 459/474/561 460/475/562
f 453/468/556 452/467/554 467/482/563 468/483/564
f 446/461/557 445/460/555 460/475/562 461/476/565
f 454/469/558 453/468/556 468/483/564 469/484/566
f 447/462/559 446/461/557 461/476/565 462/477/567
f 455/470/545 454/469/558 469/484/566 470/485/568
f 608/689/560 447/462/559 462/477/567 609/690/569
f 825/913/546 455/470/545 470/485/568 830/918/570
f 673/756/547 448/463/547 463/478/571 674/757/571
f 276/276/422 291/291/295 871/959/295 869/957/422
f 202/202/112 187/187/224 860/948/224 862/950/112
f 641/723/548 449/464/548 464/479/572 642/724/572
f 443/458/550 828/916/549 832/920/573 458/473/574
f 451/466/552 450/465/551 465/480/575 466/481/576
f 444/459/553 443/458/550 458/473/574 459/474/561
f 452/467/554 451/466/552 466/481/576 467/482/563
f 674/757/571 463/478/571 709/793/5 643/725/5
f 247/247/364 232/232/479 866/954/479 868/956/364
f 381/396/478 396/411/365 885/975/365 884/974/478
f 642/724/572 464/479/572 4/4/11 611/692/11
f 458/473/574 832/920/573 833/921/14 473/488/13
f 466/481/576 465/480/575 5/5/18 476/491/17
f 459/474/561 458/473/574 473/488/13 1/1/21
f 467/482/563 466/481/576 476/491/17 6/6/23
f 460/475/562 459/474/561 1/1/21 474/489/25
f 468/483/564 467/482/563 6/6/23 477/492/27
f 461/476/565 460/475/562 474/489/25 2/2/29
f 469/484/566 468/483/564 477/492/27 478/493/31
f 462/477/567 461/476/565 2/2/29 475/490/33
f 470/485/568 469/484/566 478/493/31 479/494/2
f 609/690/569 462/477/567 475/490/33 610/691/35
f 830/918/570 470/485/568 479/494/2 834/922/1
f 545/624/577 491/506/578 484/499/579
f 521/567/580 546/625/581 482/497/582
f 484/499/579 491/507/578 483/498/583
f 521/568/580 482/497/582 481/496/584
f 483/498/583 491/508/578 486/501/585
f 521/569/580 481/496/584 485/500/586
f 486/501/585 491/509/578 488/503/587
f 521/570/580 485/500/586 487/502/588
f 488/503/587 491/510/578 490/505/589
f 521/571/580 487/502/588 489/504/590
f 490/505/589 491/511/578 492/538/591
f 521/572/580 489/504/590 493/539/592
f 492/538/591 491/512/578 495/541/593
f 521/573/580 493/539/592 494/540/594
f 495/541/593 491/513/578 496/542/595
f 521/574/580 494/540/594 497/543/596
f 496/542/595 491/514/578 499/545/597
f 521/575/580 497/543/596 498/544/598
f 521/576/580 498/544/598 500/546/599
f 499/545/597 491/515/578 501/547/600
f 501/547/600 491/516/578 503/549/601
f 521/577/580 500/546/599 502/548/602
f 503/549/601 491/517/578 504/550/603
f 521/578/580 502/548/602 505/551/604
f 504/550/603 491/518/578 507/553/605
f 521/579/580 505/551/604 506/552/606
f 507/553/605 491/519/578 509/555/607
f 521/580/580 506/552/606 508/554/608
f 509/555/607 491/520/578 511/557/609
f 521/581/580 508/554/608 510/556/610
f 511/557/609 491/521/578 513/559/611
f 521/582/580 510/556/610 512/558/612
f 513/559/611 491/522/578 515/561/613
f 521/583/580 512/558/612 514/560/614
f 515/561/613 491/523/578 517/563/615
f 521/584/580 514/560/614 516/562/616
f 517/563/615 491/524/578 519/565/617
f 521/585/580 516/562/616 518/564/618
f 519/565/617 491/525/578 522/599/619
f 521/586/580 518/564/618 520/566/620
f 522/599/619 491/526/578 523/600/621
f 521/587/580 520/566/620 524/601/622
f 523/600/621 491/527/578 526/603/623
f 521/588/580 524/601/622 525/602/624
f 526/603/623 491/528/578 527/604/625
f 521/589/580 525/602/624 528/605/626
f 527/604/625 491/529/578 530/608/627
f 521/590/580 528/605/626 529/606/628
f 530/609/627 491/530/578 531/610/629
f 521/591/580 529/607/628 532/611/630
f 531/610/629 491/531/578 534/613/631
f 521/592/580 532/611/630 533/612/632
f 534/613/631 491/532/578 536/615/633
f 521/593/580 533/612/632 535/614/634
f 536/615/633 491/533/578 538/617/635
f 521/594/580 535/614/634 537/616/636
f 538/617/635 491/534/578 540/619/637
f 521/595/580 537/616/636 539/618/638
f 540/619/637 491/535/578 542/621/639
f 521/596/580 539/618/638 541/620/640
f 542/621/639 491/536/578 544/623/641
f 521/597/580 541/620/640 543/622/642
f 544/623/641 491/537/578 545/624/577
f 521/598/580 543/622/642 546/625/581
f 706/790/643 578/658/643 547/626/644 675/758/644
f 705/789/645 577/657/645 578/658/643 706/790/643
f 704/788/646 576/656/646 577/657/645 705/789/645
f 703/787/647 575/655/647 576/656/646 704/788/646
f 702/786/648 574/654/648 575/655/647 703/787/647
f 701/785/649 573/653/649 574/654/648 702/786/648
f 700/784/650 572/652/650 573/653/649 701/785/649
f 699/782/651 571/650/651 572/652/650 700/784/650
f 698/781/652 570/649/652 571/651/651 699/783/651
f 697/780/653 569/648/653 570/649/652 698/781/652
f 696/779/654 568/647/654 569/648/653 697/780/653
f 695/778/655 567/646/655 568/647/654 696/779/654
f 694/777/656 566/645/656 567/646/655 695/778/655
f 693/776/657 565/644/657 566/645/656 694/777/656
f 692/775/658 564/643/658 565/644/657 693/776/657
f 691/774/659 563/642/659 564/643/658 692/775/658
f 690/773/660 562/641/660 563/642/659 691/774/659
f 689/772/661 561/640/661 562/641/660 690/773/660
f 688/771/662 560/639/662 561/640/661 689/772/661
f 687/770/663 559/638/663 560/639/662 688/771/662
f 686/769/664 558/637/664 559/638/663 687/770/663
f 685/768/665 557/636/665 558/637/664 686/769/664
f 684/767/666 556/635/666 557/636/665 685/768/665
f 683/766/667 555/634/667 556/635/666 684/767/666
f 682/765/668 554/633/668 555/634/667 683/766/667
f 681/764/669 553/632/669 554/633/668 682/765/668
f 680/763/670 552/631/670 553/632/669 681/764/669
f 679/762/671 551/630/671 552/631/670 680/763/670
f 678/761/672 550/629/672 551/630/671 679/762/671
f 677/760/673 549/628/673 550/629/672 678/761/672
f 676/759/674 548/627/674 549/628/673 677/760/673
f 675/758/644 547/626/644 548/627/674 676/759/674
f 829/917/569 609/690/569 610/691/35 3/3/35
f 827/915/560 608/689/560 609/690/569 829/917/569
f 821/909/538 607/688/538 608/689/560 827/915/560
f 817/905/516 606/687/516 607/688/538 821/909/538
f 813/901/508 605/686/508 606/687/516 817/905/516
f 809/897/485 604/685/485 605/686/508 813/901/508
f 806/894/475 603/684/475 604/685/485 809/897/485
f 801/885/452 602/682/452 603/684/475 806/894/475
f 799/883/443 601/681/443 602/683/452 801/886/452
f 793/877/419 600/680/419 601/681/443 799/883/443
f 792/876/410 599/679/410 600/680/419 793/877/419
f 785/869/387 598/678/387 599/679/410 792/876/410
f 783/867/379 597/677/379 598/678/387 785/869/387
f 777/861/353 596/676/353 597/677/379 783/867/379
f 773/857/326 595/675/326 596/676/353 777/861/353
f 769/853/317 594/674/317 595/675/326 773/857/326
f 765/849/290 593/673/290 594/674/317 769/853/317
f 761/845/280 592/672/280 593/673/290 765/849/290
f 757/841/255 591/671/255 592/672/280 761/845/280
f 754/838/246 590/670/246 591/671/255 757/841/255
f 749/833/219 589/669/219 590/670/246 754/838/246
f 748/832/209 588/668/209 589/669/219 749/833/219
f 741/825/182 587/667/182 588/668/209 748/832/209
f 738/822/173 586/666/173 587/667/182 741/825/182
f 733/817/144 585/665/144 586/666/173 738/822/173
f 731/815/135 584/664/135 585/665/144 733/817/144
f 725/809/106 583/663/106 584/664/135 731/815/135
f 721/805/78 582/662/78 583/663/106 725/809/106
f 717/801/67 581/661/67 582/662/78 721/805/78
f 711/795/40 580/660/40 581/661/67 717/801/67
f 710/794/36 579/659/36 580/660/40 711/795/40
f 3/3/35 610/691/35 579/659/36 710/794/36
f 465/480/575 642/724/572 611/692/11 5/5/18
f 450/465/551 641/723/548 642/724/572 465/480/575
f 435/450/544 640/722/541 641/723/548 450/465/551
f 420/435/522 639/721/519 640/722/541 435/450/544
f 405/420/497 638/720/511 639/721/519 420/435/522
f 390/405/491 637/719/488 638/720/511 405/420/497
f 375/390/465 636/718/480 637/719/488 390/405/491
f 360/368/458 635/716/455 636/718/480 375/390/465
f 345/345/433 634/715/430 635/717/455 360/369/458
f 330/330/426 633/714/423 634/715/430 345/345/433
f 315/315/400 632/713/397 633/714/423 330/330/426
f 300/300/394 631/712/391 632/713/397 315/315/400
f 285/285/370 630/711/367 631/712/391 300/300/394
f 270/270/359 629/710/356 630/711/367 285/285/370
f 255/255/336 628/709/333 629/710/356 270/270/359
f 240/240/324 627/708/322 628/709/333 255/255/336
f 225/225/300 626/707/297 627/708/322 240/240/324
f 210/210/269 625/706/285 626/707/297 225/225/300
f 195/195/263 624/705/260 625/706/285 210/210/269
f 180/180/236 623/704/250 624/705/260 195/195/263
f 165/165/229 622/703/226 623/704/250 180/180/236
f 150/150/199 621/702/196 622/703/226 165/165/229
f 135/135/191 620/701/188 621/702/196 150/150/199
f 120/120/163 619/700/160 620/701/188 135/135/191
f 105/105/154 618/699/151 619/700/160 120/120/163
f 90/90/126 617/698/123 618/699/151 105/105/154
f 75/75/116 616/697/113 617/698/123 90/90/126
f 60/60/89 615/696/86 616/697/113 75/75/116
f 45/45/76 614/695/74 615/696/86 60/60/89
f 30/30/50 613/694/47 614/695/74 45/45/76
f 15/15/19 612/693/12 613/694/47 30/30/50
f 5/5/18 611/692/11 612/693/12 15/15/19
f 578/658/643 899/989/643 900/990/644 547/626/644
f 577/657/645 901/991/645 899/989/643 578/658/643
f 576/656/646 902/992/646 901/991/645 577/657/645
f 575/655/647 903/993/647 902/992/646 576/656/646
f 574/654/648 904/994/648 903/993/647 575/655/647
f 573/653/649 905/995/649 904/994/648 574/654/648
f 572/652/650 906/996/650 905/995/649 573/653/649
f 571/650/651 907/997/651 906/996/650 572/652/650
f 570/649/652 908/999/652 907/998/651 571/651/651
f 569/648/653 909/1000/653 908/999/652 570/649/652
f 568/647/654 910/1001/654 909/1000/653 569/648/653
f 567/646/655 911/1002/655 910/1001/654 568/647/654
f 566/645/656 912/1003/656 911/1002/655 567/646/655
f 565/644/657 913/1004/657 912/1003/656 566/645/656
f 564/643/658 914/1005/658 913/1004/657 565/644/657
f 563/642/659 915/1006/659 914/1005/658 564/643/658
f 562/641/660 916/1007/660 915/1006/659 563/642/659
f 561/640/661 917/1008/661 916/1007/660 562/641/660
f 560/639/662 918/1009/662 917/1008/661 561/640/661
f 559/638/663 919/1010/663 918/1009/662 560/639/662
f 558/637/664 920/1011/664 919/1010/663 559/638/663
f 557/636/665 921/1012/665 920/1011/664 558/637/664
f 556/635/666 922/1013/666 921/1012/665 557/636/665
f 555/634/667 923/1014/667 922/1013/666 556/635/666
f 554/633/668 924/1015/668 923/1014/667 555/634/667
f 553/632/669 925/1016/669 924/1015/668 554/633/668
f 552/631/670 926/1017/670 925/1016/669 553/632/669
f 551/630/671 927/1018/671 926/1017/670 552/631/670
f 550/629/672 928/1019/672 927/1018/671 551/630/671
f 549/628/673 929/1020/673 928/1019/672 550/629/672
f 548/627/674 930/1021/674 929/1020/673 549/628/673
f 547/626/644 900/990/644 930/1021/674 548/627/674
f 708/792/675 931/1022/675 932/1023/676 707/791/676
f 707/791/676 932/1023/676 933/1024/677 714/798/677
f 714/798/677 933/1024/677 934/1025/678 719/803/678
f 719/803/678 934/1025/678 935/1026/679 723/807/679
f 723/807/679 935/1026/679 936/1027/680 727/811/680
f 727/811/680 936/1027/680 937/1028/681 730/814/681
f 730/814/681 937/1028/681 938/1029/682 735/819/682
f 735/819/682 938/1029/682 939/1030/683 737/821/683
f 737/821/683 939/1030/683 940/1031/684 743/827/684
f 743/827/684 940/1031/684 941/1032/685 746/830/685
f 746/830/685 941/1032/685 942/1033/686 751/835/686
f 751/835/686 942/1033/686 943/1034/687 756/840/687
f 756/840/687 943/1034/687 944/1035/688 759/843/688
f 759/843/688 944/1035/688 945/1036/689 763/847/689
f 763/847/689 945/1036/689 946/1037/690 767/851/690
f 767/851/690 946/1037/690 947/1038/691 771/855/691
f 771/855/691 947/1038/691 948/1039/692 775/859/692
f 775/859/692 948/1039/692 949/1040/693 779/863/693
f 779/863/693 949/1040/693 950/1041/694 782/866/694
f 782/866/694 950/1041/694 951/1042/695 787/871/695
f 787/871/695 951/1042/695 952/1043/696 791/875/696
f 791/875/696 952/1043/696 953/1044/697 795/879/697
f 795/879/697 953/1044/697 954/1045/698 797/881/698
f 797/881/698 954/1045/698 955/1046/699 803/889/699
f 803/890/699 955/1047/699 956/1048/700 808/896/700
f 808/896/700 956/1048/700 957/1049/701 811/899/701
f 811/899/701 957/1049/701 958/1050/702 815/903/702
f 815/903/702 958/1050/702 959/1051/703 819/907/703
f 819/907/703 959/1051/703 960/1052/704 823/911/704
f 823/911/704 960/1052/704 961/1053/705 826/914/705
f 826/914/705 961/1053/705 962/1054/706 831/919/706
f 831/919/706 962/1054/706 931/1022/675 708/792/675
